fund_category_encoded,horizon_years,risk_score,market_condition,expense_ratio,aum_category,sip_amount,age,pessimistic_return,base_return,optimistic_return
6,20,9.6,2,1.97,0,6765,36,11.01,16.57,23.43
5,6,1.0,0,1.58,1,29193,61,5.54,17.45,25.29
5,19,4.4,0,0.21,2,42106,38,7.74,16.99,34.72
3,29,8.5,2,2.28,1,4443,21,9.57,15.73,22.59
7,15,1.8,2,1.35,1,24776,33,13.55,23.26,31.3
4,1,1.1,0,1.95,2,5758,34,9.11,14.6,19.71
3,7,8.7,1,0.33,2,35722,41,8.31,13.98,16.99
5,7,1.4,2,1.13,1,23919,30,14.04,29.72,34.22
4,23,6.4,2,1.91,0,16698,39,16.06,20.11,25.24
5,11,3.9,2,2.25,2,24276,18,11.76,20.8,37.82
4,1,2.1,2,0.5,0,47076,29,15.3,22.45,24.07
1,21,5.4,1,0.68,2,33470,34,6.88,9.16,13.05
7,16,8.5,2,0.55,0,26870,37,10.51,21.67,36.88
7,1,7.1,0,0.37,2,22418,47,5.05,13.11,22.67
0,2,10.0,1,2.25,0,30355,26,4.14,6.23,7.27
7,30,9.5,0,0.11,1,12469,52,7.0,14.02,28.42
3,24,6.8,2,1.83,0,5055,39,11.52,14.56,22.18
5,1,6.2,0,0.57,0,9507,36,9.63,19.87,22.15
5,21,9.0,0,2.39,0,31716,63,8.91,20.1,32.78
7,18,6.0,2,2.13,2,35163,63,10.32,22.37,33.85
1,26,7.7,0,0.43,1,40611,56,3.05,7.74,8.91
7,14,8.2,2,0.91,1,13621,49,12.48,17.53,34.26
1,26,1.3,1,2.07,1,15838,54,5.16,8.38,9.95
6,3,6.7,0,2.43,1,18577,36,7.56,8.93,14.36
1,26,2.4,1,0.68,1,20556,57,6.54,10.1,10.85
5,25,4.1,0,0.33,1,30945,22,8.99,15.6,28.76
5,5,4.6,1,2.38,1,40658,27,11.53,21.0,32.89
0,28,6.3,2,2.02,1,12438,50,6.66,9.77,11.88
1,11,2.8,0,0.62,1,12661,52,2.27,6.3,7.76
1,21,4.1,2,2.21,0,24048,53,6.82,10.74,13.69
1,17,8.0,2,2.33,0,45311,30,8.08,11.77,11.9
2,17,1.5,0,2.27,0,35770,45,6.98,11.37,16.26
2,12,4.0,2,0.61,0,1667,56,11.36,19.03,19.86
1,15,2.3,1,2.11,0,12016,55,5.49,8.48,10.08
4,29,1.8,2,1.5,0,26932,39,16.38,25.35,27.77
1,19,2.0,2,0.71,1,9935,37,9.4,11.41,15.39
5,25,4.4,0,0.3,0,38297,23,10.37,22.73,30.81
0,18,2.5,0,1.77,2,42856,20,0.87,4.14,4.88
7,26,2.7,1,1.03,1,33807,45,10.31,16.95,28.09
2,29,9.5,2,1.84,2,10636,19,10.45,17.36,21.33
5,1,5.3,2,0.46,0,24333,42,15.22,25.21,35.69
5,28,8.3,2,1.9,2,24074,54,14.09,25.33,33.65
0,19,3.5,1,2.21,1,36687,48,4.17,7.95,9.11
4,30,8.9,0,1.52,2,20258,40,9.34,14.77,23.81
3,2,4.2,1,1.63,2,23886,51,9.51,10.75,14.04
7,5,9.8,0,0.93,1,37086,60,4.43,12.25,20.76
7,4,4.1,2,2.2,2,4688,49,9.92,17.14,23.78
1,14,4.3,1,0.89,2,24124,43,6.28,9.07,10.55
0,8,7.7,0,2.47,2,17522,39,0.61,2.82,4.46
2,15,1.3,1,1.17,2,35174,32,10.45,16.65,18.25
5,26,5.8,0,2.24,0,43063,27,10.63,19.43,23.34
2,10,3.6,1,2.26,1,10667,62,10.45,13.86,14.08
7,4,8.7,1,0.78,2,20619,26,7.52,18.59,28.44
0,30,2.5,2,2.07,1,1346,28,7.21,9.0,11.18
2,20,5.6,0,1.37,0,39501,31,8.47,10.8,14.36
1,5,1.6,1,0.87,1,34887,18,5.94,7.93,8.2
2,30,2.0,0,2.09,1,2408,28,7.62,10.33,13.12
0,5,2.8,1,2.08,0,19782,31,4.58,5.96,6.67
6,8,4.4,2,1.6,0,22026,32,12.74,16.11,20.31
5,6,4.0,2,0.9,2,6288,50,14.01,26.63,34.84
4,27,7.7,1,0.59,1,32765,22,13.45,17.32,28.77
6,4,7.5,1,0.13,2,40166,53,10.83,12.53,20.83
6,26,9.5,1,1.51,1,44741,42,9.37,16.21,21.18
2,29,1.9,0,2.32,2,35060,63,5.88,9.26,14.2
5,23,3.0,2,1.06,0,10024,26,13.39,26.21,33.23
2,17,6.3,2,1.19,2,46219,42,11.62,18.19,20.65
5,26,1.1,0,1.34,0,46663,58,7.24,19.05,24.01
6,19,2.9,2,0.94,1,28452,62,13.73,20.52,22.18
1,2,5.8,0,1.06,1,26022,21,1.98,3.97,5.84
6,23,2.4,1,2.18,0,45868,20,10.57,15.59,17.46
2,19,6.9,2,1.83,2,35411,41,14.01,16.68,20.78
7,18,1.1,2,1.87,0,20579,36,11.28,20.4,36.76
1,2,4.3,2,0.74,0,34072,55,9.1,9.99,12.4
6,17,5.4,0,0.74,1,41696,42,7.29,11.43,18.66
4,2,3.5,2,2.07,0,27165,53,16.35,16.82,22.86
2,8,3.3,0,1.7,2,28029,62,6.72,8.29,13.13
5,11,2.7,0,1.55,1,24563,53,10.14,16.82,28.8
0,26,1.3,2,1.53,2,12612,62,6.74,8.99,10.71
0,25,7.3,1,1.2,2,45686,54,4.85,8.14,9.84
0,15,1.8,2,1.86,0,11844,40,7.73,9.77,12.42
2,26,1.5,1,0.19,1,30211,24,11.56,14.89,18.14
7,18,4.8,0,1.24,1,26010,52,6.08,17.48,21.91
3,13,1.7,0,1.37,1,21162,40,5.31,10.47,15.25
1,12,3.1,2,1.21,1,37614,30,9.17,11.63,15.63
4,12,6.6,2,1.06,1,25074,56,14.57,22.32,25.59
4,25,3.5,0,2.47,0,4994,41,8.25,17.25,21.04
6,24,9.0,2,2.27,1,48780,24,14.26,18.05,23.75
1,25,3.0,0,2.4,1,16376,22,2.17,4.53,8.26
2,10,5.6,1,1.77,2,29331,52,10.22,13.26,16.1
0,3,9.6,1,2.04,0,16085,41,4.06,5.03,6.38
4,28,2.0,0,2.48,1,10016,49,9.32,18.2,21.87
7,19,8.8,0,0.48,0,40192,60,4.77,18.61,24.77
4,11,9.7,0,0.17,2,13213,27,9.55,14.75,27.32
7,2,6.7,0,1.97,1,11206,47,2.63,12.72,25.38
4,29,8.1,1,2.37,0,15359,39,13.35,17.21,21.81
4,11,8.4,2,1.27,2,27582,40,15.86,18.89,29.36
6,15,8.2,0,0.82,1,47266,31,6.41,11.53,20.12
2,1,3.9,1,0.65,0,48790,42,12.32,12.86,16.54
0,17,1.8,2,1.19,1,31207,24,8.22,10.49,11.98
5,7,2.1,0,0.58,0,5609,19,11.24,16.78,23.77
6,6,3.6,0,1.92,1,30587,28,8.14,9.3,13.82
7,18,3.9,1,1.38,0,45504,47,9.02,17.22,26.96
5,26,8.2,1,0.2,0,6590,20,12.45,24.68,37.92
6,27,5.4,2,2.25,1,28461,39,13.22,17.6,22.33
5,12,3.2,0,1.25,2,27245,36,11.73,19.39,29.65
1,19,3.1,0,1.28,1,9446,52,2.67,5.25,7.58
4,26,7.7,0,0.93,1,39943,41,9.09,15.28,26.38
3,6,6.9,2,1.52,1,21616,29,12.19,14.94,18.33
3,16,6.4,1,0.67,1,49653,54,10.62,14.72,15.32
1,7,2.5,2,0.85,1,43506,18,9.34,9.39,13.26
2,22,2.5,1,1.18,1,20316,18,10.49,14.27,21.77
6,5,5.8,0,2.13,2,2242,23,5.31,8.86,12.15
3,26,1.4,2,0.64,0,28904,22,11.43,14.7,19.44
2,18,4.1,1,0.44,1,33056,33,12.18,16.17,17.26
4,6,8.8,1,0.71,0,47914,43,12.23,15.72,23.97
0,14,9.3,0,0.62,1,20008,65,2.29,4.07,6.82
7,13,8.0,0,0.79,2,26423,51,5.42,15.83,29.23
2,1,2.1,1,1.66,0,4226,18,10.42,11.58,14.35
0,17,5.0,1,0.28,2,11707,63,5.95,8.29,10.05
6,12,5.3,2,1.94,1,16673,61,13.52,15.85,21.19
2,19,1.5,0,1.25,2,47381,31,7.96,10.44,13.43
3,30,7.4,0,2.44,1,21329,28,3.94,10.27,15.67
0,10,2.7,1,2.03,0,22175,62,4.66,6.47,7.25
1,24,4.7,0,2.27,0,36493,44,1.95,5.18,7.23
1,19,6.6,0,1.12,0,26660,52,3.1,5.0,7.72
2,10,3.3,0,1.53,1,21900,19,5.73,8.86,12.19
0,17,1.1,1,0.35,1,34393,59,6.47,8.92,9.13
5,9,6.6,0,1.35,1,5551,22,6.22,21.13,26.31
3,29,5.1,1,1.71,2,19701,55,9.16,13.23,16.06
7,10,1.9,0,2.07,0,46979,29,7.74,13.78,23.21
5,21,1.8,1,0.31,2,5395,50,12.6,21.69,26.86
0,9,5.6,2,1.05,2,18573,21,7.78,10.01,12.35
3,10,5.5,0,0.38,1,22432,52,6.67,9.37,13.29
2,2,2.4,2,0.93,1,49395,27,14.84,14.88,20.91
5,16,7.9,0,0.86,2,23929,42,8.04,16.88,31.15
6,14,8.9,0,0.35,1,18768,60,6.87,12.5,17.55
2,18,1.5,2,2.46,2,45436,52,11.97,16.55,21.3
7,17,3.1,0,1.6,1,15922,54,7.72,14.26,19.97
5,7,7.6,1,2.41,2,4981,44,9.59,23.7,30.31
1,18,6.7,0,2.02,0,1171,53,2.39,3.39,7.29
4,26,2.1,1,0.88,1,21723,52,13.31,18.66,26.7
3,16,3.3,1,2.33,0,42174,51,8.21,12.77,16.97
4,19,2.0,0,1.16,0,29258,60,10.48,16.55,18.88
3,11,9.7,2,1.69,2,28638,22,9.4,15.83,20.06
7,28,9.1,0,2.44,2,26038,53,4.67,17.46,30.51
6,16,8.3,1,0.41,2,24453,26,11.03,16.25,22.42
5,20,2.1,2,2.23,0,12758,49,14.48,28.09,32.17
6,12,1.5,1,1.91,0,44041,45,9.93,14.56,18.55
6,15,5.6,0,1.09,0,2224,50,8.4,12.12,18.37
6,8,5.2,0,1.88,2,17332,21,6.13,10.34,14.6
7,14,6.5,2,1.75,0,19863,39,13.39,25.22,35.42
5,24,5.5,1,0.98,0,38519,37,14.23,20.61,28.28
4,20,4.6,2,1.25,1,4086,41,14.8,19.46,31.56
3,28,3.9,2,0.28,1,42592,29,14.09,14.75,22.22
3,30,4.0,2,0.67,2,2151,45,12.31,19.66,23.13
2,15,4.7,1,1.89,2,14972,43,10.47,13.15,16.03
4,19,9.5,1,2.15,1,16870,22,11.79,14.07,28.28
0,24,7.6,1,0.24,1,47407,61,6.02,8.2,10.05
3,7,3.2,1,0.7,1,35282,59,11.25,13.56,14.45
2,7,1.8,2,0.15,2,1671,41,12.87,16.42,18.16
0,5,9.8,1,0.45,2,35021,54,4.76,7.05,7.6
6,22,6.1,0,2.45,0,8021,45,7.26,9.78,16.9
5,2,5.4,0,0.44,1,46636,19,6.57,21.56,25.71
2,10,9.8,2,1.99,2,19208,37,11.72,15.48,22.26
5,27,9.5,1,1.9,0,29618,19,8.24,25.22,38.15
0,27,4.4,2,1.16,2,3051,29,7.65,11.25,13.48
6,9,4.6,1,1.38,1,7471,37,12.13,13.81,19.48
3,1,1.3,0,1.86,2,25688,21,5.46,9.57,11.74
6,16,9.9,0,2.46,0,1783,45,7.16,11.13,18.14
1,26,1.7,0,2.44,0,49916,55,2.15,5.37,6.57
3,9,4.2,1,2.07,1,42445,65,9.14,12.71,13.83
1,11,6.9,1,1.87,2,11601,32,4.24,7.37,10.61
7,28,7.1,1,2.15,0,21947,40,6.01,16.8,36.65
3,12,3.1,0,1.99,0,10949,50,5.99,7.22,11.61
5,4,4.4,1,1.01,1,6642,31,12.64,17.49,30.45
4,7,6.6,0,0.83,2,29804,36,11.39,11.99,21.82
5,9,1.1,0,2.08,0,11740,31,9.43,14.98,31.91
6,23,5.8,1,2.01,1,1278,63,11.69,15.33,18.79
0,21,1.8,0,0.18,2,9668,51,1.47,4.23,7.25
0,19,9.0,0,0.51,0,24870,55,1.92,4.22,6.25
5,12,5.4,1,0.73,1,11690,58,12.07,22.36,27.35
7,19,3.5,0,1.18,0,3300,52,5.27,17.35,22.07
5,17,1.1,1,2.1,0,37965,56,13.26,22.3,30.39
0,17,2.0,2,2.21,2,3612,56,6.9,9.5,11.6
0,8,4.8,0,1.81,0,3811,50,1.4,2.65,3.97
5,1,5.1,1,0.32,2,11151,57,13.99,18.97,25.58
6,29,7.1,1,2.23,0,9601,35,8.64,13.1,20.33
2,16,9.9,1,0.13,1,29439,52,10.74,13.63,19.16
7,25,1.6,0,1.76,1,35926,62,5.3,13.97,28.29
6,9,4.9,2,1.5,1,49646,53,13.86,17.97,20.44
4,24,7.9,2,0.47,0,40879,35,14.11,19.87,28.75
1,16,3.0,1,1.19,0,18784,22,7.04,8.59,10.72
5,27,2.3,0,0.79,0,2669,54,11.94,18.53,32.71
4,16,8.0,0,0.47,0,2432,51,8.23,14.99,25.42
4,19,2.6,0,0.92,0,8991,28,10.09,13.92,22.25
2,29,9.9,1,1.6,0,45195,36,9.57,15.49,17.22
2,27,9.2,2,0.95,2,20095,38,12.76,19.38,22.19
3,12,7.8,1,1.51,1,38615,55,8.37,13.68,19.0
2,18,7.5,0,2.45,1,21583,64,5.93,10.64,17.69
0,1,9.0,2,0.85,2,2990,22,8.58,9.12,10.22
4,22,7.5,1,1.37,1,776,33,14.43,18.3,30.65
6,5,1.1,0,2.07,0,11890,18,7.32,9.92,11.84
7,4,4.7,1,0.83,2,42369,30,10.67,15.67,31.55
1,28,7.4,1,0.27,0,10850,48,5.82,8.7,12.53
2,22,3.9,0,2.12,0,16092,47,7.03,10.99,14.08
5,10,6.3,1,0.27,1,15873,45,11.73,19.58,29.14
2,23,7.5,2,0.48,1,38213,51,13.4,17.6,24.23
7,18,5.2,1,0.69,0,5776,45,8.51,18.57,28.39
3,18,9.0,0,1.11,1,49195,29,6.22,9.4,15.48
6,23,3.3,2,1.7,0,24927,28,15.0,18.29,20.89
3,5,1.4,0,1.3,2,19471,58,6.31,8.0,11.06
1,16,4.3,1,1.23,1,28247,62,7.42,8.61,11.1
5,22,6.2,0,0.79,2,7980,27,9.36,16.55,31.66
5,10,1.3,2,1.07,0,36521,41,16.78,28.12,29.06
6,28,3.4,0,1.35,1,4366,59,9.3,12.92,13.81
5,12,1.0,2,1.69,0,21436,49,16.2,23.47,35.08
3,8,1.6,0,2.35,1,31631,30,6.26,8.45,10.56
2,26,2.8,1,2.25,0,46973,62,9.23,16.31,18.55
6,20,4.0,1,1.23,2,25234,58,11.12,16.56,22.11
5,27,7.8,0,2.38,1,27576,23,5.6,18.37,31.87
5,3,2.5,0,1.26,0,28382,61,10.49,22.0,27.08
0,18,6.3,2,0.61,1,31373,23,7.92,11.02,12.92
6,8,2.5,1,1.82,2,23860,60,11.0,14.0,18.83
1,11,1.4,1,0.87,1,20522,25,6.7,9.2,10.87
4,10,9.1,1,1.05,2,2676,49,12.49,17.31,27.86
4,20,4.5,0,0.96,0,15917,43,10.44,13.23,22.79
4,4,6.2,2,1.45,0,23126,29,16.62,19.78,24.46
6,18,2.8,0,0.71,2,29283,56,7.35,13.35,16.16
0,3,1.9,2,2.11,0,16023,51,5.81,8.48,9.24
4,30,5.8,0,1.1,1,38713,54,11.02,13.98,20.0
7,19,1.5,1,1.86,2,20124,22,9.75,20.49,31.46
7,27,10.0,2,0.63,1,29384,38,9.91,21.81,30.25
0,11,6.7,1,0.74,2,33420,38,4.96,8.19,10.07
1,7,8.7,0,0.76,2,1180,46,2.75,4.58,7.4
4,23,5.9,0,1.01,2,20055,49,9.46,17.8,19.56
1,29,1.9,2,1.3,1,17876,57,9.18,11.37,14.63
7,30,6.0,2,2.21,0,4231,48,11.31,20.65,35.9
2,18,8.5,2,1.61,0,612,29,10.32,14.71,23.29
0,28,4.6,1,0.69,0,30513,65,5.08,7.55,9.29
6,19,8.1,0,0.34,0,15666,27,8.41,11.25,18.84
0,5,2.7,0,0.59,0,28730,20,2.18,2.34,3.81
6,27,1.7,1,0.26,0,46505,37,12.03,17.34,22.16
7,6,3.8,2,1.53,0,40887,18,9.25,21.58,30.84
4,4,9.4,0,1.18,0,41085,53,9.43,15.06,21.65
1,18,7.7,1,0.32,2,29538,32,7.8,9.28,10.83
6,17,8.4,2,1.87,2,38387,50,11.51,16.76,22.17
2,30,6.5,2,1.53,1,26749,35,12.19,17.65,23.34
7,27,5.7,2,1.95,0,24124,23,13.13,21.35,34.24
2,28,8.5,1,1.66,0,26434,45,8.19,14.3,19.12
2,22,1.3,2,0.77,2,13761,55,14.93,17.24,19.41
6,3,8.3,2,0.37,0,33463,29,11.42,15.92,23.19
6,14,9.2,0,0.88,1,1700,59,6.59,11.42,19.22
0,22,8.2,2,2.11,2,25027,20,5.75,8.48,10.86
7,23,4.9,2,0.1,1,42105,61,13.49,19.85,28.43
1,15,1.9,1,1.35,2,27329,56,6.57,9.94,10.1
2,3,7.3,2,1.91,0,26021,51,10.26,15.29,20.48
0,21,2.1,0,1.15,1,6660,24,1.88,5.43,6.89
2,15,9.0,2,1.75,0,37161,45,12.41,17.03,22.77
3,19,3.6,2,1.18,2,38325,58,14.09,16.02,19.19
7,8,8.9,2,1.4,2,25807,62,11.33,21.52,36.32
2,22,7.6,2,1.8,2,24623,28,12.2,16.15,20.81
3,2,8.0,2,0.22,0,17133,54,11.54,15.04,19.59
2,7,7.0,2,2.24,0,12205,34,12.33,16.14,20.29
3,10,4.7,2,0.75,2,39212,57,12.86,17.37,20.97
7,17,6.3,1,1.02,1,5386,35,13.13,20.04,28.77
5,13,8.4,0,1.77,0,1422,53,8.99,15.32,34.91
6,6,8.1,1,1.78,0,16399,25,7.93,13.61,17.65
1,16,3.9,1,2.23,2,24976,24,6.03,8.56,10.33
7,6,1.9,2,2.34,2,39891,27,8.98,19.09,29.76
5,28,6.9,2,0.14,2,43969,41,16.48,27.86,32.05
2,3,6.6,0,1.07,2,11276,21,8.07,11.6,13.15
7,11,9.4,2,1.58,2,5496,38,11.56,23.33,38.92
2,11,8.5,2,1.73,1,7531,40,12.46,16.94,21.26
0,7,6.4,2,0.59,1,10441,64,7.58,9.86,9.89
7,22,7.2,1,1.39,1,5713,30,7.69,21.29,26.72
5,20,1.3,1,0.3,2,46723,63,14.04,20.8,36.51
4,23,3.6,2,0.4,2,43288,59,16.28,21.06,25.82
0,10,9.4,2,1.42,1,22949,24,7.09,8.98,10.81
3,15,2.3,2,2.46,0,14619,25,10.69,14.06,19.9
6,28,4.2,0,0.83,0,45325,39,9.02,13.9,16.45
5,5,5.3,1,1.31,1,24406,61,10.3,20.99,24.29
4,25,6.2,2,2.48,0,22402,59,12.76,19.46,28.32
1,13,7.7,2,1.44,1,18118,24,8.26,12.8,13.86
4,17,8.4,1,1.46,0,15023,43,13.63,18.6,30.58
2,6,2.2,0,0.77,2,30432,51,7.28,11.32,13.74
1,3,9.0,0,1.85,0,12600,42,1.93,4.02,4.85
3,13,6.6,1,2.0,0,836,53,9.33,12.54,15.26
2,13,5.2,0,1.95,0,17770,19,6.65,10.45,15.57
5,30,5.3,2,0.17,0,14378,34,15.44,31.47,35.03
5,15,2.4,2,1.91,0,37139,32,15.02,27.58,41.12
1,30,1.5,2,0.4,0,43923,46,8.64,11.21,14.53
7,9,3.5,2,0.93,0,28296,19,14.2,26.47,29.54
5,28,8.6,2,1.54,1,12439,30,9.98,24.35,37.86
0,10,4.1,0,2.35,1,48503,55,0.16,1.54,3.81
5,13,5.0,1,0.55,1,31849,59,14.12,22.99,29.93
0,21,3.2,2,1.07,2,13221,37,9.0,10.22,11.72
1,30,9.5,0,1.13,0,1127,39,2.83,5.55,7.44
0,21,6.3,1,1.41,0,30046,65,4.9,8.46,10.19
7,18,6.0,0,0.3,2,5168,22,4.98,12.96,25.01
1,1,7.3,2,1.68,2,34893,30,7.84,7.96,10.89
6,20,1.2,0,1.2,0,10850,18,7.47,13.01,14.66
7,30,8.3,0,1.44,0,9348,55,5.2,15.92,29.37
4,15,8.4,2,1.98,2,9960,52,13.7,19.86,26.23
5,6,6.9,1,2.43,0,5868,31,13.49,20.55,27.49
6,12,7.2,2,0.95,2,41363,65,12.57,17.64,27.64
4,16,3.0,1,0.54,2,47299,45,16.16,18.88,24.01
2,22,3.9,2,1.86,0,4058,62,12.17,14.4,19.88
5,18,1.4,0,1.13,1,37534,62,9.66,15.74,32.99
4,23,5.5,1,2.13,1,5052,54,14.56,16.76,28.15
6,4,3.1,2,0.93,1,32747,23,14.57,15.23,22.21
1,3,10.0,2,1.2,1,47716,58,8.21,8.65,12.39
6,25,8.2,1,0.3,1,45930,58,8.63,14.95,21.77
4,21,9.5,2,0.43,1,6195,19,16.35,20.55,26.81
1,16,1.1,2,0.84,1,16959,30,9.03,12.34,13.98
7,7,2.2,2,1.42,0,28702,34,10.57,21.09,26.78
6,13,8.8,0,1.16,2,4482,53,6.97,12.23,17.01
6,20,5.9,0,0.74,1,36233,49,9.32,10.69,15.54
4,4,9.0,2,0.81,2,32230,36,14.57,22.03,27.59
1,18,1.4,2,1.87,0,33545,21,8.22,11.0,13.7
4,2,4.9,1,1.13,0,39251,33,14.43,14.62,22.13
4,4,6.4,2,2.06,2,12484,50,15.47,18.03,25.77
2,26,3.6,1,1.72,0,40630,29,10.55,15.69,19.28
0,13,7.0,1,0.62,0,18153,33,5.4,7.0,9.69
1,9,6.6,0,0.72,2,21557,18,3.05,5.31,6.74
1,29,8.3,0,1.48,0,46426,41,2.99,5.38,9.12
4,4,6.4,0,2.11,1,15129,20,8.61,14.12,16.42
2,14,5.0,1,1.85,0,7648,40,10.23,13.97,16.72
7,27,3.7,2,0.1,2,14166,34,12.16,21.37,28.24
6,22,7.0,0,1.03,0,31291,18,7.43,11.45,16.55
2,20,6.2,0,0.87,0,15970,18,7.35,11.54,15.73
2,28,2.2,2,0.39,0,36412,56,13.4,17.89,24.51
5,11,2.8,1,1.36,2,26125,40,12.27,24.66,31.59
5,11,6.7,2,2.34,1,29598,36,15.57,23.04,32.63
5,15,4.3,2,2.28,0,33151,43,16.34,25.38,38.84
7,25,9.8,0,1.79,0,43623,21,4.42,17.18,25.85
3,11,9.7,1,2.06,0,47046,50,7.84,11.29,17.83
6,14,8.9,2,0.1,2,30754,55,12.68,17.92,25.18
7,29,2.0,2,0.91,0,6367,51,10.24,22.44,33.54
7,29,3.3,1,1.37,2,38670,49,11.59,19.2,30.17
0,7,9.5,1,1.23,0,36983,47,4.39,7.22,8.91
4,7,7.1,2,2.2,2,5709,62,11.98,19.03,30.08
6,9,8.9,2,0.64,2,34993,32,14.19,15.9,21.68
1,12,7.8,1,1.16,2,16466,28,6.95,9.78,11.46
0,23,6.4,2,0.69,2,29057,56,8.66,9.56,12.81
7,5,6.4,1,0.78,2,12570,32,10.05,15.7,21.48
5,13,9.6,2,1.02,2,43629,37,14.86,23.22,36.69
2,16,2.8,1,2.4,0,6970,32,9.16,15.98,20.08
7,24,5.1,1,0.51,0,26799,43,10.07,21.43,25.68
4,11,1.4,1,1.02,1,27781,45,13.67,18.49,24.15
1,16,9.6,1,1.85,2,19537,62,4.98,7.91,10.38
6,13,5.3,2,1.98,0,30309,64,12.87,18.03,23.38
0,1,4.7,2,1.57,1,44806,35,7.61,7.97,8.09
3,29,2.6,0,1.76,1,33394,52,5.09,10.08,14.74
4,14,1.1,2,2.38,0,3341,57,14.32,21.12,24.93
2,23,6.3,0,1.53,2,20180,38,6.78,10.23,14.67
1,16,6.1,1,0.89,0,35424,48,6.12,8.08,10.44
5,21,1.5,0,0.54,1,42981,58,9.01,17.68,29.95
1,17,4.3,0,0.71,0,22999,42,2.49,5.97,8.61
2,23,4.9,1,2.29,0,37844,51,10.37,13.85,17.05
0,16,2.6,2,0.51,1,43500,35,7.85,10.96,13.2
3,17,1.2,2,1.44,0,31466,22,12.01,17.84,21.39
4,11,3.0,0,0.16,0,17432,27,11.11,13.52,22.29
6,8,8.2,0,2.34,1,678,22,6.3,10.92,19.46
6,28,2.9,1,0.98,2,29765,28,12.47,15.44,18.81
6,30,8.1,0,0.99,0,2015,52,7.28,10.88,20.8
7,19,3.2,2,2.2,2,42432,24,12.46,23.74,27.66
4,30,4.0,0,1.71,2,49165,51,7.28,12.82,17.04
2,8,8.8,1,2.16,0,26720,18,9.57,12.61,20.2
4,8,8.7,0,1.24,1,9658,61,7.47,17.47,21.51
0,3,8.1,2,1.8,1,9302,31,7.52,8.38,9.17
6,18,4.7,1,0.88,2,26681,44,12.64,15.8,18.58
5,20,5.9,0,0.23,2,27457,46,8.95,22.18,36.58
5,14,9.8,1,1.24,0,16460,47,11.36,21.91,35.49
0,16,3.3,1,2.33,2,34773,47,5.51,7.38,9.25
0,5,2.8,0,2.17,1,24926,53,1.43,2.23,3.51
6,1,7.4,0,0.94,2,43566,49,7.95,10.59,16.78
7,24,6.6,1,1.19,0,728,60,10.59,21.57,33.1
1,7,7.8,1,1.98,1,28964,60,5.42,7.19,9.66
7,19,1.2,2,0.1,0,49321,41,12.08,18.26,31.69
0,30,1.5,2,2.49,1,27594,42,8.19,9.44,11.02
1,3,7.8,0,2.07,0,36025,54,1.58,2.43,4.23
3,1,8.5,2,0.13,2,33802,24,10.85,13.36,17.82
5,16,2.4,2,1.78,1,25200,34,13.32,27.13,34.84
1,6,4.7,2,2.38,0,29562,32,8.5,9.15,9.96
0,5,2.3,2,2.09,2,9497,33,7.09,7.68,9.27
1,11,1.6,0,1.45,1,3674,27,3.08,5.11,8.47
1,19,3.1,1,1.45,0,23059,32,5.66,8.06,11.07
4,15,2.8,1,0.27,1,1492,28,10.74,18.84,23.71
7,14,3.7,0,0.66,0,20085,49,6.6,15.01,24.25
4,17,2.8,0,1.54,0,36353,46,9.01,17.56,22.7
0,13,3.3,2,0.62,2,37894,43,8.39,10.7,10.99
1,19,6.1,0,1.13,2,39262,43,2.78,6.49,9.24
7,24,8.6,1,1.17,0,24317,33,8.36,23.0,29.36
1,26,6.4,0,1.9,0,17607,20,2.8,4.27,6.62
3,26,5.7,0,1.58,1,44117,61,5.12,8.02,12.11
3,20,7.6,2,1.28,1,26611,53,12.03,15.42,28.16
3,22,2.0,2,1.57,0,20006,57,11.75,16.92,18.75
1,5,7.4,0,0.39,2,22969,34,2.38,4.45,6.27
4,3,3.8,2,1.83,1,863,63,15.53,21.17,21.34
1,13,7.4,0,1.58,1,2744,36,2.41,5.05,6.66
6,25,6.4,0,1.08,1,2174,53,7.03,12.86,15.14
4,22,6.0,1,0.27,2,29306,26,14.24,18.09,22.36
6,30,1.1,0,1.6,1,9611,27,7.35,10.04,15.82
3,25,5.1,1,0.57,1,17900,59,9.06,14.17,16.37
4,2,3.4,0,1.04,2,21414,35,9.11,12.91,18.51
3,10,6.7,0,0.8,1,42762,33,6.54,11.24,11.65
4,26,5.9,0,0.86,2,3163,29,11.46,17.37,21.74
6,8,7.7,0,1.08,0,10112,22,6.55,12.69,16.2
7,7,7.8,2,0.82,0,27700,21,10.21,20.08,27.36
7,30,7.9,2,0.15,0,15135,29,10.86,18.41,29.58
3,22,6.6,2,0.42,1,48853,30,12.29,15.73,20.1
0,8,9.3,2,0.59,0,33922,55,8.09,8.9,9.82
1,4,6.7,0,2.19,1,40350,52,1.89,3.86,4.44
3,10,9.3,0,0.79,0,24218,49,4.94,9.68,13.81
6,26,6.4,1,2.01,0,47662,26,10.91,14.01,23.0
7,19,5.6,2,2.28,1,36419,64,12.4,20.87,32.08
2,22,7.2,1,2.17,2,39023,29,9.36,13.42,20.45
3,16,5.6,2,1.31,0,37696,36,12.16,16.35,18.7
4,12,3.0,0,0.9,1,14517,22,8.49,14.79,20.17
7,19,5.7,0,1.83,2,3649,38,5.92,12.98,20.33
2,19,8.1,0,0.37,0,39632,60,7.12,10.54,14.59
5,25,9.6,0,1.49,1,46636,46,9.9,20.55,33.77
7,3,7.6,0,1.33,2,39367,61,3.77,13.92,31.44
0,29,8.3,2,1.73,1,42162,59,7.53,9.37,10.11
3,19,7.6,2,2.18,1,25018,34,10.97,14.08,19.63
2,12,2.2,1,1.95,2,22282,34,10.65,12.55,17.07
2,22,8.2,0,2.04,0,19656,62,5.59,10.88,15.4
2,28,8.8,2,2.19,1,26683,48,11.9,14.29,20.32
2,9,3.2,2,1.54,1,38785,45,12.53,15.88,18.19
6,4,8.4,0,0.95,0,5970,29,8.13,11.68,15.69
1,10,5.7,1,1.99,2,33585,58,5.49,7.2,8.93
5,2,8.6,1,2.06,0,8677,49,9.39,19.02,32.82
7,2,2.1,2,1.82,1,49976,49,12.5,17.96,25.62
3,25,8.0,1,2.13,2,39172,53,7.18,11.67,19.5
3,28,7.2,1,1.17,2,8918,29,9.79,13.74,22.27
0,25,7.8,0,0.1,0,10609,24,1.77,4.33,6.69
4,7,3.7,1,0.54,0,3285,33,13.66,16.75,26.87
1,22,6.7,2,1.65,0,26683,54,8.1,10.63,13.24
5,21,8.8,2,0.8,1,30786,59,13.79,27.7,39.49
4,9,3.4,0,1.66,0,19591,41,8.7,12.4,18.74
6,21,2.2,0,2.36,1,36904,32,6.74,10.81,17.48
4,20,6.9,1,1.77,2,11732,38,12.11,17.47,20.96
2,1,5.6,2,1.66,2,36212,42,13.79,15.53,17.04
5,29,9.5,1,0.85,1,27208,64,14.65,23.53,32.42
4,26,7.4,1,0.86,1,21250,33,11.05,20.43,28.53
5,27,8.4,1,1.47,1,11937,42,13.33,20.98,37.07
0,29,5.9,2,1.74,1,30992,33,7.3,9.47,11.44
7,6,2.8,0,0.88,0,3820,44,5.06,12.91,29.34
6,29,7.1,2,1.75,0,49934,63,11.43,17.53,22.9
5,29,3.9,0,1.98,1,13893,40,8.96,19.61,28.28
0,17,4.9,0,0.18,1,12892,64,2.04,4.84,6.05
1,3,9.8,2,1.65,1,48834,33,8.07,9.29,11.16
4,3,2.5,2,0.8,2,41756,59,15.07,21.28,25.86
7,4,5.9,0,2.37,0,20143,52,4.08,11.05,18.07
0,5,2.3,1,1.19,0,38759,54,4.85,6.7,8.17
4,4,7.1,2,0.14,0,21801,43,16.41,22.5,26.69
5,14,9.8,2,0.64,1,35810,37,12.74,25.11,37.51
3,3,6.2,1,2.35,1,28318,34,9.88,11.29,14.82
5,25,1.0,1,1.83,2,7033,59,9.28,20.81,33.91
2,18,6.4,1,0.14,1,32173,37,10.93,17.02,17.2
3,20,9.2,1,2.01,1,47160,48,6.95,11.75,19.06
4,30,1.8,1,2.46,1,21559,42,13.53,20.44,21.31
6,12,8.1,1,0.83,0,41517,59,11.88,15.54,20.99
6,3,10.0,1,1.62,0,17694,59,10.12,13.93,18.07
3,22,3.5,1,0.61,2,38255,47,10.73,12.65,19.43
5,19,5.7,1,1.9,0,41236,36,13.18,19.21,35.56
7,5,5.0,0,2.09,1,29304,39,6.51,10.57,22.99
7,1,2.2,1,2.3,1,14885,55,7.95,17.51,28.48
5,29,3.3,1,0.9,1,20890,29,12.63,23.01,27.48
4,23,3.0,2,1.22,0,46336,51,18.38,19.79,29.45
0,19,2.0,2,0.84,0,46390,28,7.8,9.98,12.93
7,3,5.8,2,1.74,1,528,52,11.83,16.62,26.4
0,19,4.0,2,2.5,2,2406,57,6.4,9.22,10.91
0,6,7.9,0,0.38,2,40797,23,2.5,3.64,5.13
1,20,2.9,2,2.0,1,19657,40,9.54,10.9,14.41
6,5,8.4,0,2.39,0,30215,55,6.56,8.55,15.68
2,1,5.8,0,2.19,0,21804,52,6.92,7.41,10.46
5,1,2.2,1,1.71,1,40295,29,10.55,17.1,33.93
7,15,5.0,1,0.14,1,15342,49,11.59,17.26,31.3
3,23,4.8,1,1.78,2,48360,31,9.67,10.44,15.75
1,14,5.8,1,2.14,2,38827,30,6.87,8.5,9.68
2,27,9.2,0,1.37,0,41143,27,6.1,12.75,15.85
6,17,1.3,2,1.41,1,29695,52,13.25,19.09,24.29
1,9,7.4,0,0.67,1,12890,50,3.09,4.41,8.52
0,14,7.1,2,0.95,1,24594,41,6.9,10.34,13.23
2,20,5.9,1,2.3,0,23254,25,9.81,14.55,17.9
6,19,2.4,2,1.7,0,35778,46,12.99,15.52,20.26
1,19,5.2,1,0.36,0,42622,54,7.05,8.85,10.04
2,21,7.5,2,0.18,0,33149,60,13.86,18.29,23.39
0,19,6.1,0,0.44,0,23995,34,1.98,3.89,6.64
4,2,3.9,2,1.32,2,19153,45,15.11,18.48,22.15
7,24,2.8,2,0.11,1,36363,18,14.02,19.71,38.33
1,3,7.9,1,0.72,1,7873,35,6.26,8.08,9.85
6,15,1.1,0,2.02,2,3483,45,7.06,11.03,13.77
0,7,5.4,0,1.43,2,46557,37,2.46,2.83,4.59
2,26,5.5,2,1.56,0,49885,42,12.5,14.88,19.36
7,10,4.6,2,0.19,0,2158,64,13.47,24.29,31.61
3,22,8.8,2,0.83,0,33646,47,11.79,17.48,23.81
0,15,8.6,2,2.08,2,20435,44,6.14,9.42,12.05
1,7,7.5,1,2.18,0,7990,63,5.3,6.45,8.15
0,14,4.4,1,1.31,1,29011,32,5.21,8.31,10.17
4,13,6.2,0,0.3,1,21094,30,10.06,14.15,17.15
0,17,1.3,2,1.03,2,10792,43,7.77,10.24,11.96
3,6,8.4,2,0.76,2,16299,50,11.2,16.75,21.52
1,8,9.6,1,2.37,2,16151,42,6.12,6.6,8.42
6,1,8.5,0,0.91,1,18240,38,7.02,12.99,15.72
6,7,7.6,2,2.48,2,3690,39,10.76,14.78,22.72
1,29,7.2,2,2.01,1,39431,33,6.61,10.96,11.4
0,4,1.4,2,1.05,0,10650,59,8.06,9.7,10.71
0,30,7.6,0,0.74,1,23442,60,0.87,5.26,6.62
6,9,9.6,0,1.37,1,44723,25,7.91,10.12,17.22
5,12,8.6,2,0.33,1,6961,40,16.01,22.76,37.96
1,17,3.4,1,2.38,1,47446,37,5.26,8.71,10.93
0,30,6.8,0,1.59,1,47807,38,1.11,3.83,5.32
7,8,3.4,2,1.12,0,33124,29,10.19,20.53,27.59
6,10,8.0,1,1.56,2,23038,26,8.71,14.67,21.23
7,1,8.6,2,0.32,0,30323,30,12.95,20.28,32.78
6,13,9.2,0,0.16,2,5562,55,6.56,13.34,17.26
1,7,9.3,2,1.71,0,15710,56,7.25,9.97,12.69
0,1,5.5,1,1.88,2,46912,54,4.57,4.59,7.46
6,14,7.8,0,2.22,0,33865,42,5.67,12.07,15.68
1,23,5.9,0,0.29,0,34337,33,3.96,5.06,8.15
2,1,9.2,1,0.31,1,39049,63,9.31,13.25,18.35
2,17,7.7,2,0.38,0,36254,34,11.83,17.74,23.0
1,10,3.3,1,2.26,2,3434,40,5.26,8.11,8.6
6,26,2.8,1,1.08,1,13526,59,13.37,17.24,19.08
1,7,4.9,2,1.7,1,12188,41,8.8,9.17,11.29
5,3,1.8,2,1.09,1,47001,64,15.79,21.13,27.44
1,8,6.3,2,0.7,1,16254,18,9.3,10.59,11.73
5,20,2.4,1,0.77,1,20247,22,10.81,25.97,37.21
5,26,1.4,1,1.67,0,48190,52,9.77,21.88,25.63
2,10,3.0,2,0.78,1,34707,43,13.88,16.55,19.12
6,7,4.4,0,1.08,1,4132,18,9.67,11.06,16.38
0,6,1.8,1,0.68,0,34051,18,6.02,7.43,8.5
5,30,1.2,0,2.41,1,49890,37,5.74,14.37,25.99
4,27,5.0,0,1.93,0,47578,27,10.78,15.76,16.83
0,23,1.8,2,2.41,2,45148,23,6.69,9.75,11.0
0,30,9.2,1,1.35,0,47426,25,4.93,7.09,10.59
7,19,3.6,1,0.14,2,30021,27,7.22,19.02,30.22
0,2,8.2,0,1.42,0,42749,37,2.09,2.5,3.82
0,2,1.5,2,1.61,2,35438,48,6.68,8.59,9.85
1,5,1.5,1,2.35,2,31484,39,5.77,6.26,9.22
1,16,7.1,0,0.8,1,22912,32,2.81,5.4,8.27
3,20,9.2,0,1.83,1,22157,47,5.51,9.67,14.39
5,4,3.0,2,2.28,0,38566,23,13.29,24.77,26.48
4,25,2.6,0,2.4,2,9372,30,9.85,13.56,18.15
5,22,7.9,0,1.94,0,17213,21,6.54,20.33,34.38
4,9,9.1,1,2.1,1,35733,48,11.68,13.46,23.42
2,8,1.3,2,1.93,2,30660,53,13.33,16.5,18.38
6,14,2.6,2,1.37,1,22050,47,14.82,18.86,23.09
4,29,4.6,0,1.78,1,28761,59,7.76,14.6,19.8
1,30,3.8,1,1.52,1,17776,65,4.67,7.88,10.75
2,15,1.2,1,0.68,2,43771,20,10.03,15.61,19.59
5,1,9.7,2,2.19,1,10506,31,13.25,27.83,34.29
0,22,3.6,0,1.9,0,12713,41,0.3,3.62,5.01
7,22,1.3,0,0.68,1,22105,31,6.82,16.53,26.28
0,27,7.0,2,2.09,2,35398,46,6.27,10.24,11.96
2,21,1.3,0,0.29,2,8499,34,8.0,12.74,17.98
4,15,1.4,1,1.58,2,28787,58,12.58,18.25,24.56
4,20,3.4,0,1.05,0,29297,42,9.68,16.79,22.47
4,5,3.7,2,1.26,1,20561,33,18.61,18.95,27.27
6,15,1.3,1,0.68,1,2902,40,11.28,15.8,20.15
0,4,6.2,0,1.44,0,48730,40,2.09,3.96,4.16
7,28,5.1,2,0.96,2,48856,46,10.78,20.77,36.72
3,15,1.6,1,1.69,1,4067,56,9.01,12.43,15.28
6,9,1.1,0,1.47,2,33376,57,8.61,12.15,15.12
0,25,3.9,2,1.91,1,32845,25,7.48,9.36,12.34
4,26,9.5,0,1.23,2,679,51,10.87,16.35,23.66
0,20,6.9,2,0.77,1,37555,32,8.7,9.6,12.08
3,29,7.3,0,1.57,0,28843,23,5.8,8.57,17.6
4,27,4.2,1,2.41,1,27499,35,12.44,17.6,22.07
6,3,6.3,0,0.45,1,25787,52,7.2,11.86,15.62
3,9,3.0,2,2.34,1,48966,64,10.47,13.47,17.89
7,2,2.5,0,1.32,1,17564,53,4.67,12.27,19.25
6,14,4.9,0,2.42,0,47676,59,5.82,12.7,15.74
6,28,5.3,2,1.77,1,25517,42,12.42,18.54,22.4
2,5,1.4,2,1.25,2,22891,21,14.0,17.72,17.8
6,26,7.5,0,1.99,2,5225,23,4.54,12.14,15.33
5,15,9.1,1,2.41,1,30259,24,8.9,18.63,35.23
0,30,8.7,0,2.38,0,6911,22,1.98,4.09,5.96
2,17,6.9,2,0.97,1,35243,34,13.01,17.54,22.7
7,11,4.3,1,1.7,1,13525,18,8.54,19.96,27.96
6,30,8.3,1,0.61,1,36882,44,9.31,15.29,22.18
0,13,2.2,2,1.19,1,45672,60,8.79,10.05,12.98
1,22,7.4,2,1.79,0,3999,53,7.95,10.13,12.81
2,2,5.7,2,1.11,0,18732,34,12.68,15.43,18.87
4,22,2.6,1,2.12,1,35557,28,12.62,19.09,23.14
4,11,8.3,0,2.25,1,10334,26,7.73,14.13,22.03
3,27,7.0,1,0.9,0,42116,56,9.82,14.75,15.65
4,17,1.8,1,1.58,2,47085,45,12.5,17.58,22.96
6,10,7.0,1,0.62,0,19117,48,12.29,17.23,19.63
0,23,2.5,0,0.38,0,12045,58,2.19,4.54,6.23
2,1,9.6,1,0.72,0,3337,31,10.77,12.22,20.04
6,1,3.6,0,0.19,2,38348,65,7.87,9.9,14.66
1,17,5.0,2,1.82,0,44244,51,7.86,11.01,12.11
5,28,8.8,0,0.27,0,22991,25,7.0,20.4,34.51
1,26,7.1,2,0.88,1,1684,50,7.63,11.14,15.12
0,3,3.9,1,1.31,2,25603,41,6.09,7.15,7.48
1,7,3.5,0,0.39,2,17299,38,2.67,4.14,6.38
1,9,2.5,1,1.2,0,31705,21,6.51,9.07,10.36
7,17,6.7,0,1.72,2,37536,21,5.23,17.96,27.36
3,11,9.3,0,2.07,1,20437,36,6.31,9.51,14.78
3,27,9.4,2,2.3,0,48099,36,11.31,14.28,21.98
2,1,1.7,1,2.37,0,8453,35,10.47,13.94,14.46
6,8,2.6,1,1.49,0,26245,56,10.21,14.58,17.03
3,29,3.9,0,2.32,2,28416,25,5.56,8.94,13.4
7,12,2.3,1,2.26,2,41294,53,7.24,18.18,32.15
4,29,7.8,0,1.33,0,40636,19,9.63,13.96,26.73
0,17,2.7,0,1.71,0,39452,24,1.79,3.23,5.15
4,13,2.6,2,2.22,2,709,53,16.13,21.8,30.86
2,15,5.3,0,1.3,1,7998,60,7.41,10.1,16.67
2,13,7.2,0,0.77,0,41976,54,5.79,11.33,19.09
5,4,5.3,2,2.12,0,30913,63,13.92,19.97,37.38
7,22,6.1,1,0.44,2,3268,60,11.28,16.36,32.16
6,6,6.1,1,0.6,1,41483,65,11.66,13.85,20.07
3,9,9.0,1,0.69,0,27297,39,9.39,13.76,18.79
4,25,9.8,1,0.78,2,31718,30,12.63,17.93,30.32
2,13,5.7,1,1.62,0,42287,64,10.58,14.89,19.46
3,1,4.9,2,2.34,0,41529,23,11.22,13.5,16.16
7,5,6.3,1,2.36,0,42718,60,9.07,21.15,28.71
2,30,9.4,2,0.91,0,10551,42,12.33,15.94,23.08
5,30,8.5,1,2.19,1,47382,30,8.64,22.97,37.42
7,18,2.1,0,0.83,0,27002,32,6.89,17.81,23.24
6,26,3.6,1,0.12,0,1231,49,10.73,16.41,20.64
7,11,7.7,2,1.57,2,5729,46,12.32,18.78,33.6
2,18,3.8,1,0.46,0,29930,52,11.19,14.91,21.93
6,21,9.0,1,0.88,2,2602,40,11.58,14.37,24.24
2,24,4.7,2,1.14,2,21540,49,12.29,16.65,21.73
6,12,9.7,1,0.29,2,33348,53,10.41,15.69,21.88
4,29,10.0,2,1.24,2,35555,27,15.34,18.82,29.68
2,7,1.7,2,0.24,2,31065,33,13.3,17.16,21.22
4,23,3.5,1,1.55,2,18573,54,13.41,18.72,23.49
4,17,9.3,0,0.14,0,34729,22,8.86,16.18,22.05
5,8,8.5,0,1.75,0,42175,28,6.81,14.65,24.34
0,18,1.9,1,0.83,2,23248,34,5.52,8.5,9.83
0,14,5.0,0,1.06,1,29299,25,1.99,4.62,6.94
2,20,6.3,0,0.65,1,23189,54,6.6,11.96,17.49
0,21,1.9,1,0.75,1,14333,44,5.72,8.02,9.71
6,3,5.2,2,1.15,2,47148,49,14.39,17.03,20.1
6,23,2.1,1,1.05,0,3544,58,10.6,14.71,20.97
2,2,7.4,1,1.75,2,20937,51,9.39,12.89,19.48
0,16,5.0,2,2.38,2,20281,27,7.15,9.41,10.52
1,11,3.9,2,0.3,0,16559,18,9.0,11.73,13.55
1,21,7.2,1,0.83,2,39453,34,6.32,9.29,11.66
5,25,8.1,2,1.61,2,46618,58,11.02,22.78,32.11
3,2,6.1,1,1.0,1,31031,26,10.12,11.14,15.36
1,6,6.0,0,0.15,2,14251,64,2.48,4.79,6.74
2,14,8.0,0,1.25,0,28242,58,8.13,10.21,16.14
4,27,6.6,1,0.58,2,17706,23,14.45,16.47,23.32
0,29,4.0,1,0.15,1,5892,54,5.25,7.97,10.6
7,24,6.1,1,0.11,0,18072,30,9.6,22.62,29.15
6,24,9.3,0,1.44,0,39203,37,5.94,13.27,21.09
4,22,2.5,0,2.25,0,8141,52,9.39,15.23,21.75
7,21,7.3,0,0.34,1,40197,52,6.18,16.19,22.17
4,3,2.9,0,0.2,2,8650,45,11.4,12.04,21.52
7,30,2.7,1,2.26,2,41670,27,9.87,17.12,31.53
5,11,1.6,1,2.23,1,2246,48,10.13,23.45,27.8
4,26,7.1,2,1.17,1,25751,45,13.97,20.55,33.08
4,7,5.3,1,1.8,2,11768,29,13.23,18.92,26.02
1,13,8.7,2,1.05,2,29046,42,9.25,12.09,13.47
7,9,5.0,1,0.61,0,42819,41,12.01,23.06,27.23
1,29,5.2,2,0.9,0,31276,43,9.99,11.85,13.34
6,16,8.3,2,0.34,0,1921,33,11.29,18.57,25.51
5,27,2.4,0,0.97,1,2760,21,9.39,18.29,32.33
0,29,4.9,1,1.56,1,12886,47,4.07,6.29,9.43
6,12,8.5,2,1.28,0,18271,63,12.16,18.06,27.76
2,4,6.3,2,0.76,2,18232,59,14.39,17.25,17.92
3,6,5.7,2,2.49,2,17610,44,10.7,14.14,19.21
2,5,5.3,1,0.13,2,30381,53,10.53,12.87,14.03
3,27,7.0,2,0.75,0,27680,58,12.37,14.93,19.94
1,7,9.1,0,1.77,2,48768,26,2.21,3.98,5.32
7,17,5.8,1,2.49,1,41690,44,10.0,23.3,25.89
5,1,8.0,2,2.39,1,33344,26,12.84,21.14,28.27
1,4,4.8,0,0.51,0,49910,61,3.4,4.73,6.89
5,29,2.0,1,2.42,0,41800,28,12.51,24.25,29.45
5,23,2.4,1,0.36,1,26044,44,14.73,26.0,34.33
0,10,3.9,0,0.78,0,35861,29,2.3,4.34,5.14
6,14,8.6,0,0.33,2,4432,62,6.3,11.21,17.81
1,4,7.9,0,1.69,2,10684,60,1.29,2.26,4.44
5,4,2.8,1,2.17,0,26809,60,10.96,21.04,26.35
2,9,2.0,2,1.21,2,5930,40,13.48,17.01,20.76
4,27,1.1,2,1.37,0,7732,20,15.59,21.58,29.62
0,22,7.2,0,1.27,1,9351,58,1.79,4.73,7.0
2,18,1.2,1,2.02,0,15110,64,8.81,15.67,18.2
2,15,9.0,1,2.09,0,40659,54,9.32,14.01,18.31
4,11,7.9,1,0.65,1,32469,51,13.32,19.39,29.7
1,3,9.8,2,0.19,2,4859,31,9.43,9.9,10.04
6,23,3.9,1,1.53,0,15503,36,9.43,13.79,19.51
5,18,6.3,1,0.31,0,5146,51,11.91,17.38,37.62
5,25,6.8,0,2.27,2,6729,47,5.84,20.24,28.8
2,10,8.6,2,1.36,0,6607,54,14.01,18.29,24.25
7,24,6.9,2,0.52,1,43251,25,13.01,20.91,36.47
7,13,6.3,2,1.11,1,25602,19,13.36,20.76,33.47
3,5,2.8,0,0.52,2,14269,20,6.15,8.28,11.13
4,30,5.7,0,0.7,2,7305,38,10.59,13.15,21.81
3,23,7.3,1,0.37,1,4827,31,7.85,13.62,19.72
2,15,5.2,0,0.38,2,19240,52,8.05,12.23,12.73
1,20,5.6,0,0.48,0,19654,61,2.1,5.92,9.22
5,14,7.9,1,0.39,0,21571,24,13.68,23.73,37.86
2,7,1.8,1,0.82,2,26153,55,9.61,13.39,16.42
7,19,4.7,2,0.12,1,32626,62,11.26,22.78,33.66
7,4,7.6,2,1.33,1,14956,49,9.51,22.66,31.12
6,5,1.6,1,1.59,2,40173,43,11.17,15.03,16.51
6,18,9.3,0,0.64,1,46968,56,8.7,10.7,16.09
4,14,6.3,1,2.35,0,47537,32,12.71,20.01,25.48
1,27,9.8,2,1.54,2,9915,31,8.19,10.29,12.05
3,20,4.3,2,2.19,0,43647,58,11.6,15.79,19.0
0,6,7.5,1,1.52,1,40396,40,4.85,5.34,7.58
5,18,6.8,0,1.75,0,35551,32,10.01,16.44,26.89
4,28,6.0,0,0.76,0,43850,41,10.52,16.91,23.73
7,18,4.1,1,0.74,2,24430,26,10.7,24.8,31.76
6,17,7.1,2,0.76,1,37200,37,11.23,18.13,27.46
4,11,7.8,1,1.43,2,18497,61,13.97,20.11,30.05
6,12,9.6,0,2.45,0,32423,49,7.72,12.73,17.97
0,16,3.7,0,1.3,2,39001,31,2.03,4.55,7.62
2,23,7.2,2,2.19,2,17479,36,12.49,14.64,21.65
1,26,4.3,0,0.15,1,10533,33,2.16,4.84,9.16
5,26,5.7,1,1.34,1,1315,60,9.74,20.93,32.1
6,3,9.3,0,2.05,2,19407,33,5.76,9.9,14.17
5,19,4.3,2,1.82,2,47298,50,13.48,24.73,32.39
1,13,2.2,0,2.15,2,28680,41,1.99,5.02,6.78
2,23,5.7,1,1.48,2,14934,56,11.83,14.12,18.04
4,25,7.5,2,1.79,2,19894,65,14.88,19.94,29.27
4,11,4.7,2,1.75,2,11780,21,16.42,20.89,27.52
1,23,3.9,0,0.96,1,36077,59,2.58,4.97,7.66
1,7,5.9,1,0.42,0,1591,62,5.48,7.6,9.03
1,9,2.0,1,1.95,0,22703,52,5.35,6.86,8.69
3,30,1.7,0,1.54,0,10445,32,5.87,8.73,11.13
5,26,7.1,1,1.2,2,13312,22,11.89,24.55,37.69
5,27,8.5,1,2.4,2,5281,50,10.68,24.68,31.35
0,21,2.5,2,1.75,2,48342,29,5.91,10.0,10.85
5,13,6.7,1,1.51,0,11456,53,13.29,24.67,31.85
0,25,5.3,2,1.92,2,44707,20,7.23,8.89,10.42
4,22,7.3,1,0.43,1,33426,63,12.54,20.68,28.45
6,28,2.9,1,0.89,1,24646,44,13.54,14.94,21.48
7,19,3.7,0,2.4,1,38913,43,6.46,17.34,22.38
0,15,10.0,0,1.33,0,40753,65,2.16,5.34,6.64
5,18,6.2,2,1.7,0,49977,55,13.12,20.89,30.45
2,8,1.6,1,0.43,1,2869,29,12.53,13.05,17.56
7,21,5.4,2,0.99,2,47520,44,11.57,23.29,32.43
5,17,9.8,2,0.6,1,14233,57,12.46,24.76,43.94
3,21,6.3,1,1.21,0,27566,42,9.53,14.29,17.48
0,21,4.6,2,0.37,1,1115,18,7.18,10.88,12.02
6,19,5.9,0,0.57,2,25509,64,9.23,12.94,16.69
1,15,1.7,2,0.69,2,3494,63,9.82,11.88,13.42
1,7,1.6,1,2.5,2,9388,44,6.15,6.25,9.59
6,16,4.6,2,0.81,2,2628,48,12.09,18.37,20.58
0,20,7.8,1,0.83,0,23296,20,5.79,6.88,11.06
4,30,1.3,2,1.6,1,14087,51,14.69,20.82,24.99
5,16,5.1,1,0.35,1,21923,40,15.24,18.54,33.82
5,20,8.1,1,0.45,2,29424,27,11.6,24.18,38.6
0,30,9.3,0,1.33,2,49667,39,2.2,4.55,5.33
4,16,4.6,0,0.77,0,4973,64,10.29,13.99,19.18
3,20,1.4,0,0.51,2,43249,22,5.25,10.77,12.76
2,18,9.6,1,2.33,0,48481,55,8.03,12.66,19.46
4,11,3.2,0,1.83,0,42985,59,8.7,16.09,21.4
4,12,9.8,1,2.47,0,44309,40,13.95,17.09,24.01
4,19,2.9,2,0.94,1,41647,22,15.06,20.5,29.65
4,1,2.0,1,1.32,1,37677,32,15.43,18.78,21.46
3,8,5.4,2,1.07,2,39476,48,12.72,14.7,18.99
2,26,9.6,1,0.91,2,25024,35,10.61,13.53,20.33
5,16,7.5,1,0.73,1,12049,38,11.77,22.45,34.6
1,4,5.4,1,0.47,0,39755,45,5.93,8.48,8.88
2,16,9.3,0,1.03,2,13574,31,6.07,10.1,19.97
4,23,3.5,0,2.35,0,30621,36,9.58,16.18,17.96
6,24,8.5,0,1.52,0,16792,40,6.05,13.17,18.12
6,10,9.1,2,1.64,1,46652,27,14.16,14.64,24.45
5,13,7.2,2,0.48,0,32471,19,14.72,22.59,33.24
0,4,3.8,0,2.41,1,11717,49,0.77,2.12,3.88
4,26,6.0,2,1.38,2,7060,24,14.89,21.42,29.08
5,12,5.1,1,1.3,1,30725,39,14.14,17.47,28.72
3,25,7.5,1,0.42,1,27173,65,9.03,12.59,21.98
5,16,2.1,2,1.9,1,22744,23,12.7,28.2,33.4
3,12,5.7,0,0.74,1,38195,31,6.85,8.73,15.56
2,26,7.9,1,0.75,1,21809,18,9.77,16.08,23.52
7,6,7.8,2,0.53,1,19556,60,10.33,20.53,39.41
5,7,1.3,2,0.36,0,39839,26,15.79,27.77,33.94
0,25,3.3,0,1.5,0,34833,37,1.33,5.28,6.58
5,9,2.8,1,1.72,0,3773,52,12.06,21.97,33.94
2,10,8.9,2,1.53,2,16973,21,11.44,15.89,22.88
6,19,9.8,2,1.24,0,11779,18,13.29,18.63,27.67
2,15,9.9,1,1.8,0,24424,34,8.47,15.6,18.71
5,15,9.5,0,0.29,2,17849,54,10.05,20.6,34.36
1,25,3.4,1,1.54,0,49866,42,5.0,8.9,11.13
5,22,9.4,2,1.72,1,22034,56,11.98,24.15,38.73
0,26,8.5,0,1.88,0,26274,31,0.38,4.1,5.75
5,20,2.5,2,2.28,1,20411,36,13.75,22.6,31.21
4,21,1.2,0,1.57,1,27982,52,9.52,14.69,23.28
0,1,9.8,1,0.11,2,46018,43,4.84,7.16,7.47
5,2,5.6,1,1.47,1,22182,64,11.07,24.94,28.05
6,5,8.1,2,1.51,0,23950,23,13.48,15.59,20.37
1,11,6.1,2,2.4,2,4188,54,7.89,11.3,11.85
2,4,6.2,2,0.85,2,37510,65,12.58,15.75,20.11
6,29,9.2,0,2.16,0,29989,54,5.31,12.31,18.81
2,12,1.5,0,2.23,0,44833,51,6.32,8.92,12.53
7,7,9.2,2,1.87,2,30083,58,9.34,21.09,26.01
2,2,9.1,0,2.4,2,10846,22,5.24,8.45,13.19
7,29,1.0,2,2.46,0,7111,22,12.13,20.44,26.63
5,2,9.2,0,0.72,2,18728,25,9.19,18.16,25.61
2,23,5.7,1,1.16,2,37282,50,11.44,14.2,19.26
5,14,1.2,0,1.1,2,29105,34,9.96,18.18,27.37
6,17,3.7,0,1.38,2,15957,25,9.68,11.58,17.06
0,3,3.9,0,1.21,0,22225,40,2.12,3.53,4.29
2,15,8.4,1,2.13,1,40463,24,9.09,12.8,18.77
0,30,8.4,1,1.46,2,16297,25,6.26,8.23,10.71
3,21,9.0,2,1.25,0,25839,33,11.4,15.75,22.86
2,16,5.7,2,1.72,2,14196,19,12.52,15.44,19.84
4,15,7.9,1,1.23,1,37019,19,12.66,20.25,25.06
3,3,8.6,2,1.11,0,47496,65,12.5,15.33,19.53
2,3,2.9,2,0.87,0,11495,58,13.27,16.31,17.11
0,6,7.1,2,1.47,0,16945,40,7.68,10.02,10.16
4,13,8.8,0,1.41,0,45924,62,8.35,16.21,24.54
2,6,9.7,2,0.93,0,24846,24,11.87,14.95,22.65
1,23,6.3,1,0.54,2,9438,34,6.61,9.16,11.49
0,26,3.8,1,2.05,2,28957,36,6.14,6.4,9.2
3,16,4.7,2,1.19,1,49607,42,12.34,15.51,19.46
5,23,5.7,1,2.22,2,24831,19,12.8,23.2,33.21
6,3,4.3,1,0.72,1,30492,35,10.45,11.92,17.94
0,21,2.7,0,1.8,2,10453,25,0.0,3.88,4.88
1,1,3.1,2,1.42,1,25965,30,8.22,9.84,11.26
5,12,4.2,1,1.07,1,7249,58,10.44,21.02,36.62
1,16,6.2,2,0.78,1,20123,42,9.33,10.62,14.39
3,7,8.9,2,2.4,0,20628,31,11.08,16.64,20.34
0,15,2.2,2,1.28,1,6837,46,7.62,11.02,12.6
5,9,4.1,2,0.57,1,27976,38,15.02,24.97,31.96
1,10,4.0,0,1.65,0,47129,61,2.09,4.0,5.59
3,22,1.4,2,2.18,2,4103,30,11.27,15.53,20.65
2,6,2.7,1,1.25,1,45352,58,10.17,13.29,19.19
3,4,9.0,0,1.71,0,34453,39,3.2,7.07,13.69
7,6,9.8,1,1.82,2,11212,63,8.3,19.7,30.87
4,6,1.2,0,1.12,0,7740,25,10.18,12.15,19.83
1,30,8.7,0,0.42,2,38697,43,3.51,4.41,7.6
2,7,7.9,2,0.3,0,4459,25,13.02,16.55,20.26
7,2,6.3,2,0.18,0,46391,58,11.99,24.0,24.58
7,24,3.3,0,1.43,2,40864,26,8.17,15.45,24.48
5,12,7.4,1,0.17,0,27695,55,13.4,21.61,34.3
0,19,9.6,2,1.25,1,7870,65,8.51,10.71,12.64
4,23,4.9,2,1.48,2,21454,56,15.26,20.94,28.76
1,20,1.1,2,0.32,1,1481,62,8.71,11.01,13.54
2,6,2.7,0,0.75,2,26335,65,6.46,9.42,15.01
3,17,3.9,2,2.03,2,4049,23,11.4,15.78,18.89
3,2,1.5,0,0.61,0,14705,18,7.05,9.15,11.32
6,14,8.8,0,2.24,2,18254,26,5.45,11.05,16.81
7,24,9.1,2,1.05,0,39923,39,11.06,22.13,34.88
4,16,4.3,0,1.17,2,38674,58,9.88,13.77,19.54
5,9,5.2,0,2.48,0,17902,51,7.44,18.29,30.32
3,20,5.9,1,1.85,1,1869,27,10.39,12.42,17.46
5,23,5.2,0,0.62,0,13892,37,7.56,21.85,30.84
7,7,6.4,0,2.39,2,41435,39,7.47,11.47,23.1
4,21,1.6,2,1.85,0,13303,43,13.18,18.09,24.82
2,7,3.9,2,1.69,1,45986,56,11.54,16.3,18.7
4,20,9.0,2,2.14,0,8655,44,14.37,19.82,29.24
3,23,6.5,0,2.16,0,13707,28,4.54,9.54,13.03
7,19,1.2,2,0.52,0,3308,39,13.49,22.29,32.82
1,21,3.5,2,0.91,0,34216,58,9.8,12.23,14.4
2,25,5.5,0,1.14,2,24401,65,5.41,10.58,16.73
6,2,5.5,2,0.86,2,26508,39,12.16,17.2,17.95
4,8,2.2,0,0.57,1,41777,56,9.12,16.05,18.7
2,10,6.4,2,0.31,2,43103,33,13.72,17.06,20.96
2,3,2.4,0,0.58,1,39381,21,7.03,11.4,13.03
3,9,9.3,0,0.36,2,11890,38,3.63,11.6,16.13
0,19,6.0,1,2.15,2,37157,19,4.77,6.33,8.78
4,17,7.9,2,1.44,1,43819,34,13.5,22.95,30.44
7,16,5.2,1,1.59,0,3706,29,9.4,20.33,27.49
5,4,1.7,1,0.29,1,34439,41,13.47,22.25,30.3
1,30,8.6,0,0.83,1,48115,35,2.35,5.99,8.24
3,4,6.5,0,0.48,2,2907,54,5.5,8.5,12.2
3,18,1.5,1,1.64,2,4099,19,8.49,11.98,16.12
2,23,4.8,1,0.65,0,22471,20,10.44,15.67,17.61
1,11,4.1,2,2.08,2,37782,32,9.03,9.66,12.65
0,11,9.5,0,1.07,1,44061,63,2.56,4.8,6.3
7,26,9.2,1,1.68,1,41929,34,10.12,16.92,34.84
5,27,7.6,1,1.47,1,36104,29,10.99,22.46,33.41
0,15,5.3,0,2.11,2,12546,54,1.54,3.7,5.01
6,11,9.5,2,2.19,1,886,35,11.87,17.71,25.36
1,23,1.4,0,1.26,0,23080,19,3.28,5.42,8.12
0,7,1.1,1,1.85,1,33600,45,4.11,6.39,6.57
4,1,8.0,0,0.16,0,47955,50,9.9,10.84,20.51
7,5,4.4,0,1.91,0,33615,55,5.88,10.45,21.55
3,19,9.7,1,0.82,1,15255,36,8.92,13.85,19.4
6,22,4.5,2,1.44,2,23131,62,14.86,17.8,23.0
4,30,1.5,1,0.27,1,49452,48,14.57,15.45,27.63
0,16,6.8,1,2.17,2,39551,61,4.69,8.21,8.63
2,21,6.7,0,2.23,0,43385,26,6.63,9.96,16.3
2,10,7.1,1,1.02,0,37621,43,11.17,14.05,18.74
5,7,8.3,2,0.98,1,6406,65,14.3,22.4,36.68
5,12,1.1,1,0.89,1,43137,34,11.31,23.78,28.56
1,10,6.0,2,0.77,0,6844,64,8.99,9.2,13.51
7,8,3.1,1,2.31,2,14829,61,8.55,13.96,29.4
7,15,5.6,0,2.07,0,29202,23,6.96,12.91,19.92
3,18,7.0,0,2.1,0,42382,34,4.32,8.44,14.78
3,8,3.4,1,1.79,2,13401,46,8.8,12.26,15.24
4,3,1.3,0,1.37,2,25289,35,9.59,12.17,18.4
5,11,9.7,2,0.97,1,34969,28,15.62,28.76,40.75
0,25,4.4,0,1.06,1,44134,25,2.07,4.76,5.91
5,16,3.4,2,1.92,2,35683,44,13.41,23.62,36.24
5,18,3.2,1,1.62,1,34861,56,12.23,18.67,30.13
1,23,3.3,2,1.2,0,31132,18,8.78,11.59,13.95
5,20,3.7,0,0.44,2,2465,38,10.78,21.94,25.84
2,17,7.9,0,1.49,0,25944,58,7.58,10.53,17.77
1,26,3.8,2,1.52,2,18062,33,7.73,10.63,12.59
5,5,4.5,0,2.41,2,14502,44,9.35,14.53,21.85
5,26,7.9,1,0.14,2,32009,20,10.6,23.82,35.06
0,14,7.7,0,1.8,1,40479,19,0.86,3.19,6.09
7,29,1.4,1,2.48,2,26677,36,10.49,16.94,34.04
6,20,5.0,0,2.43,1,41628,23,5.36,13.17,16.49
0,20,3.7,1,1.1,1,43700,34,4.28,8.55,10.53
0,14,5.0,1,2.1,2,21659,50,4.19,6.21,8.58
0,23,2.2,0,2.06,1,21427,32,1.35,4.37,5.56
7,3,4.5,1,0.52,2,32794,26,10.44,19.99,22.21
1,13,8.8,2,0.29,0,48147,26,9.18,11.15,14.15
3,3,2.4,0,1.14,0,871,62,8.02,9.75,11.64
6,14,1.6,2,2.23,1,4903,44,12.61,18.56,23.44
1,9,5.9,0,1.28,1,8969,38,2.61,5.16,5.84
7,26,9.0,0,1.27,2,12698,40,4.38,16.59,29.31
3,29,7.4,0,1.07,2,45344,33,5.66,8.99,16.95
7,24,6.0,0,0.58,1,8199,23,9.39,14.0,25.97
3,7,8.3,2,1.21,1,33164,33,10.86,15.6,22.69
0,13,5.2,2,1.36,0,42098,37,7.91,10.64,13.24
4,10,1.0,2,0.34,0,10401,48,15.6,17.96,25.75
0,29,9.3,1,2.05,1,9805,24,3.97,6.65,9.05
7,29,9.7,1,0.91,0,30776,21,8.63,17.8,33.24
6,8,3.9,2,2.03,0,23694,26,13.06,15.32,17.95
0,3,3.0,2,0.87,1,3506,49,7.31,9.01,10.58
3,28,4.8,1,0.78,2,38635,28,10.94,13.04,19.09
6,11,9.0,1,0.34,2,5181,53,11.77,15.37,18.93
7,2,7.9,0,1.56,2,11332,27,4.81,16.27,23.23
3,20,9.6,2,0.15,0,31424,58,11.9,16.89,21.85
2,17,6.2,0,0.29,1,32594,26,8.16,10.59,16.34
1,25,2.6,0,1.95,1,12295,26,1.09,3.41,7.47
6,22,6.0,2,0.46,1,18816,21,14.87,19.65,22.89
6,2,7.3,0,1.94,1,40941,45,5.32,9.56,15.48
6,27,2.1,1,0.41,2,22983,38,12.28,16.86,20.27
2,28,4.9,0,0.85,0,34459,34,7.34,12.89,14.61
3,13,4.9,0,0.62,2,17596,18,7.25,10.34,13.48
0,16,7.0,1,0.23,2,23535,34,5.97,8.17,10.63
3,16,2.4,1,1.73,1,7168,26,10.08,13.3,18.36
5,12,4.8,0,0.11,1,48902,24,10.06,19.34,30.81
4,4,8.0,1,0.77,1,29387,46,13.64,15.08,29.94
4,20,6.1,0,2.31,1,39886,53,10.54,12.7,22.23
5,7,8.9,2,1.19,1,3165,35,17.22,25.28,31.55
5,15,7.0,2,0.25,2,9169,25,13.83,28.76,41.81
4,24,5.8,2,2.0,0,33524,42,15.64,20.48,28.47
4,30,7.4,2,1.24,1,20955,61,16.68,25.94,30.17
0,20,5.4,0,1.23,1,29678,26,0.58,4.85,6.1
7,25,5.5,0,0.68,0,49782,21,8.16,17.13,24.16
6,19,7.8,1,0.65,1,19920,38,11.21,16.64,23.89
5,23,3.9,1,2.45,1,45952,59,10.75,21.27,39.5
0,17,8.3,2,1.16,2,49507,22,7.85,10.4,11.88
4,30,9.3,2,0.52,2,3776,31,14.76,23.61,33.81
3,22,7.1,0,1.33,1,37823,44,4.88,9.5,14.89
7,17,5.0,0,0.33,1,40882,42,7.66,14.69,29.45
4,21,3.5,0,0.46,2,31495,44,8.42,14.55,22.11
5,22,3.9,1,2.24,2,21880,18,13.34,23.36,35.42
4,19,2.0,0,0.89,2,9869,35,11.35,14.15,19.98
6,18,7.1,0,2.44,2,29305,20,6.81,9.54,18.24
0,30,1.3,2,0.62,1,45987,44,8.0,10.18,13.19
2,14,7.5,2,1.05,2,17132,27,11.58,17.88,23.83
0,14,5.6,2,1.07,1,31630,55,7.97,10.08,12.22
2,18,6.1,2,0.88,1,37234,39,12.76,18.68,21.48
1,8,1.2,1,1.49,2,20228,41,7.07,8.38,9.38
5,19,2.2,2,1.88,0,12678,22,12.62,25.75,39.57
3,18,9.8,1,0.82,1,24343,18,9.17,15.65,20.6
7,27,4.8,1,1.92,1,5182,23,9.67,15.3,26.98
2,5,6.2,1,1.57,0,17405,19,9.51,12.13,15.4
1,26,2.6,0,1.19,0,23789,25,2.68,4.68,7.84
6,22,6.4,0,0.88,1,48570,64,8.07,12.69,15.94
4,16,8.7,0,1.17,1,15833,55,7.13,14.46,25.19
3,19,4.5,2,1.26,2,25160,39,13.23,17.1,19.43
6,5,6.3,1,0.72,1,16100,30,12.26,13.99,18.43
1,11,3.8,0,0.52,0,26767,57,3.48,6.02,8.38
1,3,5.7,0,1.28,1,27685,64,3.63,3.99,4.53
0,30,4.0,0,1.27,0,8475,34,2.09,3.87,7.03
4,17,7.9,1,2.35,1,15628,58,11.0,15.94,23.44
7,25,6.9,0,1.96,0,41105,49,6.26,14.32,25.23
3,20,5.0,0,0.19,1,32546,19,6.02,10.76,13.58
0,11,9.5,2,0.62,2,43031,45,7.56,10.64,12.74
1,29,9.9,1,0.6,1,15362,34,6.39,8.61,11.78
5,15,3.6,1,2.28,1,35214,37,10.28,19.08,33.15
1,5,9.2,1,1.14,2,16264,19,5.94,7.33,7.92
6,18,6.9,0,1.57,2,48965,61,6.87,11.59,18.17
0,1,8.8,1,2.05,2,3791,54,3.85,4.98,6.97
1,2,5.8,1,2.05,1,36219,43,5.84,6.07,8.41
0,9,3.5,2,0.22,0,8598,38,7.92,9.64,12.28
6,7,7.7,0,1.3,1,31157,41,7.04,10.43,19.32
0,25,7.6,0,2.09,0,20991,64,1.26,3.99,6.41
6,1,3.7,1,2.5,2,46109,22,10.14,12.65,14.33
0,19,1.0,1,1.48,0,9349,46,4.62,8.12,10.22
4,28,6.3,1,2.16,2,44679,27,11.15,17.05,22.43
3,26,5.6,0,0.66,0,16628,64,7.05,11.25,14.2
5,12,8.4,2,0.46,1,49713,63,12.29,22.26,38.72
3,12,6.4,0,0.61,0,23824,48,5.98,10.74,13.17
7,8,1.8,1,1.03,1,36931,19,7.94,20.51,25.98
2,24,2.9,1,0.33,2,1799,42,10.95,15.43,20.23
6,12,2.7,2,1.79,2,1873,64,11.81,15.66,19.38
6,7,9.9,2,1.22,1,31304,21,13.43,16.77,23.97
4,18,8.5,2,0.1,2,21521,58,13.48,21.76,29.79
6,13,3.3,0,0.29,0,36329,49,7.84,12.06,16.46
6,20,7.6,0,1.36,2,1200,37,7.77,12.79,21.12
4,23,7.1,2,1.98,1,24871,47,14.99,18.24,29.56
2,29,4.1,0,0.34,2,16525,54,7.39,11.73,18.21
4,8,5.4,2,1.03,1,31109,35,14.89,23.65,28.52
7,19,5.3,1,1.02,1,2556,57,9.85,21.13,35.36
0,29,5.7,0,0.42,2,10123,26,2.74,4.35,7.38
3,22,1.4,1,2.3,0,29976,55,8.32,12.3,16.88
0,29,3.6,0,1.89,1,14365,19,0.59,3.55,4.5
1,18,3.2,1,1.05,0,18923,50,6.95,9.76,11.84
2,14,8.9,0,1.67,0,22153,37,3.99,10.71,15.41
1,6,4.4,1,1.68,2,26809,63,5.8,6.14,8.29
0,4,8.6,2,0.52,1,46850,61,8.33,9.53,10.43
0,15,2.4,1,0.78,2,24812,33,5.51,7.98,9.21
5,15,2.5,1,1.15,0,48361,34,13.55,18.76,33.4
3,16,1.3,2,2.32,2,26701,34,12.28,13.82,18.15
3,19,3.1,0,2.32,2,18830,41,4.19,10.05,12.76
5,8,1.9,2,0.52,0,14146,48,17.28,27.7,38.72
4,8,5.6,0,0.46,2,4760,46,10.74,13.55,18.69
2,7,6.3,2,0.53,1,38697,60,12.07,15.98,20.65
0,19,7.3,2,1.19,1,12128,23,8.19,12.07,12.28
2,26,6.0,0,1.77,0,35501,40,7.51,11.58,12.77
3,17,5.6,2,0.34,0,8609,32,12.39,14.59,20.76
5,20,8.7,2,0.57,1,31945,23,14.65,21.93,44.66
3,3,7.2,2,0.56,1,20004,32,11.01,16.89,20.92
6,21,5.3,1,0.64,2,34810,45,9.48,15.96,20.18
1,22,9.4,0,1.35,2,35790,57,2.95,6.04,8.52
2,14,1.6,0,0.99,1,11215,61,6.82,12.2,16.73
5,25,8.2,0,0.37,1,1650,27,4.95,21.41,26.16
1,23,7.4,2,0.36,1,19508,20,10.11,12.05,15.18
5,20,6.0,0,2.49,1,46385,43,8.3,17.72,28.13
6,13,2.9,1,2.3,1,24074,61,10.67,15.21,20.87
6,28,4.0,1,0.98,0,21417,61,10.41,14.73,20.5
0,19,5.8,0,2.22,2,3287,23,2.19,3.29,5.05
5,2,3.1,1,1.46,1,30192,56,11.48,20.92,35.97
4,6,2.4,0,0.18,2,32356,47,11.91,12.74,17.7
1,25,2.1,2,2.28,2,35313,31,7.29,10.78,14.16
4,26,1.4,2,1.58,2,20071,37,14.34,17.7,30.9
3,30,2.6,0,0.87,1,4870,56,7.05,10.78,16.12
2,7,7.1,1,0.68,2,48159,35,8.9,12.15,17.94
6,7,7.1,0,1.17,2,21239,40,7.04,13.17,16.66
5,10,6.9,0,2.33,2,25563,20,8.11,14.88,26.47
3,24,9.8,1,0.66,2,49474,23,9.58,16.03,20.24
7,26,5.9,0,1.6,1,9717,59,6.45,13.56,23.15
4,27,4.2,1,2.43,1,46457,40,11.96,17.15,22.06
2,13,2.8,1,2.08,0,32292,49,9.79,14.82,18.01
3,9,2.8,1,2.4,2,2354,24,8.01,10.83,14.68
6,12,2.8,1,1.0,1,12917,22,11.49,16.2,22.35
0,23,7.1,2,2.06,0,10450,55,6.76,9.12,10.55
7,8,5.9,1,1.41,0,28514,43,12.75,16.5,29.64
0,30,3.6,1,1.92,2,43178,30,5.35,7.21,8.96
4,29,4.0,1,0.67,2,48847,55,14.01,17.11,24.9
0,23,6.2,1,0.84,2,48610,56,5.21,7.98,9.93
7,12,1.7,1,1.21,0,34246,23,11.28,19.9,28.08
2,10,2.0,2,2.14,0,22869,59,12.2,14.82,20.45
2,7,4.0,0,0.75,2,27515,25,7.83,10.11,14.67
5,3,7.2,2,1.87,1,40785,35,11.61,19.68,36.5
1,18,7.2,0,2.26,1,19950,30,2.19,4.88,7.61
0,22,5.0,2,0.37,2,26829,31,7.64,9.78,13.81
4,10,5.7,1,1.39,0,13923,64,12.54,18.99,22.53
4,16,2.0,0,1.3,2,3445,26,9.52,16.45,23.82
0,26,5.0,1,0.22,2,14062,58,6.21,9.0,9.43
0,6,1.5,0,1.73,1,38747,20,0.65,3.01,3.12
1,13,9.4,0,1.65,2,42242,37,1.67,4.01,7.68
3,4,9.1,0,1.87,1,40411,65,4.33,9.08,12.15
7,26,6.1,0,0.53,1,34640,44,7.32,14.69,20.52
3,28,2.7,2,1.67,1,21330,40,11.01,15.97,22.6
0,18,4.3,0,0.12,2,26114,45,2.5,3.81,6.21
0,28,2.1,1,1.99,0,16628,23,4.14,7.12,9.95
4,15,3.6,0,2.11,2,36046,27,8.18,15.62,19.42
4,21,4.5,0,1.03,1,20873,47,10.99,14.58,21.93
5,8,9.0,0,2.06,2,42408,61,8.28,17.07,31.65
5,21,6.9,0,0.6,0,40085,45,8.58,17.79,31.44
0,29,2.7,1,1.13,2,2107,48,5.99,8.28,9.41
6,14,2.5,2,1.75,2,34039,42,11.74,18.54,23.75
7,23,5.6,2,0.23,1,19553,46,12.49,24.73,33.31
3,21,2.9,0,1.42,1,34747,36,7.63,12.02,13.4
6,4,2.1,2,0.24,2,49983,30,13.56,16.69,20.78
1,25,3.4,1,2.32,0,30993,60,5.36,7.49,11.8
4,17,7.3,0,0.62,0,46890,54,7.7,16.82,22.81
1,12,4.6,2,2.39,2,47787,37,7.6,9.61,13.97
7,23,6.9,2,0.34,1,19695,55,13.61,19.37,27.72
5,23,2.4,1,1.74,2,631,46,8.52,24.91,26.37
0,19,1.2,2,2.22,0,32625,19,6.12,9.54,11.45
1,7,8.1,1,1.29,2,46203,26,6.67,8.11,10.55
6,16,5.0,1,0.63,2,46224,62,12.13,17.73,21.64
1,17,7.1,0,0.1,0,13987,26,3.72,4.79,7.95
6,11,3.0,1,1.56,1,28381,59,10.62,14.96,18.96
1,26,6.6,1,1.19,1,42613,28,7.32,8.02,10.99
1,24,1.0,2,1.27,2,38132,45,8.61,9.98,13.75
4,15,7.8,2,1.81,0,40889,40,15.56,19.33,31.99
5,16,1.0,2,1.98,0,11260,18,12.46,24.41,31.2
7,5,8.3,1,1.62,0,587,42,6.63,19.84,31.8
3,11,8.5,1,0.46,2,1429,40,8.02,14.01,19.58
1,2,3.5,2,1.93,2,23269,59,8.42,8.75,10.4
4,1,5.3,0,0.44,0,16619,59,9.61,12.29,21.36
1,3,8.2,2,0.73,0,15876,25,9.21,9.6,11.37
7,7,3.0,2,1.98,2,5492,38,13.08,19.36,27.14
5,18,8.3,2,2.14,1,45810,32,13.8,23.0,36.38
5,10,3.5,2,1.21,2,11601,58,17.12,22.59,30.99
0,4,9.8,0,1.54,1,15534,63,0.65,2.43,3.18
0,17,7.0,0,1.6,2,31692,49,0.06,3.79,5.0
7,5,7.3,0,0.43,2,8546,24,6.07,12.18,25.03
3,1,3.5,1,1.36,2,40198,60,10.08,12.93,16.22
2,12,1.4,0,1.98,2,17088,18,6.81,10.11,13.02
2,28,2.3,1,1.67,2,22011,22,9.59,12.69,18.89
3,2,7.8,2,1.53,1,45235,35,10.21,13.99,20.32
3,26,4.4,1,1.34,2,23451,19,9.93,15.19,18.33
3,17,7.6,0,2.34,2,21641,28,4.1,10.48,15.81
6,5,1.6,2,1.52,1,39114,33,11.91,17.28,17.36
0,18,8.0,0,0.77,2,45044,30,2.56,4.69,6.19
3,17,8.7,2,1.91,0,30632,46,9.06,15.57,19.71
3,25,9.8,0,0.63,2,6438,23,6.08,11.38,15.82
3,18,8.1,1,1.05,2,21460,60,10.46,13.11,20.57
7,14,6.9,0,0.29,1,6566,32,6.18,19.03,26.33
1,8,7.8,1,1.31,2,49614,40,6.26,7.68,8.51
6,9,6.2,2,0.15,1,2321,51,15.9,17.18,19.45
4,10,6.9,0,1.21,0,36061,20,9.57,11.3,19.61
5,10,1.1,0,0.16,0,26605,42,10.81,22.09,24.82
6,8,3.4,0,1.42,2,14578,39,9.15,11.45,14.32
7,13,8.9,2,0.88,0,20136,61,14.0,22.58,30.52
0,3,4.4,1,1.45,0,44555,41,6.07,6.79,7.48
7,17,4.8,1,1.83,0,36788,26,10.61,19.36,29.18
2,4,3.7,0,0.79,1,36998,31,7.08,9.57,12.59
6,16,5.1,2,0.95,2,44951,57,13.11,19.88,21.82
5,17,3.6,0,1.22,1,25937,39,7.12,17.13,31.39
2,9,5.6,1,1.52,2,9640,32,10.2,11.82,17.76
0,23,7.8,2,2.12,2,20454,51,7.5,8.76,11.1
2,1,3.8,1,0.94,0,10795,29,9.67,14.6,15.94
7,7,3.3,2,2.45,0,3709,47,10.52,22.19,26.14
3,1,6.5,0,1.84,0,37963,32,4.92,7.88,11.65
1,4,3.4,2,2.32,0,6641,35,8.0,8.64,11.2
0,29,9.9,0,2.45,1,47278,56,0.21,3.67,4.71
2,5,9.1,2,1.93,1,41971,53,11.13,15.13,18.82
2,8,1.9,1,1.72,1,5946,27,11.62,12.56,17.5
2,15,9.2,1,2.38,1,11115,62,9.08,13.05,20.58
6,27,4.2,0,0.83,0,5743,39,8.57,13.51,19.53
6,11,8.2,0,0.66,2,45338,18,4.86,13.06,19.32
0,14,1.7,1,1.38,2,15909,44,4.77,7.58,8.51
7,8,8.2,1,0.59,0,8338,29,10.49,19.63,32.05
4,2,4.3,2,2.47,1,46212,65,15.66,19.96,25.67
3,23,5.0,0,0.84,1,23873,55,6.98,9.84,14.2
6,29,4.3,2,1.95,2,29982,36,11.12,17.97,23.5
1,19,9.6,2,1.56,1,29993,64,8.15,11.37,13.64
5,26,8.4,1,1.98,2,42008,26,9.73,22.42,32.11
7,9,9.3,0,1.65,0,43510,39,5.7,16.7,27.14
0,1,9.1,1,1.99,1,1854,60,3.41,5.8,6.5
3,9,6.5,2,1.16,0,9827,58,11.04,16.62,19.34
1,21,2.6,0,0.2,0,37083,65,1.91,5.24,7.76
2,16,4.9,2,1.67,0,17591,30,11.85,17.31,22.68
2,23,8.7,0,1.09,0,18812,37,7.01,11.86,19.65
4,18,9.9,0,2.14,0,45090,54,8.1,13.73,26.42
6,5,3.4,0,0.29,1,38373,64,7.76,9.4,13.36
5,28,7.7,1,0.27,0,33080,22,12.9,27.21,35.73
4,8,9.2,2,0.97,2,23940,28,14.34,22.03,25.78
3,18,3.0,2,1.23,0,24008,39,11.34,15.09,22.77
3,22,7.3,0,1.36,2,30980,65,6.02,10.51,17.31
7,5,4.0,0,0.89,1,48881,65,8.45,14.4,24.05
7,1,9.7,0,2.14,1,46717,61,3.87,14.2,25.16
0,30,2.7,1,2.46,2,29660,57,4.6,7.22,8.86
6,8,2.5,0,0.44,1,2821,30,6.16,10.29,15.61
0,29,2.2,0,1.86,0,38619,27,1.21,3.55,5.02
7,3,3.7,0,0.31,2,20356,48,7.74,18.53,24.97
7,10,8.6,1,2.11,0,11746,44,10.31,13.69,31.6
2,29,3.9,1,2.1,2,17179,58,10.98,15.47,18.44
7,13,3.5,1,0.85,1,11908,41,8.04,20.06,26.7
4,16,5.9,1,0.93,0,32536,31,15.3,19.28,25.1
4,23,2.2,1,0.51,0,42233,36,13.29,18.76,28.54
3,1,8.9,1,0.2,1,36084,28,7.88,14.18,15.91
2,24,4.3,2,0.48,1,22330,29,13.6,15.78,21.5
1,12,1.1,1,0.99,1,38968,18,5.93,8.75,11.37
2,8,3.8,1,2.47,0,4932,49,11.66,12.78,16.96
0,10,2.0,2,2.34,0,49429,49,6.93,9.07,9.34
7,23,2.7,1,0.96,0,6368,33,10.4,17.27,24.42
7,8,3.2,1,1.28,2,6530,21,11.16,20.05,29.36
5,27,4.6,0,2.45,2,17024,31,11.19,13.96,24.26
3,2,1.2,2,2.35,0,28101,20,12.86,16.27,16.98
5,13,5.8,1,1.39,0,24622,26,12.13,23.37,32.73
6,26,7.6,0,0.55,2,44468,65,6.9,11.13,17.42
5,16,7.1,1,1.27,2,23882,51,14.69,21.29,38.54
0,28,8.3,0,0.77,1,3911,43,1.25,4.58,7.32
1,21,8.3,2,1.08,1,26513,28,9.59,12.19,13.24
4,2,7.1,0,0.97,0,4790,64,8.07,15.67,22.39
2,22,6.8,0,1.74,0,26447,48,5.69,9.78,13.36
6,28,1.2,0,1.1,0,14351,56,9.38,12.95,15.44
7,1,8.4,0,0.78,0,18050,43,6.89,15.98,19.95
4,24,4.8,0,0.94,0,2078,57,8.66,14.75,20.35
5,20,9.5,2,1.87,0,32661,37,11.14,28.75,35.35
4,7,5.8,1,1.47,0,38369,27,13.54,16.14,22.32
5,14,4.0,0,1.66,1,31273,53,8.98,17.51,30.08
5,20,10.0,0,1.33,0,26797,56,6.58,19.34,29.03
4,6,7.4,0,0.42,1,9713,29,9.33,14.12,21.86
2,26,6.4,0,2.23,0,6523,43,6.9,10.38,15.26
5,23,5.1,1,2.48,2,15799,50,13.31,20.64,28.66
3,11,2.8,0,1.92,2,32857,52,5.87,11.23,12.93
7,3,3.3,1,1.31,0,18452,36,12.23,17.76,22.94
7,29,2.6,1,1.96,1,19367,57,8.55,17.54,29.81
4,29,7.1,2,2.31,2,16084,55,14.32,17.91,33.33
4,25,2.3,0,1.69,2,43882,23,10.56,15.82,19.42
1,4,2.3,2,2.18,1,48372,18,7.88,8.59,11.1
0,17,4.3,2,2.34,2,47315,61,7.06,9.87,11.32
7,9,4.5,2,1.47,1,21831,35,13.96,20.1,28.99
1,30,5.4,2,2.35,0,17459,24,7.42,10.6,11.32
4,26,8.9,1,0.41,2,24164,23,11.29,16.66,27.21
4,10,2.0,0,1.53,0,40445,55,8.22,13.62,17.48
1,3,2.9,0,0.92,2,11899,63,2.94,3.07,6.33
3,15,7.4,0,0.3,0,36505,35,5.68,8.6,18.03
2,12,5.4,1,0.69,0,45264,62,9.85,15.04,19.18
5,19,2.5,2,0.83,2,35949,33,12.95,25.69,36.02
3,19,5.7,1,0.13,1,12355,56,8.37,15.28,19.13
2,30,6.1,0,0.59,1,43835,21,6.82,11.43,13.89
6,21,2.6,0,0.31,0,8318,28,8.8,11.29,17.66
3,29,6.8,0,2.48,2,11341,41,6.04,8.6,14.49
6,3,5.7,2,2.3,2,25083,52,11.64,18.33,19.75
1,16,8.2,2,0.46,2,5529,40,8.56,10.95,15.99
1,9,6.1,2,1.3,0,893,33,8.46,10.6,10.91
5,2,4.4,1,1.59,1,5074,53,11.46,25.74,29.45
4,30,7.3,1,1.25,0,24892,18,12.65,19.03,29.25
4,29,4.1,2,2.47,0,40220,18,16.28,18.01,24.65
1,2,4.0,0,1.78,2,49457,60,1.74,2.62,4.77
0,4,4.3,2,2.22,0,8825,45,5.87,7.32,9.47
0,21,6.3,0,1.22,1,25817,26,1.64,4.05,5.72
2,10,7.5,2,1.05,1,44454,36,12.3,15.53,22.22
7,30,7.9,0,0.61,2,5693,63,5.76,16.38,28.92
6,6,2.9,2,1.06,0,47045,57,15.09,18.31,20.1
4,18,8.5,2,2.23,0,34243,26,15.16,19.52,26.64
1,18,9.3,0,0.66,1,25171,58,3.46,5.79,8.14
1,7,9.4,0,1.15,2,12045,28,3.32,4.38,7.55
2,3,2.4,1,1.26,1,19043,35,10.94,14.04,15.7
2,12,1.7,1,0.79,0,46884,20,10.82,12.82,20.69
7,25,5.2,1,0.48,1,46115,58,9.33,23.21,34.37
1,22,2.5,2,1.24,0,49467,42,8.43,12.71,15.35
7,23,8.1,0,1.96,1,17746,27,3.74,12.96,29.45
0,12,6.5,0,1.03,2,37932,19,1.92,4.22,7.25
6,25,7.8,1,1.04,2,24402,62,9.35,16.2,26.07
5,30,7.0,0,1.65,0,1546,28,6.59,17.51,29.46
7,10,4.4,0,1.56,0,42204,25,4.92,17.18,23.42
6,15,5.7,1,2.15,2,47455,65,11.57,14.15,18.99
5,10,4.7,0,1.53,2,42868,46,11.29,18.31,28.3
6,13,7.9,2,0.25,0,9647,29,12.53,18.41,25.89
6,14,9.4,1,0.39,2,19340,40,8.49,16.66,24.22
2,13,2.5,0,0.34,2,5372,45,7.44,11.98,16.01
3,1,2.9,0,0.13,2,18293,52,6.32,7.0,12.22
0,1,6.1,2,0.58,1,17830,27,8.53,8.74,9.72
2,7,9.9,2,1.87,1,2716,46,11.69,13.5,19.33
3,10,8.2,0,2.12,0,11616,36,5.47,7.31,13.18
3,28,6.1,1,0.5,0,4618,45,10.71,15.56,17.78
2,21,2.3,2,0.19,0,23291,56,13.11,18.15,20.07
4,1,2.0,1,1.17,2,2101,34,12.92,14.51,24.42
0,9,9.2,2,0.83,0,8801,19,7.79,9.16,10.69
4,27,2.4,0,1.58,1,23532,34,9.71,14.78,16.81
7,18,7.4,2,0.13,0,36782,51,10.15,25.49,34.31
7,8,1.3,0,1.92,1,11857,47,5.09,16.79,24.69
3,17,6.2,1,0.62,1,35733,31,10.12,13.12,17.32
4,30,2.6,1,2.3,2,42241,48,14.15,19.91,21.68
0,8,4.5,1,0.47,0,17047,28,5.34,5.62,8.34
5,5,6.0,1,0.99,2,45901,50,12.83,24.1,27.98
6,22,9.5,0,0.34,1,48058,42,6.37,13.91,18.79
1,25,2.8,2,1.76,0,13691,19,8.21,9.22,12.21
5,6,5.1,1,0.17,2,14847,33,14.53,19.57,25.99
5,18,4.4,0,0.26,2,17123,31,9.04,20.79,32.16
3,22,6.3,0,0.72,0,16096,21,6.24,11.06,13.38
4,15,9.0,1,2.34,2,35615,41,11.53,19.13,25.37
0,2,4.7,0,2.27,1,22726,54,0.72,2.81,3.52
0,20,2.6,1,2.32,1,9939,23,4.77,7.54,8.79
3,8,4.8,1,0.95,0,26820,36,9.62,12.85,14.71
5,1,9.4,2,1.45,1,4834,54,16.21,25.77,31.99
7,9,2.2,1,0.66,1,6087,49,7.98,19.84,26.67
3,3,1.2,2,1.48,0,18263,18,11.6,14.48,15.47
4,5,3.6,0,2.17,2,5772,44,8.19,10.75,19.42
2,16,4.0,2,0.44,1,5049,55,14.46,16.39,21.04
0,3,8.3,1,0.61,1,35535,45,5.63,6.4,8.18
0,28,3.8,2,0.67,1,32771,23,7.85,11.37,12.78
5,22,2.4,1,0.95,2,3236,30,12.95,23.61,28.53
4,18,8.4,1,0.36,2,35830,18,13.18,19.74,29.89
7,21,2.8,2,0.25,1,49341,47,10.83,21.37,30.9
7,26,6.1,1,2.04,1,19621,55,7.91,18.19,25.71
7,17,8.4,2,1.03,1,20186,51,10.54,21.7,31.9
1,14,8.2,0,1.6,0,8027,18,1.76,3.8,6.92
7,10,9.7,1,0.23,0,34421,52,10.16,16.72,31.44
2,12,4.2,2,1.64,0,46430,38,11.21,17.21,20.23
4,18,8.8,0,1.57,1,29867,28,7.1,15.14,25.4
4,15,2.0,2,0.14,0,11752,47,16.49,22.61,23.87
6,3,4.0,0,1.23,1,39264,34,6.84,10.59,15.92
3,8,9.0,1,1.82,1,30933,27,7.12,10.81,18.81
2,10,3.8,1,2.37,1,18262,62,9.89,11.78,15.69
2,19,1.5,0,0.71,0,17761,21,7.94,12.53,14.95
1,13,9.9,1,2.02,0,18696,38,6.1,8.04,10.75
2,20,1.3,1,0.77,0,20007,54,10.24,13.55,19.59
4,9,3.5,2,1.61,1,12902,50,16.21,17.89,25.33
5,20,10.0,1,1.56,1,22950,52,11.86,20.86,36.36
7,8,3.9,2,1.55,1,6097,58,12.84,20.68,26.72
5,9,6.0,2,1.8,1,48760,27,16.56,19.29,33.43
2,29,3.9,1,0.91,1,42053,34,12.03,12.99,19.43
7,20,6.9,2,1.09,2,5649,57,13.0,25.67,30.63
6,6,7.7,1,0.61,2,43467,31,10.82,15.36,22.72
0,26,6.6,2,0.14,1,8802,54,7.73,10.1,12.64
7,11,7.1,2,1.1,1,27760,37,9.32,19.88,36.68
0,23,8.8,1,0.85,1,45649,38,6.25,7.26,10.27
3,9,9.8,0,0.66,2,33182,53,6.48,9.21,12.48
1,16,7.9,1,0.13,2,35123,41,7.16,8.33,11.64
1,17,7.8,0,2.24,1,11409,37,2.18,4.51,6.15
1,14,9.5,0,1.67,1,48937,52,1.41,3.77,6.63
1,5,2.8,0,1.93,0,19576,19,3.32,3.99,4.56
3,11,7.1,0,1.63,1,3586,59,4.3,9.59,12.65
3,30,9.8,2,2.38,1,5793,37,9.56,15.84,19.49
0,6,2.4,2,1.66,1,15102,30,6.67,9.14,10.84
0,15,7.0,1,1.3,1,2697,48,6.49,7.81,10.25
1,9,5.1,0,0.82,2,9661,59,3.0,4.69,5.84
1,10,8.9,0,0.32,0,45954,23,3.4,3.57,8.05
2,10,9.3,1,0.69,2,27686,54,10.69,12.18,20.02
2,16,3.1,2,1.46,1,28229,41,13.43,16.2,23.43
3,19,7.5,0,0.1,1,46627,44,6.42,10.34,16.94
6,25,1.9,0,1.66,0,17467,31,6.89,11.88,16.51
0,12,1.6,0,1.48,1,24226,48,2.0,3.88,6.49
0,26,2.1,0,0.87,2,32814,30,2.15,4.17,7.17
2,10,1.2,2,1.02,2,46402,56,13.56,16.64,17.07
1,25,5.7,1,0.32,2,9422,59,7.23,10.53,11.43
2,13,7.9,1,1.32,1,31732,63,11.08,15.88,19.07
0,2,3.7,0,2.14,0,13729,65,0.97,2.62,3.05
0,23,1.4,0,1.64,0,37960,44,1.06,3.88,4.48
0,21,8.0,2,0.21,1,22483,39,8.52,9.49,12.78
0,12,1.4,1,0.95,0,9679,58,4.63,7.81,10.17
2,12,4.1,1,1.48,0,2923,34,11.35,13.48,20.14
0,18,8.3,1,2.07,0,43827,45,4.65,6.52,8.81
7,17,1.3,2,1.47,2,36616,19,13.64,17.32,34.53
7,11,5.7,1,1.61,1,18301,40,9.42,21.25,30.74
3,27,8.3,2,1.58,1,6787,51,9.75,15.86,23.0
2,15,4.3,0,1.82,1,46351,65,6.21,9.08,12.76
0,4,5.3,2,1.48,1,17926,50,7.52,8.88,10.51
1,4,3.9,0,2.32,2,40631,23,2.23,2.57,4.86
1,29,9.3,0,2.05,1,18956,51,1.86,4.71,6.62
3,13,8.0,1,2.1,1,11557,19,8.88,11.72,18.44
2,27,7.7,2,1.74,2,2267,54,13.48,15.34,22.33
5,7,7.8,1,1.37,1,13277,18,13.04,20.54,30.45
3,2,9.8,2,1.66,1,37543,63,10.13,13.12,21.27
6,29,6.5,2,2.16,2,42071,65,14.29,18.2,22.32
2,1,8.5,1,2.22,0,11183,45,8.7,11.91,18.11
3,9,6.8,2,0.9,2,16833,33,12.97,14.01,17.88
7,28,1.3,2,1.42,2,15042,53,14.41,22.77,37.67
4,12,9.1,1,1.89,1,19489,40,11.77,16.73,28.87
0,17,5.1,0,2.1,0,1537,56,0.97,2.16,5.27
1,18,4.4,0,1.32,1,654,56,2.6,5.74,7.68
1,3,9.4,0,1.14,0,25266,29,3.08,4.72,6.11
1,26,9.7,1,1.57,1,18962,39,4.7,8.92,11.43
4,28,2.5,0,0.48,2,11424,35,11.59,15.22,21.84
1,11,1.6,2,1.94,2,29283,28,7.38,11.14,13.36
2,26,3.4,2,0.92,2,45847,39,12.06,15.78,21.41
6,22,1.3,1,2.38,1,1484,18,9.89,15.93,20.59
6,26,1.7,0,1.82,2,22786,34,8.06,10.97,17.07
2,13,3.0,1,1.74,1,31647,49,11.04,15.42,15.86
4,27,1.4,0,0.69,2,42753,28,9.92,16.13,21.08
1,7,1.8,1,1.69,1,25218,60,5.29,6.37,8.37
0,10,7.4,0,1.12,0,27514,21,2.67,3.26,5.02
5,17,7.8,1,1.99,1,14832,53,11.59,19.26,35.43
3,11,8.1,0,2.1,1,18446,25,4.35,10.4,15.34
7,19,2.6,0,2.29,0,10987,61,6.42,12.81,33.6
0,2,6.1,0,2.34,2,17009,61,1.3,2.82,3.05
5,22,8.7,1,0.26,2,15316,52,11.89,22.62,29.8
3,1,5.1,0,2.37,1,11043,37,6.34,8.9,10.41
3,19,3.7,1,2.02,1,42812,46,8.7,12.73,15.23
6,28,5.1,2,0.18,1,23553,43,14.94,19.58,21.84
6,26,5.9,2,0.39,0,23161,18,12.88,18.24,22.36
3,16,7.9,1,1.58,0,29539,64,8.79,13.54,17.52
7,16,2.3,2,1.86,0,23385,55,12.66,23.61,27.87
2,8,3.0,2,1.58,2,33857,24,11.7,15.56,17.36
5,3,8.5,2,1.41,1,19284,60,11.34,21.2,31.99
4,19,7.9,1,2.44,1,42041,37,10.15,15.03,27.82
7,24,1.6,0,0.95,2,22072,46,5.52,14.6,20.79
4,28,6.7,1,1.36,1,25240,38,13.92,18.44,23.05
2,12,3.4,0,0.57,1,23349,25,8.97,10.47,16.83
4,11,6.2,0,1.85,2,27028,33,9.52,12.54,19.35
1,3,6.5,2,1.78,2,16972,51,7.37,8.64,8.99
7,11,2.8,0,2.43,2,40421,18,7.39,15.93,25.76
5,20,9.9,2,2.12,0,11549,19,11.85,23.22,36.78
1,9,4.4,0,1.04,2,28487,37,3.19,5.5,6.64
1,18,8.9,0,1.44,0,6995,59,2.99,5.4,7.9
3,28,8.5,1,0.22,1,45683,27,8.69,13.66,23.59
5,23,5.5,2,2.25,2,36944,27,12.78,26.0,30.72
6,6,7.0,0,1.99,1,17995,27,5.72,9.62,14.82
2,10,1.2,1,1.86,2,16537,22,9.71,12.93,15.11
2,1,5.4,1,1.97,1,34343,65,10.15,13.11,16.56
4,10,2.3,2,2.42,1,31568,53,16.76,17.05,24.79
1,1,4.2,0,2.42,2,26697,23,2.34,2.42,5.32
3,9,6.2,1,2.21,2,40904,65,9.54,12.23,16.57
2,2,7.9,1,1.71,0,44721,20,8.62,12.56,18.77
3,6,4.5,0,1.05,0,8527,53,4.72,7.74,14.92
5,14,2.2,0,2.48,1,20026,56,10.46,18.39,25.3
5,19,9.4,0,1.76,1,26396,40,4.91,14.16,26.58
0,24,9.8,0,1.37,2,41115,25,1.95,4.63,6.19
7,9,1.6,2,1.56,2,41416,55,10.51,23.52,25.69
7,13,5.7,2,0.15,2,40872,31,13.48,20.65,32.21
5,1,8.7,1,2.33,2,9775,53,8.41,20.11,34.56
5,13,3.2,1,2.14,1,19116,24,11.44,22.53,29.6
3,30,6.5,1,1.87,0,27468,31,9.5,13.03,17.07
1,15,7.5,1,2.39,2,36588,21,5.15,8.6,11.81
2,25,3.7,0,1.34,0,3811,49,7.63,9.93,15.61
0,1,4.0,0,1.09,1,49785,19,1.74,3.21,3.81
0,16,6.6,0,2.36,2,35751,65,1.4,3.36,5.95
7,4,1.5,0,0.36,2,34493,29,6.33,12.46,26.55
7,21,7.6,0,0.74,2,22627,24,4.72,16.93,26.61
0,5,8.0,1,0.97,0,21641,53,5.79,5.79,7.63
0,1,5.3,2,1.17,2,34102,42,7.76,8.89,10.03
1,20,2.0,0,1.56,1,17368,46,1.73,4.32,6.78
4,6,6.5,0,1.64,2,47235,35,8.75,11.25,17.15
4,27,2.3,1,0.35,1,12628,36,14.18,17.28,22.05
0,1,6.2,0,0.25,1,49399,61,1.77,2.83,4.29
4,20,8.9,2,1.33,0,45213,62,16.99,20.29,31.75
2,29,9.6,0,1.96,0,9189,49,6.48,11.92,19.56
7,28,2.1,0,0.14,1,18905,37,6.53,22.08,30.61
3,10,4.6,0,1.1,2,32347,64,4.93,10.87,11.42
0,3,5.8,1,1.14,2,29816,42,6.05,6.06,6.56
4,7,5.6,1,0.45,0,32318,62,12.36,17.07,23.0
4,23,5.6,1,0.9,1,27988,45,14.75,18.3,23.18
3,28,8.7,1,1.1,2,47784,34,7.95,14.11,20.92
3,10,6.1,2,1.28,1,41050,48,13.97,14.7,18.09
7,6,1.1,1,0.91,0,45267,18,8.64,23.08,29.78
7,15,2.6,0,0.77,1,14401,24,5.1,19.43,23.15
2,16,6.0,2,2.36,1,5234,63,12.58,16.84,20.57
1,30,8.3,1,0.49,1,26872,22,6.87,8.79,11.46
3,16,6.0,2,0.38,0,25894,53,10.82,15.54,20.37
7,13,5.2,2,0.66,2,556,39,12.11,18.48,35.02
0,24,6.7,2,2.48,1,44218,27,8.11,9.23,10.83
5,20,9.5,2,0.5,2,18382,62,13.58,28.23,44.35
6,9,5.3,1,0.77,1,25678,52,10.1,15.19,16.63
5,24,8.1,2,1.67,2,35565,33,11.8,27.05,36.01
6,7,9.5,2,1.73,1,12944,51,12.82,19.0,23.76
7,11,1.8,0,2.33,1,48524,38,3.47,12.32,28.37
2,20,9.3,2,2.36,0,43364,52,12.22,17.24,20.92
4,26,7.8,1,1.01,1,43526,31,13.88,20.4,28.9
4,10,6.6,1,1.92,2,12634,63,12.74,18.13,21.67
0,4,1.6,0,1.79,0,20234,19,0.0,1.11,2.68
3,28,2.3,2,0.19,2,45636,56,12.05,17.27,20.26
7,18,1.4,1,0.46,2,4108,48,8.31,17.46,26.4
2,11,7.3,1,1.85,2,30634,42,7.65,13.25,22.93
6,29,6.0,2,0.9,1,23104,22,15.71,19.42,22.1
1,7,9.0,1,2.25,0,37294,41,5.13,7.56,10.08
6,21,7.9,1,1.72,1,45871,53,10.81,15.35,21.37
0,24,8.9,2,0.25,1,1261,57,8.2,9.96,14.67
7,23,8.6,0,2.23,0,49147,46,4.95,12.55,24.71
7,14,8.1,2,1.66,0,20148,39,12.51,22.17,39.3
2,13,7.1,1,0.78,2,49970,58,10.07,15.5,19.97
7,21,6.2,0,2.47,0,13155,50,3.5,17.66,23.02
6,13,4.4,0,0.37,0,24326,40,6.99,12.13,15.06
5,7,9.2,1,2.08,1,25899,38,11.68,22.37,29.2
1,29,5.2,1,1.51,0,12866,52,5.68,8.19,10.09
5,3,4.1,1,1.84,0,21888,26,12.35,19.93,30.47
5,16,5.0,0,1.14,1,8082,34,10.41,16.98,28.25
4,14,7.1,0,2.41,0,30432,21,8.57,13.85,19.75
5,22,4.9,1,0.76,2,5793,55,14.07,25.9,28.58
4,3,6.1,2,0.41,2,5293,50,18.79,21.23,27.79
2,12,9.7,1,2.24,2,42989,55,10.47,12.97,20.87
0,18,7.0,1,1.48,0,33126,30,5.15,7.26,9.32
2,28,4.5,0,1.06,2,14350,30,7.63,11.96,17.6
6,1,1.9,0,0.82,0,14208,51,7.73,11.83,13.05
2,8,6.0,2,0.58,2,36348,45,12.36,16.33,19.13
6,29,3.7,0,0.52,0,3865,62,9.39,13.13,16.45
4,15,4.7,0,1.95,2,8414,60,9.49,12.19,20.24
4,3,9.8,1,0.63,1,33528,38,12.04,17.41,27.69
1,22,5.8,2,2.19,0,21900,19,7.56,9.98,12.89
7,28,9.4,0,0.23,0,41416,29,5.36,17.81,25.43
4,17,7.6,2,1.54,1,45207,37,13.83,19.76,29.67
7,23,2.9,2,0.37,0,42528,41,12.3,26.12,34.71
5,13,8.0,1,0.74,2,25101,36,12.22,26.45,28.29
4,1,1.1,0,1.29,0,41084,62,9.48,11.64,20.77
0,7,6.8,1,1.63,0,44770,61,4.58,6.17,6.53
5,30,5.7,0,0.76,2,40494,35,11.46,18.9,29.27
3,10,6.1,1,1.67,2,49695,44,7.89,11.17,16.47
3,27,9.5,0,2.28,1,32248,29,6.11,10.99,15.1
7,12,3.0,2,2.28,0,26317,45,12.5,19.1,32.34
7,25,6.5,1,1.97,1,37434,42,10.92,16.83,29.34
4,13,2.7,0,0.18,1,3935,21,10.2,12.89,23.74
1,26,2.2,0,0.42,0,4067,38,4.1,5.16,6.93
2,13,4.9,1,0.47,0,45758,49,11.88,15.36,18.23
7,14,7.1,0,0.45,0,16759,40,4.12,18.07,22.46
3,8,4.8,2,0.99,0,36791,26,12.21,14.51,20.45
6,30,5.4,2,2.5,0,41449,25,11.22,16.63,18.25
3,1,3.8,2,1.68,0,22621,50,11.4,13.43,16.59
6,22,2.4,2,0.8,1,11141,47,12.56,18.82,23.71
5,6,1.4,0,0.22,2,34934,27,9.88,19.21,25.02
4,20,2.2,2,2.11,0,19035,51,15.26,19.14,25.1
5,28,7.3,0,1.51,0,23122,30,5.73,17.74,33.51
3,11,2.7,2,0.67,0,41658,64,13.77,16.95,17.99
6,2,1.9,0,0.88,0,28043,24,8.09,11.92,14.08
5,21,7.6,2,2.38,1,41331,19,12.95,26.1,35.36
2,17,2.0,2,2.44,2,49725,55,14.36,17.86,21.17
5,26,8.7,0,0.26,2,25221,53,10.03,16.72,28.86
6,22,7.4,2,1.96,2,46088,36,12.93,18.83,23.11
7,17,6.5,0,0.49,1,8801,51,5.76,17.22,24.17
6,22,5.0,2,2.01,0,39220,47,14.42,16.99,24.64
6,1,4.1,2,0.72,1,15364,18,13.53,15.75,22.4
2,7,3.4,0,2.42,1,18358,50,5.46,7.98,11.74
4,8,8.2,2,1.9,2,49086,19,12.55,17.17,23.16
6,30,8.8,1,1.17,0,6065,53,11.55,16.45,19.37
3,17,10.0,0,1.45,2,20022,47,5.25,9.54,16.73
2,22,2.2,2,2.16,1,22986,64,11.09,16.93,20.17
5,30,8.1,2,0.85,0,14350,41,13.01,27.55,33.46
0,9,1.3,2,2.23,2,44659,25,8.13,9.23,10.03
0,18,9.0,1,0.71,1,38075,27,4.58,7.74,10.15
2,24,4.3,2,2.06,1,44415,38,11.53,16.15,21.11
0,26,2.3,0,0.77,2,7095,31,1.81,4.36,6.32
0,4,3.8,1,0.77,0,32809,18,5.03,6.42,6.76
0,18,7.9,0,1.61,0,43079,37,0.21,4.0,4.95
7,11,1.3,2,2.44,1,25530,62,10.84,21.34,25.82
7,11,1.8,2,1.42,2,24725,64,12.84,21.35,33.67
1,7,8.5,1,0.94,1,27465,39,5.38,8.16,10.59
2,28,2.0,2,1.71,2,46192,35,14.25,17.5,18.81
3,15,5.6,0,1.13,1,34484,39,6.51,11.16,14.02
2,23,9.1,2,1.74,1,12569,64,10.82,17.0,22.92
4,5,1.0,0,1.3,1,7908,24,11.14,14.55,21.58
7,19,2.8,2,1.82,1,24650,19,13.35,17.88,36.47
3,1,4.9,1,1.03,2,14360,41,8.69,12.74,13.53
2,8,3.2,2,1.68,2,23123,39,14.59,16.03,18.44
2,5,7.0,0,1.68,2,40725,40,6.95,7.84,11.27
2,14,4.5,1,1.96,0,37924,52,8.59,14.69,17.24
2,5,2.6,0,1.01,2,36225,22,7.65,8.63,13.66
3,1,2.0,1,2.47,2,44656,21,8.88,10.44,13.49
2,4,4.0,0,1.06,0,3544,61,7.13,11.98,14.47
5,18,1.4,0,1.72,0,8438,59,6.11,15.48,26.52
7,6,9.7,1,0.26,1,17263,23,9.32,18.3,31.98
6,16,9.6,0,0.34,2,2081,49,8.25,11.77,20.98
4,6,9.1,2,0.51,2,35108,42,14.93,22.57,27.5
3,18,2.4,0,0.92,2,10441,63,5.83,9.09,17.82
4,11,5.9,2,1.41,0,13637,43,15.16,20.12,29.33
1,7,9.8,1,0.81,2,8819,25,6.46,7.4,9.99
7,26,9.2,1,1.43,0,21791,50,8.69,16.56,40.29
4,30,3.9,1,0.36,0,42826,60,15.25,16.98,26.45
2,17,3.0,2,2.03,2,44588,21,12.45,17.66,22.87
4,11,7.2,0,1.82,2,43614,60,7.81,16.77,27.68
5,17,7.1,0,1.45,1,47869,48,6.59,19.77,33.53
6,4,4.0,1,0.2,2,39185,44,12.96,16.56,18.84
5,26,5.6,0,2.19,1,30019,58,5.87,16.02,26.94
1,12,7.6,1,1.81,1,10007,23,6.08,9.02,11.03
7,11,8.1,0,0.14,1,5710,24,7.78,19.76,31.22
7,7,2.3,1,1.82,1,45474,32,9.66,14.58,22.36
0,29,2.6,2,2.3,0,6871,43,6.9,8.99,10.24
6,21,4.7,1,1.08,2,7639,23,9.57,14.35,18.88
3,15,9.1,1,1.86,0,26588,65,7.52,12.14,19.92
0,1,7.2,1,1.83,2,28565,24,4.81,6.2,6.61
0,27,8.1,2,2.44,1,42073,45,6.15,9.15,11.41
6,17,3.5,0,1.41,0,21794,30,6.59,11.31,18.42
0,7,8.4,0,1.63,0,4291,34,1.36,2.07,3.27
7,28,3.6,1,2.49,2,23024,21,10.18,16.14,29.64
0,12,9.2,0,0.31,2,24746,24,2.46,4.64,6.29
3,27,4.0,2,1.8,1,7400,62,11.94,15.85,18.86
0,12,9.6,1,1.32,1,47812,36,6.11,8.64,10.17
3,25,4.2,2,1.46,0,13869,30,12.03,16.5,20.31
2,10,8.8,0,0.23,2,34209,30,5.79,9.53,16.25
3,21,8.0,1,1.98,0,21033,56,7.78,13.34,19.7
6,11,3.3,0,1.16,2,37752,43,8.27,12.08,17.58
6,7,8.2,2,0.56,2,19065,18,11.37,17.36,24.3
4,28,1.5,1,0.91,1,4774,56,13.67,21.72,22.29
6,1,9.8,2,0.18,2,44124,22,10.76,16.53,20.26
6,25,2.1,1,2.5,2,46931,51,10.02,15.7,19.62
0,8,6.1,1,0.68,1,32705,46,4.64,6.76,8.09
5,26,8.8,1,2.03,2,15837,58,8.19,19.94,30.87
3,29,4.7,0,1.74,2,24194,57,5.96,9.29,14.48
0,30,2.4,0,0.63,1,13694,25,1.68,3.31,5.79
6,29,8.7,1,1.29,2,6105,60,12.1,14.35,22.79
6,4,5.4,2,0.3,0,15160,35,14.93,18.57,19.54
7,9,3.0,0,0.31,1,26828,25,4.9,17.28,29.05
5,21,7.8,2,0.49,2,49171,48,15.45,22.89,34.36
7,16,3.3,0,2.25,0,47415,53,4.39,13.12,22.8
5,24,3.7,0,1.55,0,46941,58,6.37,16.5,29.37
4,28,9.3,0,1.67,2,47321,26,10.59,13.31,21.0
1,30,9.8,2,0.65,1,32641,30,9.05,11.97,14.62
1,17,7.3,2,1.04,1,32826,46,8.84,11.96,13.88
5,29,1.0,0,1.27,1,17644,23,9.47,17.93,24.03
0,21,7.3,1,0.85,0,39825,65,5.47,8.12,9.94
5,28,4.7,2,1.61,0,48362,21,12.4,27.77,38.62
6,30,2.2,2,0.84,2,47439,55,15.24,17.55,22.49
7,5,4.0,2,1.03,2,40384,37,14.94,20.51,31.89
3,6,4.7,1,0.75,1,47132,28,8.93,11.52,16.87
7,9,4.9,0,0.81,0,29060,45,6.5,13.63,22.44
7,28,2.0,1,1.8,0,5478,50,10.99,18.17,25.67
0,14,5.4,1,1.66,0,8685,19,4.43,6.66,8.37
4,2,4.3,2,2.32,2,35728,42,15.46,17.16,24.09
1,3,1.8,1,0.76,1,12006,34,6.13,8.02,9.0
3,25,5.7,1,1.56,2,32880,52,8.83,13.4,17.41
5,9,6.0,1,1.6,1,46354,42,8.86,26.58,26.78
6,3,8.7,1,0.96,0,42257,18,9.61,17.41,19.66
2,2,3.9,1,1.38,2,32729,20,10.07,13.3,15.74
6,7,9.0,2,0.94,0,14676,54,14.24,16.83,21.04
6,27,5.8,2,0.44,0,48766,22,15.19,19.98,24.76
1,1,5.9,2,1.59,2,31834,64,8.8,9.06,10.79
4,11,7.4,2,1.94,1,2242,42,14.42,18.36,30.43
1,5,8.5,0,0.55,0,44593,45,3.17,4.41,5.1
7,10,4.6,0,0.56,1,22747,44,4.64,13.64,17.45
1,4,2.6,0,1.03,2,49141,36,3.1,4.7,6.09
4,27,2.6,2,0.67,1,49630,43,16.97,22.37,26.67
5,19,4.0,2,0.36,0,9639,62,13.69,26.17,34.69
0,9,6.5,0,2.02,0,11391,62,1.22,2.01,4.13
4,8,6.6,1,0.87,1,32694,56,13.56,16.22,23.21
0,26,5.8,1,2.14,1,4723,46,5.65,7.14,9.28
4,17,8.9,2,2.45,1,28031,32,12.44,23.06,25.44
5,25,7.6,0,1.63,2,15555,25,5.45,17.17,26.25
7,11,9.7,1,0.16,0,13619,46,8.14,16.61,34.26
3,9,1.2,0,0.66,2,22153,41,6.51,10.19,12.17
5,14,1.5,0,1.9,1,11593,63,7.37,21.47,25.61
2,4,6.9,2,1.94,1,37710,34,12.54,17.95,18.53
7,28,9.3,0,1.81,0,9908,28,4.41,13.72,27.53
3,26,2.5,0,1.71,0,7137,50,5.72,10.31,13.64
3,10,9.5,1,0.2,2,31394,18,8.9,14.51,18.12
3,26,6.4,1,2.22,0,1297,35,9.89,11.79,15.85
0,15,9.2,1,2.24,0,17458,46,4.86,6.83,8.92
5,1,9.1,1,0.7,0,1464,40,12.25,25.28,34.71
1,1,9.0,0,0.29,2,46280,36,3.43,4.47,4.88
1,30,3.7,1,2.37,2,49056,64,4.99,6.86,10.86
5,15,4.9,2,0.46,1,15870,56,14.42,22.36,33.69
5,28,4.7,0,1.29,1,16630,58,9.27,18.46,32.22
4,24,4.7,1,1.38,1,41501,50,14.61,21.99,25.76
6,24,3.6,0,0.66,2,18442,28,7.67,10.88,17.01
6,6,8.1,2,0.39,0,3766,19,11.33,17.69,23.7
5,19,2.6,0,0.89,2,9394,47,7.39,15.3,25.82
4,7,5.7,2,0.39,0,3436,42,16.45,19.46,29.07
4,29,8.8,0,1.01,1,34803,35,9.24,16.5,23.9
3,7,8.4,2,0.5,1,39895,33,11.96,13.89,24.02
4,5,4.6,1,0.64,0,39438,44,12.74,16.2,23.12
7,23,7.0,1,1.8,2,9215,63,7.97,21.05,26.58
5,3,7.5,2,0.62,2,27268,29,14.55,22.46,35.93
0,1,9.9,2,1.1,1,11309,55,7.82,8.01,9.55
0,5,5.0,2,1.66,2,20853,62,6.76,8.1,8.15
7,26,9.3,0,0.25,2,27813,42,4.36,14.14,22.2
4,8,3.4,0,1.2,2,17367,23,9.64,13.11,19.38
6,6,7.1,1,1.15,1,14474,49,10.5,14.21,19.03
3,12,4.2,1,1.59,1,18074,29,9.36,13.38,17.16
2,5,5.4,0,0.94,0,2146,25,8.0,8.94,12.63
1,3,4.0,0,1.84,0,983,21,1.58,2.21,2.94
5,15,9.9,1,1.94,2,36683,50,7.26,18.82,29.71
1,8,8.6,0,1.47,1,19959,61,2.28,4.3,6.85
7,1,3.4,1,0.45,2,27269,33,8.61,21.13,22.18
0,10,8.0,2,1.4,1,8291,55,7.85,8.86,10.84
0,4,4.5,1,2.33,1,5879,19,5.16,6.04,6.5
7,5,8.1,2,1.26,1,29071,65,10.26,23.71,35.97
0,9,9.1,1,2.38,0,16277,36,4.55,6.0,7.55
3,9,1.3,0,1.68,1,32067,63,5.32,8.19,13.88
6,25,7.9,2,0.46,2,39371,42,12.6,17.0,21.92
3,30,2.6,0,1.69,0,21698,29,5.88,9.2,15.6
2,19,1.0,2,2.3,1,28933,29,12.83,17.58,20.39
5,10,2.2,1,0.98,2,35111,27,11.88,22.8,30.7
7,1,6.5,2,1.53,2,26544,48,9.13,20.1,27.9
5,29,7.2,0,0.64,2,39211,44,8.69,19.81,34.55
1,25,1.8,0,1.74,0,20994,65,3.04,5.63,6.22
7,21,2.3,1,1.65,0,44281,35,11.07,19.56,30.72
6,23,8.4,2,0.76,1,40205,62,11.1,20.35,28.09
2,9,6.4,2,0.79,0,11485,45,13.91,15.17,19.32
5,29,1.4,2,0.12,2,12529,65,15.54,25.67,33.05
5,29,5.4,0,1.91,2,49260,58,8.14,17.37,24.21
3,16,4.6,0,0.51,2,19418,49,6.53,9.86,13.31
0,8,4.6,1,2.4,0,2911,53,4.52,6.26,7.07
3,13,7.0,0,0.79,2,34387,56,6.91,10.08,16.9
2,6,9.1,1,1.49,0,20666,22,11.67,12.18,17.9
5,2,5.9,1,1.31,0,17338,27,12.57,23.62,26.95
3,13,3.6,1,0.61,1,8856,62,10.33,14.42,19.32
2,13,3.6,0,0.54,1,31895,48,7.62,11.59,17.57
3,26,5.2,2,0.96,1,1816,48,12.55,17.14,18.7
4,28,9.4,1,0.24,1,45701,63,11.3,22.06,24.66
6,22,9.1,2,1.98,0,32355,32,11.31,19.81,22.81
6,18,8.3,0,1.29,0,35875,50,7.78,12.61,18.47
1,20,3.7,0,1.72,1,16079,32,2.03,4.22,7.29
7,19,2.1,1,1.39,2,31398,54,9.78,20.06,31.04
1,9,6.9,2,2.29,1,40101,62,7.68,9.9,11.31
6,3,9.7,0,2.5,2,39980,57,6.42,9.45,13.46
0,2,2.6,0,1.24,2,14468,36,2.0,3.07,4.07
2,5,9.4,0,0.82,0,49151,58,5.98,9.7,15.62
7,21,1.1,2,1.0,1,37631,47,10.6,20.08,28.52
4,13,5.9,2,0.45,0,2130,33,15.81,21.25,32.58
3,3,2.6,2,2.48,2,12207,59,11.75,15.58,16.66
3,7,9.3,1,1.04,0,33410,49,9.72,14.4,21.82
0,22,8.5,2,0.48,2,11914,22,8.51,11.39,13.92
5,6,9.9,1,0.79,0,43133,58,8.5,19.89,32.45
0,25,4.6,1,0.9,0,22029,64,5.44,9.34,9.88
7,19,7.2,0,2.28,1,34063,45,6.56,15.39,28.92
6,28,3.8,0,2.29,1,38193,57,7.54,11.88,14.54
4,23,4.5,2,1.52,2,40375,56,16.11,21.06,28.84
7,7,1.4,0,2.27,1,26699,58,7.27,10.66,19.69
0,29,4.1,1,1.36,2,27967,46,5.58,7.53,10.31
1,4,3.0,2,1.97,2,4459,22,8.47,9.06,10.29
7,7,8.8,0,0.16,2,29276,64,3.79,16.51,29.14
2,6,9.8,0,0.87,0,1645,30,7.12,8.99,17.41
4,21,1.1,0,0.27,1,31592,25,8.28,18.96,20.95
6,11,6.4,0,0.89,2,30075,34,8.59,12.76,17.54
2,17,1.1,2,1.55,2,42039,35,11.96,14.65,20.39
4,5,7.0,0,0.49,2,14082,63,9.21,14.46,17.64
6,22,3.1,2,0.84,1,14918,45,13.96,18.64,23.17
4,6,3.4,2,1.65,2,6224,32,17.97,21.45,22.42
3,27,5.5,0,1.79,0,32570,37,6.66,9.56,13.98
7,9,1.3,1,1.51,2,30152,32,8.32,17.1,23.86
7,2,2.4,0,2.47,1,35367,19,6.56,13.55,20.32
2,25,3.6,1,2.28,2,27003,29,8.51,12.47,21.81
3,3,2.7,2,0.43,2,40634,29,11.01,13.73,19.25
4,19,1.8,2,1.09,0,2959,49,15.25,21.43,24.87
6,3,9.6,2,1.47,2,43355,27,12.95,14.75,23.59
5,5,6.9,1,1.15,2,35402,48,13.41,21.22,26.53
7,9,4.2,0,2.32,0,41406,39,4.78,12.36,19.06
7,10,1.8,2,0.51,0,48448,23,15.55,18.08,29.59
4,4,5.8,2,1.79,1,14054,30,14.2,17.45,23.58
2,16,1.1,1,2.13,0,4360,41,10.04,13.26,20.04
2,14,3.9,2,1.09,2,41802,38,12.31,18.35,22.54
2,28,2.1,0,0.21,0,4247,50,8.37,13.57,16.29
7,18,7.8,0,2.4,2,41512,65,6.74,17.66,27.35
6,8,3.1,1,1.69,1,660,48,10.3,12.66,16.88
5,28,3.7,1,2.09,2,5027,45,13.07,25.73,28.49
7,28,6.1,2,1.87,0,16493,43,10.49,27.14,27.67
1,6,10.0,1,1.72,0,37916,58,5.67,7.59,8.57
0,1,7.7,1,0.47,1,38682,23,4.68,6.58,6.81
1,5,1.4,0,2.39,2,46812,54,1.71,3.37,3.9
5,29,7.6,0,2.38,0,6800,38,7.12,20.9,34.65
5,6,7.8,1,0.97,0,16402,53,9.29,23.23,27.36
4,3,2.9,0,1.97,2,40353,30,9.15,13.21,19.56
7,27,5.9,1,2.29,1,20611,56,6.71,18.45,28.63
1,24,1.8,2,0.66,1,36064,19,9.4,10.59,15.55
6,29,6.9,1,1.29,0,15208,59,13.25,14.18,21.6
4,28,1.6,2,2.46,0,11846,31,15.4,22.63,26.61
5,5,8.6,1,0.23,0,28238,65,13.12,24.15,32.99
0,4,4.9,0,2.32,0,20446,48,0.69,1.83,2.62
1,3,4.3,0,0.24,1,43382,48,2.82,3.91,5.3
3,8,8.8,0,2.43,1,15819,25,3.86,8.28,15.02
3,16,5.6,0,2.31,0,31752,50,5.83,8.41,13.94
2,28,8.4,2,2.28,0,45852,20,10.75,15.38,23.92
7,15,10.0,0,0.87,2,31087,64,4.69,15.75,30.55
5,27,1.8,2,0.61,2,22296,24,14.48,26.85,29.05
6,29,6.2,0,0.27,1,14572,51,7.19,12.22,16.03
7,6,2.7,0,0.34,1,4388,33,5.99,14.89,30.84
2,7,4.2,0,0.22,1,6159,19,8.29,10.2,13.86
1,5,8.8,0,0.6,2,31690,21,2.66,4.09,4.88
0,25,8.8,2,1.61,1,38219,52,7.17,9.74,11.67
0,3,6.6,1,0.68,1,32275,43,5.36,5.44,8.14
4,11,5.0,1,1.71,0,47991,31,12.93,19.83,21.98
6,4,7.8,0,1.42,2,27877,50,8.28,13.03,14.51
6,16,9.2,0,2.24,0,36992,21,6.46,12.25,19.11
0,9,5.6,0,0.66,0,35888,58,1.24,3.07,5.75
7,3,7.8,1,2.17,1,18290,28,8.02,13.82,32.69
3,13,5.1,2,1.97,2,29836,63,10.99,15.49,21.18
3,3,7.5,0,0.52,0,2968,58,5.85,10.22,14.83
5,1,5.9,2,0.9,1,33995,26,14.26,20.62,34.04
6,20,5.3,0,1.44,2,3448,42,8.76,11.51,15.87
4,21,5.9,2,1.04,0,28212,54,15.77,22.18,29.59
4,12,6.7,0,1.35,0,18012,35,10.01,12.47,23.25
5,3,7.3,0,2.29,1,25399,40,7.86,15.96,28.47
1,6,7.3,0,0.71,0,47922,46,2.99,4.47,5.6
6,10,1.1,2,0.9,0,35480,37,13.49,17.52,22.87
4,23,5.2,2,1.36,0,36591,34,16.15,22.28,29.88
5,19,6.6,1,1.08,2,43356,33,12.68,24.37,31.75
6,12,1.5,1,0.37,2,42615,25,11.51,17.08,21.33
1,30,2.0,2,0.64,1,7409,58,8.91,11.54,13.98
1,24,7.2,1,2.08,2,39054,63,5.58,10.14,10.19
0,8,3.8,0,1.78,2,46480,38,1.65,2.51,4.35
1,28,1.9,0,2.12,0,45018,43,1.81,4.16,7.64
7,27,6.0,0,1.51,0,25696,52,3.87,17.03,23.94
7,7,8.3,2,0.28,0,6340,36,10.49,25.51,30.73
6,19,9.2,2,1.94,2,15344,26,10.28,16.49,23.59
5,29,4.3,0,2.34,1,16377,39,9.67,19.23,22.59
5,6,3.5,1,2.29,1,35073,54,14.38,16.84,31.42
0,18,7.1,0,1.78,0,8070,65,0.57,2.3,5.36
7,12,8.6,1,1.11,2,47617,61,7.07,20.02,35.02
1,19,4.7,2,2.11,1,22953,59,7.99,10.76,13.21
4,19,5.1,2,2.28,0,36695,28,15.44,19.13,31.01
7,15,3.6,0,1.27,2,35106,56,5.56,13.99,25.69
3,4,6.3,0,1.24,0,39313,34,7.59,8.17,11.44
6,2,2.1,1,0.49,2,48053,18,10.93,16.06,16.88
3,22,2.9,0,1.16,1,20436,22,7.03,9.83,13.44
6,7,8.7,2,1.64,2,27007,63,12.82,17.67,22.68
4,14,8.8,1,0.91,2,47895,27,11.88,17.76,25.35
7,7,10.0,0,2.35,1,4130,53,4.27,14.41,28.11
3,22,8.3,2,1.2,2,40842,47,10.67,15.55,23.28
7,12,8.2,1,2.3,1,28804,19,7.18,22.09,33.77
3,29,9.7,2,1.05,2,43373,63,10.77,15.59,22.56
7,15,5.6,0,1.1,2,18558,56,7.85,16.5,24.51
3,4,6.7,2,2.29,0,35975,22,10.87,13.26,15.72
0,28,2.1,1,0.58,2,16326,30,5.66,9.11,10.12
2,17,2.8,0,1.97,1,46013,38,7.21,10.37,15.73
0,24,3.3,0,2.31,1,49180,61,1.07,2.4,5.11
0,3,4.6,0,1.16,2,11990,54,1.46,2.7,4.56
7,30,7.7,0,0.43,2,2186,23,5.39,20.09,22.45
4,13,3.3,0,1.18,1,16846,61,8.68,14.78,20.08
3,1,9.2,0,0.52,1,22789,26,5.58,7.89,14.42
7,17,9.5,0,0.86,0,7328,22,3.82,18.13,27.22
5,13,1.1,1,2.06,0,42540,33,14.14,22.12,31.84
4,25,3.8,0,2.49,0,30945,26,8.93,16.73,21.47
1,10,4.5,2,1.3,0,8461,65,9.06,11.0,12.67
7,14,8.1,2,0.99,1,14014,56,13.51,22.52,31.07
5,13,3.7,1,1.23,2,31444,61,12.23,23.61,27.07
6,13,8.5,1,2.08,2,28392,30,10.1,13.48,20.3
7,29,4.6,1,1.52,0,35314,39,7.29,22.22,24.88
0,13,1.8,0,2.28,0,23451,24,1.39,2.25,6.38
7,24,6.4,2,1.26,0,37268,58,12.3,20.62,27.9
4,4,3.2,0,0.57,2,546,49,8.44,16.93,21.95
3,1,2.2,0,1.31,1,37411,61,6.58,7.9,10.98
2,16,8.3,2,0.66,0,20306,31,11.97,19.72,24.23
2,22,7.0,2,1.65,2,24448,49,12.05,17.94,20.36
5,23,5.5,2,1.24,1,23859,27,12.78,24.59,30.93
3,21,3.0,0,2.01,2,11723,23,5.33,9.66,15.66
6,28,4.5,2,0.97,2,6647,27,13.37,20.24,24.16
3,20,9.7,1,1.94,2,39670,63,7.33,13.3,18.31
6,17,8.6,1,1.13,2,33618,26,9.67,16.84,20.35
6,3,9.3,2,0.8,1,18821,29,13.31,16.92,21.83
6,1,3.2,0,1.88,0,35814,42,7.25,9.85,12.18
7,8,4.1,2,0.64,2,3738,19,14.2,21.97,32.8
0,5,6.1,1,2.12,1,24398,43,5.0,5.93,7.47
5,9,3.8,0,2.24,0,13031,46,9.41,16.98,22.81
0,6,8.3,2,1.89,1,19376,37,6.76,9.06,9.67
4,8,6.4,2,1.0,0,43311,20,16.15,24.23,26.99
4,2,1.8,0,1.16,0,32363,59,11.1,12.47,16.01
2,15,7.8,0,2.27,2,2437,43,5.83,11.23,17.34
0,15,9.8,0,1.28,1,31093,41,0.91,4.52,6.1
2,24,9.5,1,0.33,1,30358,25,10.73,14.35,22.17
6,26,7.7,2,0.85,0,33199,20,12.66,19.31,23.06
2,22,8.7,2,0.65,2,45429,48,11.8,17.19,21.2
2,2,6.2,1,1.91,1,4918,20,8.7,13.21,17.4
4,5,7.0,0,1.97,0,46683,52,10.19,11.71,18.89
2,29,2.4,0,1.4,1,18590,56,5.88,11.18,14.97
0,11,4.3,1,1.95,2,26821,29,3.62,7.66,9.31
2,24,1.3,2,0.25,1,38287,53,13.5,19.13,23.14
5,18,4.1,1,1.51,2,39315,63,10.78,20.3,29.81
7,26,6.0,2,0.1,1,28608,62,13.99,24.2,29.4
3,28,9.0,2,1.95,0,666,61,11.31,17.18,23.1
3,13,9.0,0,2.37,1,37555,60,5.29,8.83,16.78
1,28,5.1,0,0.89,1,19575,21,2.33,4.5,8.0
4,1,2.8,1,1.85,1,42042,25,12.84,18.38,21.93
6,29,9.4,0,1.4,2,38568,21,6.54,12.47,18.44
4,29,2.3,0,1.23,1,10511,27,11.12,16.26,24.46
3,9,4.6,0,0.53,0,41578,58,5.44,10.56,12.06
5,15,3.3,1,0.57,0,3874,54,10.26,21.26,31.02
6,24,1.8,2,1.18,1,14888,28,12.78,18.31,22.23
4,17,8.6,2,1.85,0,43165,40,12.95,19.71,28.05
4,17,9.5,1,1.57,2,27216,19,11.85,18.11,25.44
1,30,3.2,2,0.81,1,7157,54,8.35,12.31,14.95
5,21,4.7,1,0.63,1,32222,23,13.14,28.51,35.89
3,13,9.1,1,0.3,0,39570,64,8.85,14.38,19.48
4,21,9.5,1,1.49,2,29730,19,13.52,17.82,24.6
7,16,6.7,1,2.17,2,9421,18,8.11,18.23,24.97
2,19,8.4,2,2.41,2,23342,46,11.23,17.97,23.21
3,2,7.1,0,2.12,1,41690,23,3.31,7.51,14.87
6,6,2.2,1,0.35,1,1107,31,11.32,15.82,17.16
2,5,7.8,0,0.62,1,47976,50,5.8,7.79,15.29
3,13,6.9,1,1.89,2,28416,51,8.87,13.59,16.71
2,15,2.2,2,0.4,0,39390,21,13.0,17.83,21.37
5,9,1.7,0,0.92,0,32650,57,11.07,16.53,31.34
5,13,5.3,0,2.15,1,10804,47,6.52,18.2,30.1
7,16,2.1,2,1.41,1,32544,35,13.18,24.72,29.37
5,21,2.4,2,1.3,1,14408,63,16.45,28.02,35.82
7,9,3.0,1,1.09,1,45339,19,11.21,15.49,28.02
3,11,4.9,1,1.3,1,9589,32,10.17,12.54,19.71
4,13,7.5,0,0.39,0,16569,40,9.67,16.32,23.87
1,3,5.9,1,0.7,1,38252,51,6.54,6.61,7.89
4,12,9.7,2,0.72,0,17095,28,13.84,21.35,27.33
1,13,6.4,0,1.07,1,2224,40,1.84,4.76,8.54
1,6,4.5,1,2.02,2,2421,62,6.13,7.1,8.47
0,15,2.4,2,0.62,2,48568,64,7.99,11.91,12.58
4,6,9.8,2,1.58,0,45124,20,11.4,18.81,27.86
4,9,4.6,1,0.95,0,40541,58,12.5,14.86,22.63
6,18,7.6,0,0.41,1,22373,53,6.15,14.17,17.11
4,24,8.2,1,0.43,0,9953,35,11.21,19.96,29.07
6,25,8.1,1,1.09,0,42831,60,11.52,14.83,23.13
1,6,1.9,2,1.55,2,47549,22,7.7,8.53,11.08
2,19,3.2,0,1.88,2,3301,49,6.26,11.71,14.4
6,1,3.2,0,2.43,2,37697,20,6.62,10.6,13.22
3,17,1.7,2,2.31,2,10470,64,12.04,15.93,16.58
1,28,7.2,2,1.19,1,9478,61,8.7,11.37,15.09
1,8,3.6,0,1.08,0,605,61,3.28,4.79,7.86
3,9,4.6,1,0.41,0,22291,19,11.04,15.31,15.68
2,24,9.1,0,1.99,2,22979,45,4.98,10.4,15.05
1,29,3.6,1,0.54,0,19991,32,6.07,9.69,11.8
0,7,2.7,2,0.47,0,4072,59,8.3,9.66,11.21
3,22,9.2,1,0.37,0,19377,33,8.77,15.86,22.06
3,1,5.8,0,1.28,1,5557,41,7.09,8.31,13.03
3,19,8.2,2,1.2,1,48221,22,12.14,18.29,27.11
1,15,1.6,2,1.21,1,46170,20,9.11,11.82,14.24
1,30,10.0,2,0.25,2,49406,29,8.3,10.96,14.39
7,16,3.4,0,2.37,2,32399,58,5.46,17.55,27.13
1,15,3.2,2,0.17,2,37411,65,8.08,10.37,13.02
4,14,9.8,0,0.29,2,13193,59,9.45,15.17,25.28
2,5,4.2,2,1.81,2,43041,46,13.33,17.71,17.74
5,15,9.4,1,0.26,1,28569,33,11.91,24.19,35.64
7,4,7.8,0,1.51,1,10757,60,6.07,13.18,25.88
5,26,6.8,0,2.16,0,4249,55,6.78,19.52,31.79
6,22,2.8,2,1.71,0,45806,54,12.41,17.89,21.21
3,24,6.9,1,1.33,0,6060,47,9.8,16.05,18.87
2,22,7.0,1,0.88,1,42350,54,10.91,15.16,20.24
5,17,6.8,0,1.55,2,22304,42,5.73,19.31,26.85
6,1,5.6,1,1.38,1,45302,37,11.49,14.76,16.47
7,3,3.5,0,0.45,2,21521,54,5.96,15.83,23.14
6,8,9.2,0,0.57,2,12369,34,6.04,13.06,17.46
0,2,6.7,2,1.62,0,47496,24,6.79,8.63,9.28
0,13,6.1,2,1.19,2,18964,25,7.86,10.7,13.0
2,3,5.6,0,0.66,0,10986,34,8.3,9.21,14.09
3,16,2.1,2,1.34,1,31822,43,11.05,16.8,21.13
7,12,1.4,1,2.48,0,5791,59,6.98,16.83,23.95
1,29,4.3,0,1.6,0,7621,36,1.92,4.19,6.99
5,29,7.4,0,2.41,0,14508,20,6.27,15.66,32.46
5,11,9.4,1,2.42,2,48615,59,8.79,20.0,32.2
7,9,2.8,2,1.08,2,13483,63,13.42,24.73,32.9
7,27,3.5,2,1.68,1,17451,49,10.31,19.09,34.24
6,23,5.6,0,1.31,1,39127,19,7.63,10.75,15.33
6,2,8.7,1,0.31,1,5478,31,8.14,14.1,22.44
2,11,6.0,0,0.67,1,10109,64,8.45,13.03,16.5
7,22,5.1,2,0.84,0,40112,63,15.15,22.57,35.06
4,5,4.4,1,0.63,2,35439,48,13.35,18.63,21.6
4,17,7.2,2,1.94,2,24328,25,14.6,21.86,28.99
6,12,3.8,2,1.21,2,49936,36,13.97,18.61,21.7
4,1,6.3,1,0.89,1,3505,42,14.54,16.15,21.25
0,11,7.1,2,1.84,0,46142,47,6.91,8.88,11.05
2,30,4.3,2,1.03,2,48671,25,12.19,19.05,21.48
7,12,4.4,0,1.0,1,32925,52,4.77,20.51,29.52
7,29,9.4,0,1.76,2,3366,58,4.0,13.77,25.24
2,15,9.7,1,0.56,1,6370,18,9.98,14.81,21.38
1,2,4.1,1,1.82,0,26565,38,5.8,6.05,6.65
5,13,3.5,0,0.8,2,14870,55,7.46,17.44,32.02
0,5,9.2,0,1.9,2,38619,35,1.57,2.32,3.24
0,28,9.6,2,0.6,1,12522,42,8.91,10.87,12.2
1,8,6.0,0,1.68,2,24380,44,1.6,3.42,5.14
5,14,1.1,0,0.95,0,45310,23,11.54,17.26,29.3
5,19,2.0,0,1.13,0,45416,35,10.33,21.01,26.9
6,1,7.4,1,0.14,2,14867,20,8.64,13.03,20.45
5,17,4.5,1,1.83,1,6411,45,10.63,19.67,32.58
4,4,1.2,2,0.49,0,2451,20,15.33,19.77,25.79
0,25,2.8,1,2.5,1,15651,61,4.24,6.98,9.41
2,8,3.6,0,0.18,1,7802,30,7.09,9.88,15.24
2,16,1.7,1,1.06,0,39719,26,11.75,13.16,18.27
2,19,1.3,0,1.52,0,25967,57,5.57,10.75,14.38
7,16,3.4,0,0.41,2,5940,42,8.0,18.32,28.29
6,27,3.9,1,2.04,1,12543,55,8.92,14.97,19.3
6,9,4.2,1,1.44,2,34529,35,10.74,15.78,19.81
1,13,8.8,0,2.47,1,42755,39,1.95,3.83,6.98
0,6,5.2,1,0.64,2,17534,42,4.3,6.88,8.27
7,1,4.0,2,1.28,1,45015,18,11.16,23.43,34.44
2,1,8.1,2,1.56,2,31199,42,11.48,14.48,19.68
7,7,1.7,2,0.22,2,9847,54,12.77,21.05,32.34
6,5,4.9,0,1.66,1,4057,45,6.0,11.3,14.74
3,25,1.2,0,0.7,0,2578,32,7.25,9.43,15.84
6,23,5.4,2,1.44,0,33679,39,13.24,18.03,21.86
4,6,3.5,2,2.38,2,1649,26,15.66,20.49,24.88
5,4,4.0,1,0.96,0,41110,43,14.43,19.35,28.66
2,1,6.1,2,2.27,2,32239,30,12.6,16.14,17.89
4,30,1.5,2,0.16,0,27774,39,16.15,19.87,26.16
7,20,1.6,1,1.09,1,1860,18,10.66,16.74,30.05
5,15,9.0,0,1.85,1,11392,33,8.29,20.94,34.73
2,2,1.8,0,0.75,1,45875,45,7.82,9.55,11.85
3,2,6.8,1,2.48,1,40568,61,9.89,10.72,14.87
2,22,9.5,0,2.45,0,41102,55,6.49,9.65,15.74
7,14,4.4,2,0.51,2,48134,36,11.79,21.02,32.01
6,12,7.8,2,0.61,2,38257,30,13.42,17.95,25.48
0,18,6.0,0,2.33,1,8263,34,1.0,2.82,6.74
0,27,8.0,2,1.81,2,6056,23,6.18,9.56,11.36
4,8,2.2,1,0.45,2,20287,27,11.3,16.29,24.88
2,9,5.8,2,0.29,1,5636,20,13.39,16.26,17.99
7,30,5.1,0,0.56,0,36947,18,6.07,16.34,22.5
0,21,1.4,2,0.75,1,47486,25,7.17,10.0,13.01
0,14,1.9,1,1.18,1,16263,26,5.5,8.64,10.57
5,5,9.1,2,0.92,1,6205,32,14.79,26.28,31.91
4,25,8.9,2,1.01,0,22512,27,15.07,21.01,30.06
0,20,9.5,2,2.35,0,33387,43,7.63,9.62,12.2
7,26,6.8,1,0.63,2,16218,29,10.74,20.47,25.58
6,12,4.3,1,0.83,0,2294,51,12.44,15.36,20.77
4,30,3.1,1,1.74,0,42542,41,12.88,17.25,26.33
7,7,9.3,2,1.61,2,26083,19,11.02,23.07,33.84
2,18,5.7,2,1.7,0,30337,57,11.49,15.69,22.2
3,26,2.3,2,0.84,1,44907,54,12.83,15.69,20.02
7,5,5.8,1,1.05,1,6405,47,11.18,17.32,31.8
2,12,7.4,1,2.48,2,18471,27,9.55,13.82,20.53
7,28,7.6,2,1.39,0,37923,33,10.54,23.05,33.73
4,27,5.6,2,1.13,0,7665,21,16.06,22.85,31.36
5,13,1.3,2,2.28,0,26874,35,14.5,23.32,39.52
1,3,1.8,1,0.23,0,7104,31,6.39,8.17,8.96
5,14,8.6,1,2.22,2,510,65,12.57,19.74,32.6
7,29,8.2,1,0.39,1,19639,31,10.35,21.5,30.86
7,22,8.8,1,1.16,0,34120,60,10.4,22.55,31.25
7,8,5.0,2,0.72,1,2396,32,13.93,22.8,32.54
0,13,9.4,0,0.36,2,6940,19,2.07,4.51,7.13
5,22,7.9,2,1.85,1,16299,20,14.16,24.68,36.43
7,17,9.1,1,0.12,1,19339,44,9.22,18.4,31.4
3,11,9.6,2,1.87,2,45517,29,10.39,14.4,21.37
6,19,9.7,0,0.49,0,17018,61,7.91,13.64,17.24
4,10,4.4,1,2.42,0,16685,22,11.88,15.18,20.69
3,16,3.5,0,1.08,1,23780,40,5.87,10.93,14.81
7,30,7.1,1,2.17,1,39268,48,9.12,15.37,25.35
0,3,3.0,2,0.7,0,13393,59,8.14,8.48,10.23
6,7,5.4,2,1.4,0,44547,50,13.25,19.18,19.94
2,24,6.2,1,0.29,1,19618,65,10.42,13.15,18.96
2,6,4.1,0,0.63,1,14947,25,7.9,9.9,11.22
0,9,6.9,0,0.98,1,11218,31,2.46,3.43,5.98
3,5,8.3,2,1.88,2,33859,63,9.4,13.85,18.45
7,21,5.7,2,0.82,1,46617,20,12.79,19.42,28.13
3,11,2.0,0,2.07,1,29644,53,4.56,9.04,13.24
5,10,4.2,0,0.18,1,29651,34,8.4,18.48,25.56
5,27,1.6,2,0.38,0,39920,36,14.14,26.37,34.79
6,4,3.7,1,2.48,0,19611,39,9.21,12.3,17.46
5,14,8.0,1,2.19,1,33498,56,13.05,21.59,36.85
2,10,1.3,0,0.6,2,19954,62,9.01,11.18,13.44
0,16,8.6,2,2.23,0,25709,62,7.69,8.98,11.08
4,1,8.7,0,0.25,2,18081,63,9.11,12.25,19.31
5,14,5.2,0,2.08,0,42920,26,11.1,22.72,27.08
4,24,6.7,1,0.57,1,36979,34,13.29,20.05,28.14
4,12,1.5,2,2.28,0,39593,20,16.28,22.7,23.1
7,1,3.6,1,0.15,0,42063,53,10.94,17.23,24.75
6,18,2.1,1,1.76,1,18410,26,11.19,14.98,17.05
7,28,6.7,1,1.91,0,33126,30,8.03,22.6,23.16
4,1,4.9,1,0.75,1,24680,58,13.19,17.97,25.26
4,6,9.6,1,0.13,2,11207,30,12.71,17.96,28.91
0,11,5.4,2,1.52,2,5348,25,6.97,9.98,12.97
7,25,2.2,1,2.15,2,22442,25,10.48,22.45,30.34
2,16,5.2,0,1.24,0,49827,54,8.7,10.87,13.98
6,7,8.9,0,2.09,0,42096,48,5.27,11.26,18.14
6,14,6.0,0,1.54,1,22574,58,7.89,11.24,16.71
7,30,8.7,2,1.37,0,29862,60,14.62,22.48,30.49
3,15,3.4,2,1.18,2,13034,50,12.9,16.87,19.88
3,6,3.1,2,0.18,2,4792,36,11.52,16.27,20.09
6,12,5.4,2,1.03,1,23305,44,13.18,16.89,21.43
6,6,9.5,1,1.1,0,17581,44,11.27,14.96,22.6
5,10,1.4,2,1.62,2,30241,35,14.1,26.15,30.69
2,23,3.8,1,0.88,2,41829,55,11.18,13.26,19.03
3,19,6.6,2,1.6,0,47441,35,12.35,15.87,18.38
7,28,1.8,1,1.97,0,20146,54,8.68,16.9,25.6
6,14,2.4,2,0.18,0,15947,32,12.68,16.97,21.3
7,18,5.2,1,0.95,1,13536,39,8.31,22.05,33.33
5,29,5.7,1,1.08,1,10611,29,13.71,24.64,28.7
3,10,4.0,1,0.51,2,39124,64,8.59,11.53,14.58
3,9,9.2,1,1.79,1,30462,40,9.02,11.29,19.16
0,3,2.3,1,1.24,0,12843,65,5.18,6.29,7.22
4,30,5.0,2,1.81,0,44722,24,15.5,19.72,28.37
2,30,7.6,2,0.65,0,23252,39,13.24,15.65,24.12
4,15,3.2,2,1.22,0,43194,41,14.82,20.74,30.39
3,6,2.5,0,1.99,2,20551,33,6.23,9.55,12.68
5,5,4.5,1,0.73,1,857,46,13.7,21.02,32.61
1,30,4.9,1,0.33,0,16750,39,6.89,9.15,11.04
6,22,1.3,2,1.67,1,16661,49,11.79,19.92,21.02
3,30,9.3,0,0.7,2,44406,55,6.21,8.77,16.59
1,2,5.3,0,1.8,1,47088,60,2.41,2.56,5.31
7,18,4.4,1,2.33,0,4269,52,11.99,19.47,28.28
6,6,2.7,2,2.11,1,44782,26,14.17,15.73,17.53
0,1,8.5,1,1.21,0,39858,50,5.61,6.09,7.7
3,28,3.8,0,0.57,0,34178,37,5.97,9.7,14.05
0,3,2.1,2,1.19,0,21329,30,7.27,8.43,9.6
4,16,3.6,0,2.02,1,34866,49,8.41,15.42,18.4
1,28,3.0,2,0.55,0,5197,39,8.52,11.41,14.78
6,9,9.0,0,0.74,0,45138,20,7.17,12.12,16.53
2,13,6.7,2,1.35,0,21495,35,12.91,16.23,19.75
1,24,4.0,0,0.95,2,22217,44,2.49,5.16,7.65
5,15,5.5,0,1.64,0,44556,23,8.85,18.19,29.25
0,2,10.0,2,2.07,0,32277,61,7.09,8.1,8.48
6,22,9.2,0,1.82,2,49934,40,4.83,11.64,16.15
1,27,3.5,1,1.85,2,15413,39,5.72,8.07,9.66
7,1,8.1,2,1.06,1,33066,29,11.05,18.78,31.95
3,27,9.5,2,1.42,1,4159,20,13.42,15.89,24.08
5,1,5.7,2,0.5,1,12409,46,15.71,23.96,32.36
1,20,8.2,0,0.17,1,39830,47,2.43,5.86,7.37
4,9,5.0,0,0.48,2,48722,64,8.63,12.91,23.97
6,6,4.3,2,1.77,2,44654,47,13.79,17.31,19.98
5,24,2.3,0,0.66,2,33996,47,8.36,22.31,32.53
5,30,7.7,0,2.16,2,9533,65,4.99,16.32,28.51
3,24,5.1,2,1.43,2,30995,41,13.55,14.21,19.92
2,12,9.8,1,2.25,1,46291,39,8.74,13.19,19.6
4,30,2.7,0,0.88,2,14482,29,9.04,16.12,21.2
1,20,6.7,2,1.92,0,45926,55,7.85,10.09,13.29
6,26,9.5,0,2.08,1,36189,56,5.82,10.6,18.25
6,22,7.6,2,0.67,0,36392,43,14.26,18.84,23.19
3,28,8.1,0,2.23,2,38998,50,4.99,7.97,14.94
0,2,8.1,1,1.4,2,24585,27,5.09,6.53,7.58
1,22,4.6,1,2.28,0,41330,43,6.05,7.85,11.2
7,2,6.4,0,2.09,0,1139,56,4.08,13.51,24.51
1,7,5.8,1,2.14,2,47440,62,5.84,7.16,8.85
3,9,1.1,2,2.08,2,6765,27,11.43,15.71,17.2
7,20,1.7,0,1.69,2,33513,56,4.52,14.58,22.5
1,1,9.0,1,2.19,0,2919,32,5.08,5.8,7.34
3,15,8.6,0,1.97,1,47425,41,4.28,10.67,15.15
3,20,5.2,2,2.28,2,35915,25,12.04,15.88,19.07
0,21,2.6,1,0.22,0,25835,29,5.17,8.83,10.46
4,16,9.4,2,0.23,0,38447,65,15.98,22.66,28.4
3,4,4.5,2,2.15,2,9986,48,12.32,13.65,16.97
1,4,8.3,2,1.01,0,8448,50,9.11,9.25,12.33
2,30,6.3,1,2.41,2,1319,62,10.46,16.35,18.16
7,12,7.9,1,2.38,2,47389,64,8.28,17.82,34.9
0,25,8.0,2,1.69,1,29269,47,6.79,9.51,12.06
4,21,2.4,2,1.32,2,33727,27,14.79,19.47,23.68
2,10,9.0,2,0.62,2,3728,31,11.08,15.09,22.08
5,1,7.1,1,1.61,1,32699,42,12.3,24.43,26.92
1,10,7.3,2,0.93,0,27474,24,7.55,10.36,11.78
3,4,3.9,1,2.45,1,35636,28,9.63,11.04,15.69
0,21,5.8,1,0.91,1,9362,18,5.0,7.4,9.38
7,13,2.1,0,1.06,1,40982,23,7.41,16.31,25.27
6,6,7.2,1,1.55,2,10226,22,10.7,13.02,20.25
7,22,4.2,2,0.41,0,37570,38,13.52,23.67,38.73
0,4,4.0,0,0.63,0,6260,60,2.09,2.78,4.6
1,19,3.5,0,0.67,2,20184,54,2.43,4.86,8.7
6,11,2.6,2,1.93,2,41879,52,12.49,17.57,20.27
1,24,6.2,1,1.08,1,39181,28,5.93,9.37,12.3
4,15,9.9,2,1.47,0,6783,30,15.12,24.15,28.63
3,14,5.1,2,2.31,0,40735,64,11.16,15.64,21.39
7,1,8.4,2,1.77,2,7366,18,9.43,19.72,26.81
7,28,7.9,1,1.69,2,47681,51,8.83,16.94,26.31
6,14,6.1,2,2.13,1,46185,22,12.11,16.19,22.49
1,15,9.4,2,0.57,2,1446,25,7.74,11.04,13.76
4,8,6.1,2,0.99,0,15125,27,14.77,20.3,25.19
3,27,1.6,2,1.7,0,17638,51,11.53,14.76,17.76
5,10,3.5,1,0.9,0,41261,58,10.61,17.93,24.97
0,21,3.8,2,1.28,2,12688,63,7.22,10.57,11.29
1,12,6.4,0,0.8,0,32369,46,2.68,6.27,7.37
3,11,8.5,2,0.91,0,22218,42,12.05,16.25,21.15
1,26,8.7,1,0.48,0,14685,26,6.56,9.12,11.67
6,22,6.7,2,0.39,0,16833,62,13.87,18.21,19.21
4,11,4.5,0,1.03,1,18514,49,9.08,14.16,22.36
1,12,4.8,0,1.59,0,10413,65,1.61,4.22,6.77
4,19,4.9,1,0.57,0,11473,43,10.88,17.2,29.83
0,27,6.8,2,1.24,2,17482,22,8.43,11.28,13.42
1,7,6.8,2,2.41,2,45043,61,7.56,9.35,11.43
2,23,3.3,0,0.75,0,43802,60,6.81,11.68,16.32
2,24,8.7,1,0.17,2,2230,50,9.69,16.49,20.36
4,19,2.7,2,1.63,1,44980,46,16.89,20.95,26.95
0,15,4.0,1,1.55,1,22519,38,4.7,6.62,9.26
5,12,4.3,1,1.9,0,14050,64,13.44,21.69,33.16
1,17,3.5,1,0.49,1,13244,31,7.03,9.02,10.13
7,22,7.5,2,1.03,2,19195,61,13.01,22.67,35.08
5,20,9.7,1,1.53,0,9463,41,9.26,25.61,36.38
2,18,2.4,2,0.9,2,13605,27,14.12,18.16,20.64
1,1,6.9,0,1.89,1,29417,24,2.19,2.6,5.07
3,15,1.4,2,0.16,0,12264,45,13.04,17.31,19.82
0,1,8.9,1,0.88,2,29187,62,5.04,6.91,7.57
1,6,5.1,1,1.28,1,25103,20,6.4,8.82,9.87
3,15,2.0,0,1.17,2,40470,58,5.61,8.89,13.51
5,20,5.1,1,1.97,2,18315,54,10.05,23.17,34.68
2,9,4.5,1,0.23,0,45554,49,11.55,12.61,18.78
1,25,1.2,1,0.47,2,13765,64,6.51,9.23,12.63
7,23,4.2,0,0.22,2,35321,37,8.71,18.7,21.48
6,18,7.0,2,0.58,2,13174,55,15.75,18.93,22.23
4,7,6.2,0,1.14,2,45335,51,10.3,14.56,17.77
3,15,6.1,0,1.68,1,45066,59,5.94,10.8,13.01
6,23,2.5,1,0.22,0,659,45,9.41,14.3,19.05
0,2,6.2,1,0.85,1,28911,30,5.23,5.25,8.83
6,13,7.8,1,2.12,2,9360,39,8.1,15.76,20.69
0,4,7.1,0,2.43,1,11571,48,0.99,1.74,2.4
4,20,9.3,2,1.76,2,41401,37,13.67,22.21,32.01
4,10,2.5,2,1.43,1,9527,58,15.77,20.59,28.32
3,25,6.1,1,0.73,2,21193,45,9.79,14.89,16.78
3,5,8.5,2,1.4,0,22190,30,10.79,15.86,20.43
3,16,8.1,0,0.86,1,19980,18,5.6,9.6,16.61
1,21,5.2,0,1.98,1,12997,61,0.57,4.97,7.12
4,6,6.5,2,0.59,1,9335,54,15.11,21.91,28.05
6,25,6.3,2,0.22,1,17691,53,12.14,19.48,22.25
5,13,5.6,1,1.95,2,25936,55,9.46,22.31,33.74
0,28,5.3,0,1.74,1,32397,31,0.99,2.67,6.35
0,6,7.9,2,1.42,0,5442,43,8.38,9.45,10.97
7,13,6.3,0,0.45,2,8397,55,7.17,15.41,22.63
0,13,1.3,1,0.49,0,15783,23,5.46,8.18,9.78
0,23,1.7,0,0.41,1,34135,62,2.21,4.71,5.96
7,2,3.9,2,0.29,2,19422,21,15.12,21.62,34.57
4,22,6.0,2,0.56,0,25599,36,15.58,19.1,26.25
0,16,8.7,2,0.99,2,26011,65,8.14,10.92,12.12
5,8,3.1,2,1.74,0,42945,61,11.49,21.33,29.97
7,16,3.1,0,1.94,0,49957,37,4.78,13.79,27.18
1,20,9.4,2,0.95,0,31479,35,8.09,12.37,15.63
7,5,5.7,1,2.21,2,44354,58,7.4,19.47,22.44
2,11,8.7,1,0.67,2,7880,47,10.4,16.17,18.29
0,18,9.1,2,0.76,1,6987,54,8.24,11.11,11.63
1,30,6.4,2,1.11,1,15614,38,8.61,11.69,12.73
7,10,7.0,2,2.15,0,34780,20,11.04,16.99,34.6
7,25,7.8,0,0.89,2,8169,45,7.65,16.61,23.32
0,1,1.6,0,2.01,0,8595,47,0.9,1.29,2.71
2,26,5.4,2,1.92,1,2557,55,11.55,16.03,19.63
1,11,1.3,1,2.17,2,10823,59,4.53,8.38,12.2
1,14,7.7,2,0.28,2,48864,55,9.11,10.91,14.63
0,25,3.1,0,1.46,1,19931,38,2.23,5.2,7.27
5,17,9.9,0,1.74,0,11248,42,8.74,18.3,31.66
7,18,7.0,0,1.6,1,42116,30,4.15,20.35,28.2
6,29,5.1,1,1.78,0,10089,47,8.12,14.86,17.73
3,17,2.0,2,1.05,0,19214,44,12.2,16.71,22.79
5,11,8.1,2,0.19,1,23609,49,13.08,25.81,34.66
6,9,9.5,0,0.31,0,17152,31,7.27,9.78,19.02
0,6,9.1,1,1.9,2,26907,48,4.1,5.11,7.43
2,29,2.8,2,0.24,1,8554,20,13.08,17.6,21.38
5,13,4.7,1,2.0,0,6304,61,11.94,23.28,31.64
2,10,1.4,2,1.33,2,23681,56,12.37,15.63,19.15
6,5,5.5,0,2.12,1,30860,24,7.44,9.45,11.21
7,7,7.5,1,1.76,0,38778,55,6.69,20.32,24.44
0,26,7.7,0,0.4,2,22493,33,1.23,4.69,6.1
5,11,9.3,0,1.21,2,49117,18,10.04,19.84,26.53
2,11,9.9,2,0.26,2,3213,61,12.39,18.49,24.73
5,13,9.6,2,0.59,2,14944,19,15.78,27.67,33.88
1,4,2.3,0,1.91,1,29255,52,2.17,3.21,5.18
7,30,6.5,0,0.45,2,49043,30,8.07,18.48,21.91
7,5,8.3,0,0.55,2,39661,52,4.08,14.73,28.29
7,16,7.1,1,0.24,0,32446,50,9.6,22.35,31.81
5,9,3.9,1,0.78,1,14073,53,9.55,21.1,26.27
6,25,8.5,1,2.38,2,28141,50,7.39,15.29,23.12
0,19,9.5,0,2.23,1,16029,29,1.35,3.36,5.85
3,28,2.6,1,0.19,0,10240,34,9.24,12.65,17.96
2,1,1.3,2,1.35,2,937,54,15.87,16.07,16.1
7,16,3.9,0,1.95,2,9406,44,6.01,12.66,27.36
1,9,8.8,1,1.92,1,32059,18,5.59,6.74,9.76
4,5,1.8,0,1.99,1,40392,60,11.15,11.52,16.56
6,19,2.6,1,1.69,2,20272,28,10.77,16.53,21.63
1,15,9.8,1,0.56,1,34704,57,6.73,8.81,12.43
6,19,5.8,2,0.42,1,47064,39,14.06,17.49,22.84
0,7,9.8,2,0.45,2,22597,65,7.38,10.66,11.04
6,3,7.5,2,2.32,2,39732,49,11.54,14.76,21.4
6,30,3.6,0,1.65,1,24165,39,7.06,11.09,15.48
2,22,6.8,0,1.01,0,43538,28,6.47,11.82,16.79
2,5,6.0,2,1.44,0,1529,42,13.51,14.45,20.58
3,2,6.8,0,0.19,2,33546,37,7.01,9.81,11.48
2,18,8.9,0,0.19,0,1865,30,7.84,12.81,17.99
7,30,9.7,0,2.34,0,11919,46,6.47,18.42,28.62
6,23,9.1,2,1.63,1,11695,65,12.86,16.97,20.71
2,25,7.7,2,0.32,1,34695,63,13.49,18.76,26.73
3,5,8.1,2,0.61,2,5958,46,10.25,14.5,21.03
4,1,4.8,0,0.12,0,33764,32,9.37,15.55,15.81
5,16,9.5,2,2.17,1,40413,24,11.44,22.25,35.43
0,8,1.6,0,0.27,1,40482,35,2.19,2.23,5.19
6,10,4.4,2,1.59,0,6152,54,12.77,16.75,20.57
1,10,6.7,0,0.5,1,18410,44,2.27,3.95,6.58
0,18,9.1,0,0.17,1,38030,32,1.63,4.27,6.47
0,16,5.0,1,2.07,0,13776,62,4.86,7.46,10.35
7,27,8.4,1,0.43,1,21823,59,6.73,18.78,33.19
0,15,3.5,1,0.38,2,7318,52,5.01,7.86,10.47
5,12,8.9,2,1.74,2,45738,43,10.69,26.91,40.14
6,9,2.8,2,0.6,0,22319,47,12.54,18.41,21.6
7,12,7.5,1,0.1,1,29075,46,8.64,23.92,29.05
4,18,9.1,0,1.66,1,23798,64,8.24,14.81,20.28
7,18,5.2,1,0.58,0,1799,24,11.58,23.42,31.17
7,10,3.1,1,0.87,1,30228,41,8.95,17.02,30.54
4,13,8.7,1,0.79,0,4589,22,11.76,15.87,26.08
2,24,6.4,0,2.28,2,10833,64,5.69,10.16,14.8
2,24,4.2,2,0.46,2,40117,48,15.09,17.09,23.31
0,25,4.9,2,2.01,0,44720,44,7.41,8.72,12.06
4,16,2.3,0,2.33,2,30825,49,8.84,11.63,17.92
7,7,9.1,0,0.27,0,17488,49,5.78,15.63,28.18
6,26,4.4,1,0.82,2,33717,39,12.02,14.63,21.73
7,12,9.9,1,0.29,1,38541,65,9.7,19.39,34.24
5,22,2.0,2,2.0,1,27565,56,16.93,22.31,32.76
1,23,5.7,0,1.55,0,1759,19,0.65,4.23,7.91
5,12,1.2,0,0.19,2,17088,18,11.09,18.92,34.4
5,25,6.6,2,1.12,2,23563,52,16.16,29.35,37.39
4,30,6.9,0,1.11,1,19805,60,11.14,14.64,24.3
5,16,4.4,1,1.71,2,3613,27,12.02,20.61,31.66
1,11,8.7,1,2.16,1,36984,52,5.36,7.48,10.95
0,12,5.7,2,1.01,1,32781,62,7.45,10.24,12.68
4,28,8.2,2,1.36,1,39734,32,14.36,22.18,32.9
7,24,8.0,1,0.12,2,47164,24,10.35,22.96,29.91
6,18,4.7,1,1.38,0,4481,20,12.36,15.12,21.87
1,7,2.7,2,1.25,1,41607,48,8.62,10.57,11.39
2,23,7.6,2,2.27,2,9457,21,11.38,16.85,23.29
2,16,6.9,2,2.3,0,1419,30,12.49,15.31,21.14
1,8,2.3,2,0.63,0,28242,56,9.68,10.74,12.5
4,26,3.7,1,0.17,1,40565,38,13.93,19.64,25.02
6,18,7.1,1,0.3,1,4395,54,10.66,15.95,18.36
7,21,5.3,1,1.98,0,7847,34,9.38,19.07,24.66
5,16,6.9,1,1.98,0,15405,20,11.65,16.95,37.92
2,2,2.2,2,1.86,2,28443,18,11.91,16.53,16.89
0,14,6.6,0,2.25,0,8590,21,1.92,4.22,4.9
6,18,4.7,2,1.73,1,6128,55,13.06,16.71,24.86
5,25,7.8,2,1.35,1,25444,44,11.6,24.59,37.48
0,13,5.8,0,0.74,1,41470,49,2.56,4.14,5.75
6,29,5.6,0,0.24,0,8601,36,6.99,12.27,15.68
1,4,6.7,1,0.21,1,33839,57,5.83,7.39,8.71
2,10,2.0,1,0.21,2,27751,20,9.78,14.71,18.59
3,6,6.3,0,2.26,1,32113,27,5.67,7.81,11.06
2,8,5.3,0,2.43,2,13204,54,7.92,9.75,12.76
6,23,4.2,0,1.17,2,33461,33,7.32,12.59,15.58
4,12,8.5,0,1.53,1,32735,65,10.06,15.35,25.5
7,1,8.3,1,0.66,0,12231,40,9.21,16.39,33.58
1,15,7.7,1,1.72,2,18128,29,5.37,8.73,12.56
4,11,2.4,2,0.92,0,12383,33,15.9,21.12,26.34
6,4,7.8,0,0.37,1,22433,42,6.02,11.87,17.42
5,20,5.8,2,1.08,0,26061,58,13.63,23.48,32.42
3,20,9.6,0,0.18,1,46370,47,5.2,9.27,15.91
6,24,1.2,2,1.97,2,6660,53,12.08,19.02,21.14
5,26,7.5,0,0.59,0,25618,24,6.47,15.83,35.01
0,14,2.3,2,1.15,0,22729,65,7.5,10.55,13.19
3,18,9.8,1,1.66,0,18621,58,8.04,13.16,21.24
7,7,1.6,0,0.19,1,15883,22,5.24,15.34,28.5
2,16,5.1,1,0.48,0,38432,27,10.36,15.9,19.18
1,25,4.4,2,0.85,1,17151,49,8.51,10.19,13.73
4,8,4.7,1,0.11,1,42879,24,12.96,16.28,22.78
5,6,6.8,1,0.44,2,47869,53,10.87,20.03,33.57
3,9,8.2,0,1.19,1,42765,21,5.82,8.6,16.04
3,25,2.0,0,0.64,2,5449,62,6.93,11.04,13.06
5,15,8.0,0,0.76,2,33818,58,7.82,16.76,34.1
1,3,4.7,1,2.45,0,17495,61,4.91,6.29,6.77
6,22,2.7,1,0.86,1,15937,33,12.88,16.64,20.22
1,8,6.2,0,2.09,2,16471,29,1.66,4.03,5.69
3,29,9.3,1,2.1,0,15626,20,7.09,14.14,20.17
7,3,8.4,2,0.99,1,15009,62,12.45,21.0,34.49
7,2,3.8,0,1.35,0,34603,37,6.82,13.64,26.57
0,6,1.8,0,2.41,1,46486,48,1.3,2.81,5.09
6,24,1.2,1,0.48,1,37251,29,12.19,17.15,21.86
5,1,3.0,2,1.14,0,38472,22,13.79,27.85,34.29
7,14,6.6,0,0.82,0,45807,41,8.27,16.14,29.64
4,9,6.5,1,0.13,1,13312,37,13.94,18.04,24.74
0,24,5.3,1,1.07,1,42660,48,5.19,8.1,9.72
4,30,1.3,1,1.49,1,2282,42,14.36,19.56,24.74
6,25,4.3,2,0.61,2,36262,39,12.85,17.47,25.47
6,22,7.8,0,0.63,0,28018,44,5.54,13.27,19.13
4,18,9.4,1,1.13,0,21409,44,12.3,17.48,30.24
5,11,1.7,1,1.7,1,40649,48,12.24,21.93,27.45
1,15,4.9,2,0.24,2,28338,57,8.39,11.05,14.0
4,29,5.3,0,1.49,0,15688,59,11.58,15.55,22.06
2,3,9.9,2,1.17,0,18180,52,12.06,15.6,20.1
1,23,6.7,1,1.44,0,13009,42,6.62,9.78,12.6
7,29,2.3,0,0.36,2,38391,36,6.26,15.86,22.16
7,22,9.8,1,1.82,2,1399,55,8.59,20.19,32.94
5,30,4.1,0,1.02,1,34592,38,11.31,16.67,30.04
2,7,8.6,1,1.12,1,49507,58,10.94,13.61,19.84
7,6,6.3,2,1.04,0,25866,27,14.92,22.03,31.06
3,11,9.8,0,0.31,0,1731,18,6.0,10.33,18.67
7,29,2.2,1,2.25,2,42865,32,10.28,17.88,29.42
0,12,4.4,2,0.76,2,44791,24,8.77,10.92,13.61
6,20,6.8,0,1.77,0,49621,56,6.86,10.96,16.48
2,27,4.5,0,0.89,0,16523,24,7.67,11.26,14.73
0,2,5.0,1,2.11,1,5683,45,5.03,5.68,7.42
4,18,7.5,0,0.45,1,7203,53,7.33,14.01,24.6
6,11,6.1,1,2.2,2,796,25,9.52,14.77,17.94
3,7,5.0,0,0.16,2,18236,65,7.51,11.84,13.2
5,15,3.8,1,2.18,2,39784,47,13.19,26.06,26.69
5,29,2.9,1,1.17,1,2014,45,12.61,20.11,29.99
4,8,2.1,1,1.56,2,12586,41,12.25,19.88,21.51
2,7,8.8,2,1.18,2,4556,27,10.76,14.55,21.88
2,26,7.6,0,1.04,1,728,45,7.41,11.92,18.53
2,17,2.8,0,1.1,2,13072,51,7.0,11.96,14.4
5,14,2.6,2,0.17,0,18582,25,14.45,21.6,30.63
0,13,6.1,2,1.93,2,20573,40,7.28,9.01,12.92
6,28,7.7,2,1.0,1,36822,22,12.24,15.68,24.99
0,9,2.4,1,0.85,2,26443,35,5.77,7.38,9.13
0,7,7.8,1,0.28,2,46000,23,4.72,7.23,8.22
6,20,1.2,1,1.28,1,4249,39,10.41,16.14,21.14
5,23,6.0,2,2.14,1,16772,55,13.46,25.56,36.58
3,18,3.4,1,2.21,2,29134,56,8.2,11.79,16.83
1,15,5.1,2,0.45,2,6286,35,8.0,12.6,15.28
4,25,2.9,0,0.64,0,28375,24,8.8,16.16,19.61
3,2,1.4,2,1.7,2,22235,47,10.46,14.74,15.87
0,3,4.1,0,0.95,1,7738,28,1.27,3.14,3.16
1,4,9.0,1,0.96,1,22463,38,6.63,7.95,9.12
2,6,4.7,0,0.37,1,29475,60,7.83,10.13,15.57
4,28,4.6,2,0.55,2,13660,20,13.8,23.83,28.75
3,17,9.2,1,1.21,2,18716,36,9.37,14.51,22.7
0,25,1.0,0,0.16,0,2843,38,2.29,5.04,6.38
7,14,5.8,1,0.72,0,32622,43,10.45,18.75,25.56
4,1,4.2,2,1.44,2,968,18,16.37,20.86,26.21
3,18,8.7,1,0.73,0,47550,44,8.89,12.95,20.94
5,19,6.8,1,1.3,0,25297,57,13.48,17.69,29.68
7,24,9.5,1,1.7,0,24677,49,9.07,17.95,29.57
1,22,7.4,1,0.56,2,28008,53,6.87,8.51,13.34
7,6,7.8,1,1.3,1,5020,59,11.39,18.21,26.62
3,27,4.9,0,2.4,2,28227,20,6.04,8.18,11.41
7,12,9.1,1,1.65,2,34881,32,8.65,20.56,36.03
6,5,4.0,1,1.88,2,39172,48,9.88,12.35,17.54
2,28,5.6,2,2.28,2,40845,52,13.37,16.3,18.78
7,19,4.1,2,2.1,0,42645,33,12.19,20.27,34.56
0,23,7.2,2,1.06,1,11003,49,6.87,11.09,12.55
1,23,6.2,1,1.19,2,3361,32,6.7,9.05,12.01
3,12,3.5,0,0.78,0,34179,65,6.97,11.98,13.09
5,26,2.5,1,1.84,1,39879,45,12.42,21.44,30.73
3,11,6.3,2,1.84,2,40041,25,11.73,13.17,20.67
5,1,3.2,0,1.13,2,49848,54,8.57,16.21,23.72
1,14,8.3,1,1.8,2,10918,45,4.06,8.14,9.54
2,28,8.7,1,1.48,2,24354,44,9.3,15.79,22.13
4,27,8.9,1,2.35,0,12109,28,10.38,18.18,26.94
3,25,3.8,1,1.69,2,18267,62,8.36,13.24,16.77
2,19,8.4,2,0.74,1,44494,61,12.47,18.03,25.64
4,20,1.9,2,0.74,0,23485,28,16.45,19.26,26.9
1,25,6.1,2,1.31,2,38919,49,9.03,11.08,12.63
5,20,4.2,1,0.44,0,21735,64,14.01,27.7,31.43
2,12,1.1,2,0.45,1,1549,49,13.14,18.58,18.83
2,14,7.7,1,1.4,0,8649,47,10.5,14.92,19.21
4,7,9.3,0,1.47,0,16803,31,8.52,16.96,21.89
7,13,9.7,2,0.36,2,42501,37,12.15,19.85,28.9
4,29,10.0,1,2.37,2,17234,24,10.77,19.81,23.38
4,6,5.3,2,2.07,1,27580,39,14.13,20.25,29.34
2,11,4.1,2,1.07,0,19644,44,12.47,18.93,22.32
2,29,6.8,0,1.83,2,47684,33,5.76,10.28,15.06
3,6,8.1,0,1.6,1,33340,22,4.33,9.93,13.56
6,20,8.5,0,1.84,1,1432,45,6.39,10.95,17.15
3,2,1.4,2,1.56,2,14108,33,12.21,15.49,15.91
3,1,8.2,1,0.73,1,13012,60,8.63,10.31,17.71
7,5,6.8,0,1.06,2,45920,30,5.3,13.02,27.22
5,25,8.9,2,1.14,2,29006,47,15.1,22.53,37.1
4,1,4.0,2,1.38,1,43524,26,17.37,18.0,25.1
5,3,8.6,1,1.2,0,33479,30,12.14,18.13,36.62
7,25,8.6,0,1.31,1,8871,20,7.82,18.85,31.18
4,18,3.6,1,0.95,0,15077,51,12.36,18.53,28.27
1,8,7.3,0,0.79,2,5913,26,1.7,4.02,5.92
0,21,8.8,1,0.85,1,46506,61,5.48,6.73,9.19
7,9,2.1,2,0.43,2,34526,33,11.0,17.06,30.86
0,29,3.0,0,1.15,1,29399,46,1.49,4.69,6.47
2,5,4.2,2,1.99,2,44177,57,11.89,15.86,19.46
6,27,3.7,1,2.23,0,14578,49,10.38,15.05,19.4
2,20,1.7,1,2.26,1,8231,59,9.85,13.82,18.63
5,7,2.4,1,0.65,2,28715,31,14.25,27.13,37.8
5,16,2.0,1,0.88,2,26133,40,13.52,20.6,31.46
7,18,4.5,0,1.33,1,19515,47,4.48,15.91,31.83
1,1,8.6,1,1.01,1,11568,64,5.97,6.71,9.85
2,30,4.2,1,0.55,1,44386,52,9.75,16.37,19.94
1,5,3.6,0,2.42,1,42131,31,2.43,2.88,3.87
0,30,3.2,0,0.64,2,48484,60,2.41,4.65,6.7
6,1,5.0,2,0.48,0,27055,61,14.6,17.39,20.39
4,13,2.5,0,0.9,0,17110,35,10.04,15.36,23.31
1,9,1.5,0,1.15,0,41046,65,3.49,4.12,6.47
5,22,6.7,2,2.43,2,2225,47,16.11,23.48,31.52
1,24,8.4,2,2.08,0,10579,62,8.18,10.77,13.0
4,16,8.3,1,1.85,2,6417,23,12.16,14.72,27.16
5,9,5.2,1,0.26,0,27754,55,11.65,18.58,36.53
6,2,9.1,1,1.74,1,8552,44,9.55,15.08,17.24
1,27,5.3,1,1.05,2,29777,63,4.82,9.11,12.72
2,18,4.3,2,1.04,0,4740,43,13.57,17.56,23.28
4,4,2.1,0,2.36,0,25405,36,8.05,15.03,21.77
5,9,5.0,0,1.11,0,34133,24,11.74,22.21,30.38
7,22,7.7,0,0.66,0,30981,27,7.79,13.77,24.04
1,6,5.1,2,2.07,1,24629,57,7.06,9.1,11.64
6,30,3.2,2,2.01,0,13784,21,14.62,18.25,19.58
3,2,4.3,1,1.62,0,8921,44,9.74,11.75,15.05
1,1,1.1,2,0.19,0,37713,42,9.04,9.41,11.64
7,30,3.1,0,0.19,0,48277,25,5.62,16.43,27.5
1,3,9.0,1,1.4,2,18634,19,5.78,7.49,9.15
0,29,9.5,2,2.25,0,28306,44,7.82,9.07,12.64
1,14,9.4,1,0.68,1,41939,48,6.49,9.41,12.18
3,20,1.7,0,1.79,1,19657,40,5.71,8.31,13.17
5,14,7.6,1,2.3,0,15538,65,11.24,18.6,33.57
5,24,1.1,0,0.86,0,27263,24,6.57,18.01,29.41
2,1,2.3,2,1.36,0,25937,63,14.26,14.53,18.9
1,24,3.4,0,1.64,1,37259,19,2.71,4.45,8.16
0,16,6.7,1,1.2,2,1971,38,5.79,7.95,9.33
6,6,5.8,1,1.71,0,36129,62,10.28,13.03,19.3
4,10,1.3,2,0.48,1,22327,46,13.53,22.25,28.63
5,2,8.8,0,1.15,1,46112,47,6.39,18.51,25.37
0,5,8.7,2,2.32,2,11269,47,6.92,8.36,9.29
5,11,6.7,1,1.41,2,18428,59,10.3,18.82,33.04
4,1,7.9,0,0.23,0,35306,22,10.18,14.88,23.57
6,15,8.4,1,1.78,0,7885,58,9.79,14.09,19.71
6,10,2.1,2,1.6,1,32051,61,13.18,18.24,19.43
7,27,4.2,2,1.64,2,38353,51,12.06,18.92,28.52
2,1,9.6,2,0.46,2,43329,57,12.64,17.09,19.84
5,7,4.9,1,0.36,2,49293,23,12.47,19.71,33.28
6,29,6.0,1,1.18,1,44427,23,11.09,17.18,20.55
3,16,7.6,0,0.9,0,22513,62,4.5,9.44,16.69
3,27,1.6,1,0.22,0,12068,52,10.64,16.03,17.55
0,12,3.1,2,1.49,0,38816,64,7.93,9.93,12.1
7,10,5.4,1,1.18,1,39271,32,11.71,20.97,30.97
5,9,3.3,0,0.92,1,10989,57,9.66,21.92,27.15
2,24,4.8,1,2.13,0,42713,43,9.82,13.85,18.97
5,4,7.8,1,0.31,1,30246,35,11.28,25.39,30.22
3,12,8.3,1,0.47,0,8459,51,8.93,15.84,19.32
3,12,5.4,0,2.0,2,18025,41,6.46,11.2,14.68
7,21,5.1,2,2.45,2,38538,18,11.18,17.13,28.3
0,18,2.7,0,1.21,0,12353,35,2.31,5.58,6.59
5,13,9.1,0,2.01,1,21316,21,5.53,23.01,27.24
7,6,3.0,1,0.22,1,9513,63,7.51,15.49,27.25
4,14,2.8,0,0.4,2,36660,44,8.4,15.44,22.03
0,17,4.6,0,0.69,0,36337,61,1.61,4.4,4.91
5,10,8.1,2,0.35,0,44204,28,15.43,25.36,38.72
3,16,8.6,1,0.48,2,27472,49,8.64,14.88,18.42
1,9,3.9,2,0.41,0,803,62,9.67,9.89,13.24
1,18,9.6,0,2.38,2,27758,36,3.01,4.42,6.79
3,14,2.5,1,0.64,2,2339,52,10.35,13.53,17.31
4,23,5.9,1,2.5,2,14772,58,11.27,19.39,24.89
0,22,9.2,2,0.15,2,27854,43,7.54,10.59,12.38
2,13,5.6,1,0.68,2,14102,39,10.12,13.99,17.55
5,25,8.9,0,0.83,0,32206,46,6.49,15.75,31.35
5,17,3.6,0,1.99,1,32303,49,7.8,16.87,31.59
0,19,2.6,1,0.99,0,31950,19,5.87,8.38,9.88
4,24,9.6,2,2.49,2,38180,60,13.92,19.34,31.91
1,13,9.9,1,0.82,0,47843,47,5.66,9.11,12.08
2,21,2.7,1,0.75,1,5524,25,11.83,12.7,19.89
7,25,5.4,2,1.01,1,40810,41,11.11,21.59,33.78
1,7,4.2,2,0.26,1,4179,24,9.29,9.36,13.45
5,21,3.6,0,1.32,0,17220,57,7.85,17.58,29.18
3,27,2.9,2,2.16,0,25185,30,11.06,17.38,18.41
1,9,5.8,2,1.5,2,49275,47,9.87,11.2,12.44
0,27,7.3,2,0.24,1,27831,34,7.94,12.0,13.06
3,1,10.0,0,1.79,2,43403,49,4.64,7.83,13.22
4,12,2.4,2,1.68,2,39741,44,16.2,18.76,30.47
5,19,6.2,0,2.09,1,32290,25,6.93,17.25,22.89
1,16,5.8,1,1.96,1,5821,28,6.12,7.33,10.92
3,13,2.1,0,1.4,1,20009,57,7.22,9.69,16.05
2,3,7.8,1,2.24,2,10083,55,7.43,12.77,20.98
0,13,4.0,2,0.16,1,27180,41,8.02,10.35,12.21
4,25,4.2,0,1.38,2,14369,44,9.98,13.38,21.5
1,14,7.5,1,0.95,1,10204,56,6.34,8.81,10.78
4,26,3.1,2,0.94,2,33086,60,14.35,22.35,27.08
6,11,2.3,0,1.78,2,3259,44,6.05,11.12,15.25
6,15,5.9,1,1.83,1,13912,47,10.55,15.11,19.78
6,8,9.7,0,1.63,2,13124,60,5.45,12.2,15.69
1,1,4.1,2,0.6,1,6671,31,9.61,10.18,12.17
7,6,6.3,0,2.1,1,13332,23,4.68,15.53,29.05
6,11,2.7,1,1.68,2,8191,20,10.01,17.5,18.45
3,27,1.9,1,1.29,2,24692,39,11.14,13.15,18.37
6,1,5.2,2,1.24,2,21557,42,12.97,16.29,20.38
5,9,7.0,0,0.2,1,17661,21,11.1,17.06,33.17
3,9,7.4,2,1.29,0,47117,61,11.15,16.04,21.08
5,8,9.5,2,1.01,2,16647,18,16.02,25.96,39.06
5,25,8.8,1,0.99,1,23191,20,9.27,22.5,38.66
4,3,4.5,0,0.72,1,21548,65,11.05,14.29,16.95
2,23,4.0,1,0.47,0,671,48,10.87,16.23,18.07
2,13,3.1,0,1.82,2,20088,56,5.95,10.07,13.23
6,29,8.8,0,0.9,1,10037,63,7.27,10.95,19.22
7,28,3.1,2,1.13,2,32223,62,14.87,22.55,34.1
1,23,6.6,0,0.75,0,15921,65,3.2,5.38,7.36
2,2,6.9,2,2.22,2,30376,56,12.32,16.03,16.56
4,8,8.5,2,1.23,0,14686,55,13.15,22.0,25.71
1,2,5.4,2,0.98,1,45229,61,9.14,9.64,12.19
1,26,3.8,0,2.39,2,36158,61,1.94,4.35,5.76
6,6,3.5,0,2.37,0,46346,58,7.38,10.5,15.18
5,17,3.1,1,2.13,2,2858,56,10.16,25.66,36.53
1,17,2.7,2,0.25,1,41530,61,8.52,11.54,13.79
2,29,8.1,0,0.96,1,15337,65,5.43,13.06,17.39
3,1,8.2,1,0.33,2,41739,41,9.59,12.79,17.24
3,30,7.5,2,1.58,2,16649,33,10.55,16.01,20.52
4,15,6.0,1,0.31,1,13388,45,12.7,19.29,25.14
5,1,1.1,1,0.7,0,33311,47,10.15,16.54,28.45
6,28,7.4,0,1.35,2,33337,28,6.85,12.9,17.9
7,23,2.6,1,1.09,0,3103,49,9.03,24.31,26.76
2,30,7.1,0,0.64,0,24148,43,5.9,11.61,19.03
7,5,7.5,1,0.47,2,43413,53,8.75,17.89,24.64
0,29,9.7,2,0.45,0,37488,26,8.91,9.65,12.36
0,7,8.7,1,1.08,1,30157,29,5.36,8.14,8.35
5,20,7.3,0,1.93,1,14074,51,8.13,20.28,30.03
4,18,5.9,0,1.37,1,24701,42,10.17,13.94,23.04
7,24,8.9,0,0.53,1,18499,37,2.84,19.43,27.43
5,21,3.6,2,0.74,0,48830,40,16.2,25.03,32.44
1,6,8.8,1,0.67,0,39446,18,5.94,9.15,9.99
5,16,6.6,0,1.03,0,6525,49,7.11,20.69,33.11
5,25,9.7,2,1.28,1,35255,54,12.97,25.15,38.55
5,27,7.9,0,1.79,1,27126,60,5.01,20.61,26.61
6,5,1.1,2,0.77,0,9712,64,13.73,16.49,21.72
3,25,4.6,1,0.11,2,20312,29,10.2,14.96,16.6
2,6,8.4,1,0.88,0,7817,35,9.25,14.69,21.28
2,30,2.1,1,1.34,1,43659,48,10.71,13.0,17.51
7,11,8.0,0,0.68,0,22102,30,4.01,14.21,22.12
4,15,3.8,1,1.02,2,14107,61,13.64,18.58,24.85
3,2,8.6,0,0.7,2,9922,44,5.25,8.19,13.7
5,14,8.5,1,1.52,0,28724,41,8.49,21.57,35.36
7,4,9.1,0,1.96,0,43382,39,4.83,14.94,28.63
4,30,7.1,2,0.79,0,37765,30,16.94,21.41,30.74
6,6,2.0,2,1.2,2,46317,35,12.9,17.71,22.87
0,3,2.2,2,0.86,1,47518,45,7.43,9.7,10.73
3,18,9.5,0,0.72,0,23685,62,4.65,10.3,17.36
3,19,8.1,0,0.53,1,10362,54,5.74,11.67,18.86
4,4,4.3,0,2.34,0,14914,22,10.48,12.77,17.74
6,26,4.3,0,0.55,0,7105,24,9.71,11.46,16.85
5,25,9.7,1,0.51,1,29947,40,12.94,24.09,36.33
4,15,7.2,0,2.43,0,7625,24,7.15,14.32,22.83
7,11,9.8,1,0.53,0,14172,65,8.0,16.25,32.46
4,10,3.8,1,0.13,1,27159,19,11.13,17.79,21.21
0,1,9.0,0,0.28,1,42094,22,1.9,2.3,4.55
0,27,1.2,0,0.59,1,41365,61,1.0,3.99,6.04
6,26,5.8,2,0.43,1,19177,41,14.21,17.4,23.9
3,16,9.5,0,1.69,1,22831,52,4.15,7.95,14.7
5,11,1.4,0,1.25,1,20655,19,7.39,19.18,28.74
3,17,5.6,2,2.44,1,15673,24,12.35,16.4,20.66
6,16,6.6,1,1.46,2,8587,60,9.85,14.99,17.69
2,27,9.7,2,1.29,0,39534,31,12.18,15.2,24.97
7,16,4.8,2,0.34,2,15086,51,12.61,20.28,30.42
5,10,7.6,2,1.75,2,7501,24,14.63,26.32,42.23
2,20,6.7,0,2.37,2,18669,59,6.2,9.62,13.68
3,20,6.3,1,1.45,2,35062,26,10.25,14.69,16.22
2,23,6.7,0,0.36,2,5214,27,7.4,11.25,15.7
6,24,5.5,1,2.43,1,11684,31,10.77,15.54,19.17
0,26,9.1,1,2.13,2,38177,31,5.3,7.49,8.5
5,30,6.3,0,2.17,2,11967,44,7.17,15.51,33.39
2,12,8.7,1,0.41,2,3539,55,11.93,14.98,20.73
4,16,6.1,0,1.64,1,25601,40,8.67,17.54,23.06
0,24,9.3,0,0.56,0,6601,26,2.58,3.72,6.7
1,4,3.7,0,0.24,0,40035,44,2.63,3.08,4.95
5,6,4.7,1,1.2,2,21454,45,10.54,22.62,30.13
1,11,1.9,1,0.63,0,20920,61,6.11,8.94,13.5
0,13,2.1,0,2.04,2,18345,44,0.73,4.83,5.55
2,20,4.7,0,0.91,0,40314,48,7.03,11.76,14.04
0,28,9.6,1,1.72,2,14818,26,5.11,6.98,8.42
3,5,6.9,1,1.44,2,47060,19,8.7,12.61,12.91
3,20,3.3,0,0.96,1,7367,38,5.89,11.03,13.51
0,17,4.4,0,0.35,2,1768,36,1.62,4.34,7.28
0,11,5.1,0,1.05,1,7203,47,2.03,4.49,6.15
0,11,4.1,0,0.65,1,1145,34,1.57,4.38,6.0
0,7,4.7,0,1.24,0,36898,21,1.49,3.55,4.18
3,29,7.6,2,2.26,0,40956,39,12.24,16.77,20.14
6,4,8.0,2,0.51,0,12497,56,11.41,15.31,22.0
1,17,5.4,2,1.68,1,37277,26,7.93,10.33,12.79
7,21,5.7,0,0.78,2,8060,25,8.1,18.04,26.72
4,7,8.6,0,1.75,0,39519,36,7.47,12.76,22.74
6,26,7.0,1,0.42,1,23379,28,10.29,16.44,19.88
1,1,6.6,1,0.41,1,8074,33,7.02,7.71,9.09
4,2,7.5,2,0.58,2,10117,56,14.96,19.5,28.11
5,6,7.8,0,1.18,1,32469,56,7.83,19.36,29.89
6,6,4.6,2,1.66,2,40100,37,12.97,14.17,18.25
6,17,5.6,1,2.17,2,5856,40,12.27,13.66,19.39
2,5,7.2,2,0.58,1,43365,51,13.56,17.01,20.89
1,16,8.6,2,1.65,1,33574,18,7.72,10.76,12.71
0,29,1.7,0,1.49,1,46017,55,2.85,3.75,6.94
4,19,6.1,0,2.12,2,4667,48,8.79,14.35,19.35
5,26,3.0,2,2.3,0,13819,56,16.14,21.93,29.77
2,19,9.5,2,1.5,0,39385,31,12.13,15.7,24.35
5,27,2.7,2,0.18,1,48970,25,13.34,26.66,31.7
1,25,5.7,1,1.88,1,7964,22,6.2,9.14,11.23
3,5,4.2,2,0.57,1,5665,59,13.33,14.65,19.36
0,8,7.0,2,0.85,1,42905,53,8.72,8.87,11.71
3,6,6.7,2,1.04,1,18919,41,12.25,16.26,18.14
7,5,8.7,0,1.64,2,13828,33,6.18,15.55,24.16
4,15,2.7,2,1.99,1,22136,43,15.32,19.95,30.26
0,30,7.4,0,2.47,2,26919,38,0.56,3.56,5.84
1,24,2.3,1,0.15,2,4791,33,6.17,8.66,12.44
0,18,8.2,1,1.0,1,29945,29,6.03,7.6,11.09
2,2,7.3,0,2.06,2,25630,22,4.32,7.72,13.97
7,16,5.8,0,0.51,1,31669,37,5.56,14.26,30.52
3,5,1.4,0,0.51,0,32861,26,6.59,8.81,13.87
4,24,6.8,0,2.18,2,33364,28,8.84,16.29,21.58
0,18,5.1,2,1.54,1,8564,51,6.47,8.59,11.71
7,1,6.2,0,1.71,0,4855,32,5.35,11.44,24.31
0,28,4.9,2,1.66,1,24283,56,7.14,9.6,11.67
6,23,3.9,0,1.54,0,11290,37,7.75,14.04,17.23
0,8,4.2,1,1.12,1,15080,60,4.94,7.36,8.85
4,10,3.7,1,0.4,0,13453,62,13.1,16.67,26.54
5,7,1.2,1,0.27,0,16928,49,13.62,22.36,25.52
3,26,7.4,1,1.88,1,41370,39,7.48,11.92,18.8
6,3,8.9,0,0.98,2,21818,46,6.6,9.77,15.93
3,1,5.3,2,2.19,0,19419,50,11.07,12.59,17.75
7,5,6.9,1,2.26,1,20732,46,8.77,18.14,23.93
7,23,3.9,1,1.6,1,4514,38,9.69,22.5,23.69
2,22,8.1,0,1.47,0,29725,53,6.46,13.34,18.16
5,21,4.9,0,1.44,2,32405,62,10.45,18.09,25.31
0,1,8.2,1,0.51,1,48687,36,4.69,6.55,6.63
3,8,2.3,1,2.03,1,23906,48,7.81,13.66,14.04
7,27,2.6,2,2.26,1,29790,50,11.23,22.79,33.44
1,20,8.9,1,0.42,1,20892,45,5.58,9.54,11.43
4,24,7.7,0,1.06,0,25337,29,8.36,16.89,23.93
2,13,6.0,1,0.39,2,47925,55,11.95,16.25,17.48
7,3,4.9,0,0.87,2,14230,21,6.41,13.78,23.46
5,23,7.3,0,1.88,1,31325,54,7.83,20.14,30.99
2,2,1.2,0,1.19,0,44828,49,6.77,11.45,12.11
5,23,5.0,2,2.09,0,5460,34,12.28,25.96,38.57
1,8,3.6,0,1.86,0,23018,37,2.36,3.25,4.66
1,9,7.8,0,1.02,1,14949,58,3.57,4.83,6.91
5,23,3.3,0,0.79,2,19126,53,12.55,19.24,29.12
0,2,3.9,0,1.11,2,22900,56,1.52,3.48,3.59
2,8,7.1,1,1.32,2,16240,30,10.37,14.51,19.45
6,12,2.0,1,1.98,0,18739,50,10.1,15.85,18.22
5,28,4.1,2,0.59,0,28992,37,13.37,25.21,37.94
7,1,9.7,1,2.35,0,25147,64,6.47,15.2,24.09
7,17,7.4,2,0.42,2,6660,52,10.98,18.7,37.58
7,28,2.1,1,0.83,2,36999,48,10.18,20.64,33.35
0,21,8.6,1,1.25,2,42702,42,6.44,8.35,10.76
5,9,3.3,0,2.21,1,31293,22,8.98,18.5,27.27
7,2,1.1,2,2.39,2,4633,19,10.52,19.13,23.08
6,10,6.0,2,0.18,1,41613,39,13.45,18.65,19.89
5,27,9.3,2,0.91,1,19993,59,12.1,27.4,40.37
0,13,3.5,1,2.06,1,714,45,5.38,7.28,8.7
6,30,5.9,2,2.11,1,11663,21,15.01,16.6,21.45
2,21,6.0,1,1.44,1,7900,23,12.4,15.5,18.94
0,6,2.1,0,0.18,1,3641,62,3.04,3.91,4.6
6,6,8.2,2,0.33,1,34226,41,12.31,18.3,23.95
6,6,7.2,0,2.47,1,32398,35,7.74,11.42,14.91
1,17,2.5,0,1.0,1,31846,42,4.06,5.61,7.89
5,24,7.0,0,0.27,2,32201,28,6.49,20.79,30.07
3,4,8.2,1,1.81,1,8049,62,7.82,10.4,16.4
5,21,2.6,1,0.79,2,7072,52,14.56,23.03,34.58
4,25,3.3,1,1.36,0,32732,21,13.45,19.21,24.79
7,14,8.8,0,2.35,2,20343,58,4.65,13.48,23.77
4,27,6.0,2,0.56,0,24153,51,14.0,21.96,33.19
2,26,6.5,2,2.31,1,26390,35,12.02,17.13,20.36
3,11,4.8,0,1.07,1,42944,49,7.45,10.34,14.69
1,27,3.8,0,1.5,2,4713,53,2.82,5.41,7.01
6,26,7.2,2,2.34,2,33336,55,10.61,17.15,24.43
2,1,7.6,2,0.89,0,35198,31,11.66,16.45,21.01
7,20,3.7,1,1.74,2,5621,60,9.51,19.59,24.49
4,3,1.3,1,1.83,0,16247,57,12.66,16.17,23.31
1,28,8.4,0,2.48,1,44275,63,0.83,4.33,6.67
7,22,9.9,1,1.84,2,21267,32,5.39,19.38,29.69
1,1,6.6,1,1.46,1,6221,56,5.9,7.74,8.34
2,10,3.4,1,0.53,0,48748,62,12.54,15.48,17.88
6,21,8.8,1,0.29,0,19911,47,9.91,15.22,24.01
5,26,4.9,1,2.47,2,1636,36,9.77,24.14,27.99
0,6,2.0,2,0.15,1,32501,62,7.6,9.34,11.55
1,8,8.6,2,0.39,0,42275,33,7.81,9.51,10.67
4,11,5.7,0,0.58,0,49910,26,10.18,17.18,18.65
3,1,1.6,2,1.16,2,24200,47,10.63,16.35,16.41
6,5,7.4,0,0.55,1,2415,62,8.24,12.01,16.59
3,16,5.9,1,1.58,2,49640,41,8.13,13.65,16.33
2,30,3.3,1,0.16,0,45772,47,10.7,14.9,20.47
6,18,5.9,0,0.57,1,34345,58,9.24,11.89,15.23
4,18,9.9,0,2.15,2,30732,30,9.11,14.82,24.72
4,12,8.8,0,2.19,0,10075,41,8.68,13.78,21.1
7,28,7.6,1,1.99,0,31954,26,8.32,16.35,28.58
6,10,9.0,1,2.45,1,11452,51,9.11,14.01,20.65
0,11,4.3,2,1.17,2,6142,52,9.08,12.71,13.14
4,14,1.7,0,1.47,0,39776,49,8.82,14.45,20.74
6,13,3.7,0,2.03,0,17525,57,7.97,10.93,17.88
1,6,3.5,0,1.63,2,49910,34,2.42,3.68,5.91
3,14,3.8,1,0.13,1,38929,45,9.19,14.1,17.46
5,7,9.4,1,0.24,2,7483,34,12.84,23.57,33.52
6,29,7.9,0,1.37,2,30515,48,6.13,14.25,20.54
3,5,4.0,2,1.55,1,19493,23,9.62,14.02,17.3
0,29,9.1,2,2.34,2,29857,53,7.56,8.92,11.91
1,16,4.9,0,1.88,0,12392,34,1.5,4.28,7.66
2,11,3.6,1,2.25,2,14954,51,9.22,15.27,17.94
4,13,3.7,1,1.21,1,8264,18,12.34,21.68,24.43
3,4,4.3,0,0.31,2,27115,53,5.6,8.99,11.03
7,19,6.5,2,0.12,1,44608,39,10.49,18.48,34.01
4,11,9.8,0,0.44,1,29894,27,8.18,17.55,27.93
5,8,3.7,2,1.2,1,12365,46,12.15,24.69,30.43
5,6,7.1,2,1.72,1,23035,20,14.24,25.31,38.48
0,13,5.9,2,0.41,0,5202,19,7.82,9.49,13.26
5,6,2.1,2,0.51,0,1962,28,14.57,24.13,29.94
7,8,4.5,1,0.33,1,24963,58,10.95,22.26,27.56
6,15,7.3,1,0.86,2,14262,62,9.41,13.19,24.15
4,18,4.3,2,0.43,2,30601,23,15.17,22.36,29.52
2,8,6.3,1,2.23,1,9552,47,9.52,12.63,15.1
1,7,8.0,2,0.7,2,26377,33,9.5,10.74,11.55
2,10,8.0,2,1.11,1,23943,20,13.09,17.18,21.94
0,9,6.0,0,1.73,2,12745,42,1.46,3.16,4.51
1,3,6.1,1,0.96,0,28769,48,5.96,7.06,9.6
4,1,3.0,2,0.8,2,9185,36,15.87,17.29,28.41
4,25,4.7,1,1.84,0,13999,36,13.29,17.02,21.35
5,4,6.4,1,0.48,0,21649,41,15.98,22.84,24.77
2,17,7.5,0,0.97,0,49106,62,7.19,10.14,16.28
2,13,7.8,0,0.66,1,23618,51,5.76,11.91,16.5
2,9,5.8,2,2.28,0,12044,63,11.31,13.62,17.91
3,3,9.3,2,0.47,1,29909,53,12.65,13.82,19.66
1,21,3.4,2,1.01,1,11733,42,9.2,11.86,14.29
5,3,7.5,0,1.17,0,48824,50,8.18,20.93,29.92
4,7,8.2,0,2.31,0,20505,50,9.99,11.33,19.61
5,20,5.9,2,1.07,1,20254,33,15.18,27.79,42.97
1,18,9.0,2,1.92,1,9187,23,8.34,9.65,12.65
1,26,5.4,1,1.04,1,47152,44,6.56,8.72,10.85
1,26,5.9,0,0.93,1,44680,37,3.1,4.79,8.99
0,29,7.9,1,1.58,1,28991,25,4.83,6.88,9.11
1,10,9.8,0,1.1,1,7070,46,2.93,4.55,7.23
6,1,8.1,1,1.62,0,42647,64,9.87,13.71,18.0
4,10,5.4,2,0.18,1,18924,48,15.77,20.88,23.58
6,15,2.2,1,1.6,2,22313,34,12.32,14.87,19.32
0,24,8.8,0,1.51,2,3964,33,0.66,4.75,5.51
5,4,4.3,2,1.12,2,17325,30,13.01,22.17,35.26
0,9,3.2,2,0.88,0,28919,31,7.41,9.45,12.46
0,15,4.7,2,2.25,0,49478,21,7.24,9.46,12.05
0,25,5.4,1,2.07,0,30604,52,4.1,6.31,8.25
1,10,1.7,2,0.41,0,3400,43,8.11,11.39,12.57
2,9,8.7,1,1.0,0,49451,22,9.15,12.5,19.5
2,10,8.9,1,0.15,0,12671,50,9.7,12.57,17.98
6,19,6.2,2,0.98,2,44308,49,14.4,19.41,22.64
7,22,8.3,2,1.66,1,30340,32,10.16,19.28,31.79
1,2,5.4,2,0.29,0,24767,59,9.08,9.26,10.86
4,18,2.5,0,1.64,0,19173,33,9.76,14.53,20.59
1,4,4.3,2,1.41,2,18627,51,8.29,9.72,11.05
1,17,3.0,1,1.79,0,27081,57,5.55,8.23,11.01
1,14,5.0,2,1.53,1,14330,56,8.03,10.62,13.31
0,3,3.0,0,0.99,1,38477,18,0.85,3.05,4.21
2,5,4.4,1,2.2,2,19615,45,9.11,14.8,15.02
3,13,5.2,1,0.83,1,5689,24,10.71,13.63,18.61
2,28,8.7,2,2.35,0,18293,19,11.38,16.46,23.4
5,11,4.9,0,0.63,0,34375,25,6.27,19.14,37.34
2,9,2.2,1,2.17,2,25617,32,10.3,11.49,16.93
3,12,3.5,1,0.28,0,40427,58,8.85,15.3,18.82
7,16,1.9,2,2.26,1,35297,24,10.99,24.22,34.14
2,24,2.9,0,1.67,1,5197,53,8.15,10.03,14.0
1,6,4.8,2,1.26,1,36263,30,9.67,9.93,11.24
7,18,3.8,2,1.68,2,24640,43,13.28,24.03,27.26
2,23,4.5,1,0.51,1,14751,37,11.96,14.06,18.72
4,23,6.7,0,1.06,2,3316,24,11.13,13.29,20.0
3,28,1.9,1,1.84,0,9845,40,8.02,14.04,16.55
5,12,9.8,2,0.13,2,36707,64,13.19,25.08,40.64
3,6,4.2,2,1.24,1,8393,28,13.14,17.19,19.82
7,3,3.2,2,1.43,2,46770,41,13.03,22.54,24.55
6,5,2.8,1,0.41,2,43564,65,10.64,13.91,17.48
1,13,6.6,1,1.74,1,35665,52,6.27,9.03,11.88
7,9,7.2,1,0.93,2,42235,54,8.81,18.83,36.19
6,13,5.4,1,0.98,0,8112,34,10.0,16.76,23.08
6,23,3.3,2,2.11,2,888,29,14.88,18.0,22.8
5,15,2.6,2,1.27,1,16676,29,13.56,27.91,39.77
0,19,8.3,1,0.98,1,6962,56,5.01,9.28,10.47
3,26,8.7,2,0.97,2,46192,49,11.66,16.98,24.66
4,18,4.8,1,0.66,1,10646,31,15.72,21.94,28.51
2,15,5.6,1,2.09,0,638,46,11.1,12.58,16.31
5,4,6.5,0,0.3,2,4071,64,9.71,21.87,25.83
0,19,8.3,0,1.27,2,14082,43,1.1,3.68,7.18
4,20,9.9,2,1.52,0,47176,39,14.68,20.36,31.0
5,3,1.6,0,0.73,1,49521,29,9.04,20.0,26.4
5,22,1.9,2,0.33,1,42099,35,14.02,23.56,37.77
6,10,3.2,2,0.78,0,44398,30,15.29,19.54,25.3
7,15,3.1,1,0.75,2,31944,36,8.33,17.21,31.69
6,8,7.0,1,2.16,0,10758,48,11.73,12.1,17.26
7,11,9.9,1,1.57,2,8613,56,6.16,17.35,28.34
3,30,9.4,1,2.06,1,31495,45,9.17,14.6,19.9
5,17,2.7,2,1.08,1,26016,20,16.81,22.11,40.71
5,7,4.3,0,2.44,0,18976,46,7.05,19.19,28.84
2,21,1.9,0,2.37,0,4773,31,6.62,10.67,12.9
3,23,9.9,1,1.24,0,5177,39,9.18,15.14,20.03
4,20,4.0,2,1.6,0,41136,64,12.94,22.03,27.4
4,18,2.8,2,2.38,1,49702,57,15.55,21.39,29.89
5,5,8.5,2,0.7,2,30779,60,14.95,24.58,30.69
5,25,7.0,1,2.18,0,5437,64,11.6,21.18,28.03
4,11,5.6,0,1.08,2,12951,57,9.82,16.86,22.9
3,26,9.0,2,0.53,2,41501,56,10.78,16.94,22.36
0,10,7.2,0,1.17,2,28800,59,2.05,3.49,5.1
0,27,2.6,0,1.06,1,40400,52,2.7,4.68,6.12
2,28,4.1,1,2.26,0,16959,45,10.52,12.95,18.71
4,17,4.2,2,1.52,2,45366,20,14.72,18.37,28.03
7,19,7.0,1,0.11,1,41280,53,9.63,18.96,25.42
4,5,6.8,2,1.06,2,16755,61,17.68,18.63,23.23
4,23,5.1,0,2.21,2,39233,20,9.27,12.22,18.51
6,29,2.6,2,1.7,0,45149,58,13.83,16.83,24.9
1,19,9.3,1,0.76,2,49613,25,7.27,9.08,11.04
1,17,3.7,2,0.43,1,5327,31,8.79,11.9,13.93
3,2,2.7,1,0.24,2,11187,30,9.53,13.65,14.11
4,1,2.4,1,1.48,1,20854,47,13.12,18.76,22.41
6,22,7.5,2,0.41,1,41226,31,13.55,16.98,26.68
1,15,1.5,0,1.61,0,3298,43,2.8,4.85,7.38
5,13,3.8,1,1.66,1,30811,23,12.54,18.41,33.47
6,7,3.6,2,2.27,1,48145,61,13.98,17.58,17.91
1,23,3.1,1,1.32,0,14799,64,5.9,8.58,11.04
5,11,9.0,1,1.58,1,49252,64,11.48,22.67,38.87
0,25,3.8,1,1.17,0,44018,20,5.4,7.09,10.5
7,17,8.3,0,0.65,1,18009,62,4.82,18.83,29.55
3,8,2.0,2,0.55,2,5628,45,12.97,15.82,20.28
0,11,4.6,2,2.08,1,18515,62,7.25,9.86,10.11
1,15,4.9,2,2.37,0,30580,37,6.96,10.17,12.84
1,25,1.1,2,1.07,0,37082,57,8.72,11.59,13.37
0,9,7.2,1,0.73,0,9853,20,5.35,7.89,8.28
7,12,8.8,0,0.28,2,5887,19,6.42,13.81,24.4
2,22,8.7,1,1.26,2,21531,39,10.65,13.78,21.03
3,1,4.5,0,1.57,1,22155,39,5.62,7.2,11.16
0,25,1.3,0,1.93,2,35109,35,1.92,2.22,5.17
6,1,2.1,0,0.36,2,34186,25,6.88,11.97,13.83
2,22,7.8,0,0.22,1,3710,36,6.11,11.0,16.54
5,21,8.7,2,0.47,1,17998,31,14.36,24.37,33.23
3,22,6.8,1,0.21,2,6371,47,10.64,14.66,15.16
1,2,10.0,2,1.02,1,38532,38,9.76,10.48,11.28
7,10,8.0,2,1.88,1,28370,32,10.45,17.71,33.43
2,20,4.4,0,0.52,0,4714,55,6.17,11.73,13.2
3,24,7.3,1,1.54,1,40899,61,7.47,12.86,20.88
3,1,9.2,0,1.02,2,6913,42,5.45,10.75,13.66
5,4,6.3,1,0.47,0,45417,34,13.11,19.95,32.47
6,9,5.9,0,0.47,2,24433,52,7.61,11.13,14.88
4,20,8.7,1,1.36,2,30634,55,12.88,18.65,29.95
6,8,2.6,2,0.75,2,32403,30,13.19,20.76,20.8
1,10,5.1,2,1.79,2,514,65,7.82,10.45,12.1
1,5,5.9,2,1.84,1,9654,55,7.95,9.1,10.38
4,25,6.8,0,1.08,2,36060,59,9.1,17.0,21.43
4,1,4.3,2,2.05,0,29459,40,14.28,19.12,22.77
3,9,7.9,2,1.42,0,34122,52,10.47,15.49,22.7
7,14,8.1,1,1.37,0,7034,42,10.82,18.73,26.65
7,28,9.0,1,0.6,0,16056,37,8.46,20.45,27.82
4,15,2.6,2,2.16,0,22499,34,17.6,19.45,28.04
6,5,2.4,2,0.81,1,44145,20,14.81,16.53,22.57
4,11,3.7,0,2.01,2,23861,35,8.42,12.54,20.37
4,22,9.1,1,0.77,2,33129,37,13.55,19.0,30.48
5,2,7.1,1,2.04,2,41611,43,9.23,19.55,32.51
6,28,5.4,0,0.78,1,38821,59,6.05,12.46,16.7
0,29,8.2,0,0.11,1,48122,41,1.66,4.28,6.13
3,9,4.4,2,2.26,1,1103,64,11.27,15.73,18.62
7,25,6.1,0,0.92,1,22077,59,6.2,18.29,24.13
1,11,9.1,1,1.11,0,27118,40,6.05,8.46,12.0
6,19,7.5,1,0.4,0,19080,47,10.3,14.12,23.7
3,15,3.9,1,0.16,2,38166,22,9.1,14.34,16.99
7,21,8.3,2,0.62,1,30528,50,10.09,22.2,30.44
5,30,8.2,0,0.21,0,27515,54,9.08,18.01,30.65
5,27,2.6,1,1.93,2,46738,20,9.46,26.55,35.85
5,5,3.3,2,1.67,0,18081,63,13.42,23.8,30.99
6,17,1.6,2,1.38,0,29657,30,13.88,19.63,22.0
7,7,8.3,0,1.89,0,26348,54,2.25,15.73,27.12
1,17,5.9,0,1.35,0,25667,64,3.75,5.31,7.46
6,12,9.9,0,0.29,0,41892,40,6.9,12.68,16.83
6,3,2.0,1,1.49,1,30560,41,12.02,12.97,15.73
3,7,3.6,2,0.87,0,20373,38,13.71,16.8,19.68
3,27,5.7,1,1.62,0,37469,51,10.04,13.66,17.66
1,2,5.9,1,1.22,0,28660,58,6.52,7.62,9.22
4,16,1.6,0,1.22,1,17741,62,10.34,15.04,20.26
7,24,4.5,0,1.9,1,49980,50,4.32,14.87,22.68
3,12,6.1,2,0.38,1,19203,54,13.67,16.47,20.3
3,24,1.1,1,2.11,0,3816,21,8.42,14.74,17.93
6,11,3.6,0,1.72,2,20932,33,6.77,9.33,13.61
5,10,5.6,2,0.7,0,5574,53,17.13,21.09,27.95
3,26,2.4,0,1.64,2,20734,40,6.95,10.8,14.79
0,4,2.7,0,0.21,1,15097,55,1.97,2.88,3.69
0,8,5.2,0,0.82,0,12153,18,2.66,3.39,4.69
2,8,7.5,1,1.49,1,13535,21,9.63,14.8,20.41
7,24,3.0,0,0.86,0,5182,33,4.85,18.95,25.68
1,30,2.5,1,1.6,1,46454,54,5.19,8.78,10.34
5,20,2.2,1,0.78,0,40193,42,13.08,24.6,27.59
5,11,5.3,1,2.24,0,44566,24,10.53,23.76,35.14
6,12,6.8,1,2.47,2,49320,32,11.93,13.59,19.14
4,26,2.4,1,1.55,0,16916,57,12.65,17.71,21.83
4,9,2.9,2,1.42,2,13704,35,15.19,21.48,30.54
1,17,1.7,2,1.05,0,37829,46,8.76,11.48,13.77
2,8,3.6,1,1.76,2,41305,22,10.64,12.33,18.39
6,20,9.5,2,0.94,1,14603,32,13.08,18.74,27.64
7,21,1.8,2,0.11,1,39619,57,11.15,22.51,32.24
1,11,5.0,1,1.56,1,42025,55,5.71,5.93,9.55
1,19,5.3,2,1.76,2,37384,43,8.43,11.36,12.49
1,9,5.5,2,0.74,2,31604,51,9.22,10.73,12.99
2,3,5.7,0,2.16,1,5273,41,7.39,8.19,12.22
7,6,3.7,1,0.84,0,19039,63,9.04,16.65,26.57
5,30,4.5,0,1.47,1,31988,30,7.95,17.21,25.18
2,13,1.4,1,2.18,1,19145,41,11.7,13.04,16.01
6,26,8.7,2,1.65,1,35198,41,13.27,17.59,26.29
0,8,6.0,0,1.49,2,45049,42,2.31,3.12,4.12
7,3,9.5,0,1.44,2,28382,50,5.21,17.99,30.06
3,30,10.0,1,2.37,0,10367,52,8.22,13.53,17.92
2,28,8.9,2,1.24,2,30292,52,12.77,17.57,23.03
4,30,2.7,0,0.92,0,33447,30,9.81,14.65,20.24
6,17,3.9,1,1.66,0,36088,18,10.58,16.14,21.11
3,24,4.5,0,0.5,0,48906,30,6.75,10.5,14.11
5,30,5.7,1,1.62,1,7602,21,10.34,21.84,30.57
6,24,1.2,0,1.49,0,36722,20,7.95,11.88,16.6
5,22,6.2,1,1.8,2,44164,54,11.78,19.17,27.6
6,20,8.9,2,2.17,0,24611,45,11.69,17.68,23.09
4,7,5.5,2,2.38,2,40838,22,13.78,19.75,23.45
6,19,9.2,0,1.2,0,4013,37,6.13,12.3,16.65
2,29,4.9,2,0.98,0,3165,31,14.4,15.32,20.9
1,21,1.1,0,1.58,1,47074,45,2.25,4.9,8.4
3,10,4.9,2,0.36,2,7949,42,12.63,14.75,21.23
7,29,5.8,1,1.8,1,23446,24,10.15,18.5,27.05
5,7,8.0,0,0.73,2,39259,46,7.33,15.67,27.44
4,15,5.7,0,1.81,0,8086,35,8.61,16.13,23.0
5,7,3.2,1,0.69,2,25705,47,11.8,20.46,26.95
0,28,9.9,2,1.3,2,49286,64,8.19,9.66,12.63
6,26,4.3,0,0.67,0,20987,37,9.3,13.24,16.84
1,21,9.7,0,0.86,1,38871,25,3.6,5.89,8.39
0,24,1.1,2,1.98,2,20548,57,7.48,10.01,10.32
4,4,5.7,0,1.91,1,12598,22,10.04,11.82,17.23
4,15,5.0,1,2.32,0,12270,51,13.28,21.44,27.08
2,17,2.7,0,0.48,0,35367,40,7.9,11.88,16.09
2,8,5.3,0,2.38,1,14732,54,6.86,8.25,12.97
3,2,8.0,0,1.4,2,6229,29,5.47,8.87,14.81
7,18,2.0,2,0.39,1,37611,61,11.35,19.58,31.67
5,6,5.2,1,1.5,2,20182,57,12.25,21.17,30.3
4,25,3.9,0,1.42,2,7100,32,12.19,15.29,23.25
7,3,1.3,1,2.2,2,1988,63,9.77,15.59,24.97
7,28,1.2,1,0.19,0,47657,53,8.62,19.55,32.93
6,4,5.9,2,0.26,1,40159,25,12.97,19.53,20.06
4,30,7.1,0,0.3,1,48054,33,8.9,15.52,22.65
4,30,2.5,0,0.75,2,22951,48,11.1,15.94,23.54
2,3,3.2,1,1.21,0,13255,22,10.12,13.59,17.05
4,2,5.5,1,1.63,1,11359,33,13.97,18.97,21.73
5,2,6.2,2,0.31,0,44588,39,17.23,21.84,33.68
2,20,4.7,2,2.48,1,27984,58,11.86,17.03,19.07
0,8,2.3,1,0.26,0,11175,29,5.27,7.61,8.75
3,18,3.9,1,0.3,2,23861,46,9.88,14.89,19.45
3,5,5.6,1,1.19,2,22298,18,8.6,10.31,17.19
5,28,9.6,0,2.18,1,11126,31,6.56,20.41,25.53
0,24,1.8,0,1.94,2,18205,40,0.06,2.97,5.73
1,16,3.3,2,1.66,1,11487,45,8.5,10.77,12.06
3,18,7.0,1,1.01,1,27497,44,10.51,15.31,19.55
1,3,9.2,1,0.46,0,25929,53,5.43,7.14,10.14
0,7,4.6,1,1.55,0,6782,59,4.38,6.1,7.81
6,7,3.4,1,0.85,0,46282,28,13.03,14.25,19.34
4,28,9.1,2,2.33,1,37726,55,15.51,21.08,32.53
4,14,2.8,1,1.23,1,31943,58,12.89,19.17,24.35
4,24,8.3,0,0.85,0,44377,18,10.13,18.58,25.73
3,2,8.0,2,1.84,1,27588,20,11.07,12.65,21.29
2,5,4.8,0,0.53,1,13981,30,6.1,9.52,15.3
1,29,6.3,0,1.02,0,49911,32,3.04,4.91,7.62
3,27,1.1,0,2.42,0,48731,64,5.96,9.17,14.27
2,1,9.1,0,1.46,2,8912,31,7.01,11.67,16.01
7,4,8.9,1,1.79,0,20995,19,8.55,18.74,30.88
1,8,6.3,0,1.46,0,14021,57,3.45,4.32,5.55
2,1,2.6,1,1.72,2,31386,33,9.16,12.32,16.51
5,22,6.9,0,2.29,1,9682,48,7.58,16.55,27.36
1,4,9.8,1,1.9,2,22484,19,5.06,6.91,8.31
6,29,7.0,0,1.63,0,44024,38,7.87,13.01,16.18
1,2,7.6,0,0.23,2,25470,55,2.7,4.32,6.2
7,26,1.9,0,1.64,2,47627,29,6.66,17.48,21.54
3,21,5.4,1,2.05,2,43979,27,10.27,11.33,15.09
6,14,4.9,1,0.51,2,28483,57,10.5,14.92,18.89
1,14,2.2,2,0.56,0,22499,32,8.63,11.56,15.53
6,12,3.0,0,0.18,0,6806,51,7.43,12.16,18.73
2,5,5.3,2,1.4,1,48401,41,12.81,14.78,17.73
4,29,8.1,0,0.49,0,5002,30,9.38,14.96,26.74
2,28,8.8,1,2.42,2,18774,59,8.67,12.39,22.36
1,23,7.6,0,2.49,2,1427,21,1.92,4.62,6.97
5,16,7.9,2,0.7,1,6480,50,15.18,25.68,32.66
1,9,3.2,2,1.69,0,18635,51,7.57,9.05,9.88
7,6,4.2,2,2.06,1,21118,54,9.51,16.45,31.08
2,11,7.4,2,2.12,0,36809,42,12.02,17.99,22.94
1,23,1.5,0,0.68,0,3518,47,3.73,5.29,7.77
4,6,4.7,0,0.85,2,25069,47,8.99,12.17,23.43
5,13,7.9,2,1.27,2,13258,45,17.11,28.08,39.75
4,26,5.4,0,2.11,2,40579,49,10.17,17.04,19.48
6,10,5.1,0,2.35,1,22161,51,6.17,10.88,14.7
6,3,9.7,1,2.11,1,15957,32,8.48,12.4,17.3
3,30,1.9,2,1.37,0,29368,53,13.44,18.17,20.5
4,13,1.1,1,2.28,2,11035,59,12.96,18.33,23.28
7,18,8.1,2,1.93,1,3861,40,11.83,18.79,37.17
0,16,9.4,0,1.37,0,1808,21,2.64,4.54,6.69
7,22,7.8,2,0.78,1,42123,48,10.59,25.28,39.61
5,3,3.8,1,1.93,2,16510,24,9.02,20.85,29.68
1,22,1.1,0,1.15,2,32772,27,4.02,5.08,6.98
6,23,3.7,1,1.43,2,8095,55,10.97,14.99,24.08
4,27,3.5,1,0.16,1,36289,21,12.48,19.29,24.65
0,21,9.6,2,0.18,1,38261,57,7.95,10.46,13.01
6,4,5.0,2,0.76,1,24428,31,13.47,16.83,20.87
4,12,3.5,2,0.6,2,9510,44,16.78,23.12,27.99
5,21,8.6,1,2.03,1,9715,46,11.98,18.71,33.16
3,26,3.9,2,1.94,2,4149,42,12.48,17.73,20.84
0,18,6.5,2,0.92,1,13681,20,8.88,10.86,12.21
3,6,9.9,2,1.71,0,48545,51,9.17,13.0,21.45
7,5,3.2,1,0.7,2,47113,47,8.45,16.22,26.07
6,21,7.7,2,1.7,2,28740,58,11.32,18.88,24.53
2,6,7.4,1,0.52,1,19517,58,9.83,15.12,17.95
0,24,3.7,1,0.35,2,15537,22,5.82,8.44,10.06
1,29,1.6,0,0.6,2,11842,64,3.19,5.82,8.39
5,8,9.7,2,0.72,0,45123,63,13.79,28.82,38.38
5,22,3.3,1,2.11,0,48273,61,12.93,20.56,30.47
1,19,4.0,2,1.98,0,15718,51,8.42,9.49,12.64
1,12,6.3,1,1.71,1,5469,42,5.92,7.66,10.69
3,1,9.1,2,1.24,2,24867,61,11.98,15.79,21.35
2,23,9.9,1,2.11,0,40682,54,8.85,13.06,21.05
1,10,8.9,0,1.62,0,23957,58,2.34,4.2,4.33
3,14,8.1,2,0.52,0,20326,20,10.11,16.05,23.14
7,1,9.7,1,1.61,1,34862,32,10.06,17.7,25.5
7,2,9.5,0,0.3,1,6113,64,6.85,16.33,22.65
2,24,4.8,2,0.15,2,45960,36,13.75,18.39,20.98
1,3,3.0,1,1.07,2,12045,20,6.67,7.37,9.37
7,2,5.8,2,0.86,1,8561,63,15.08,18.76,27.07
4,19,5.9,1,1.26,0,39704,20,12.91,21.56,23.09
0,17,5.2,1,0.75,0,6853,61,5.35,8.03,10.94
2,24,7.5,0,1.99,1,45716,34,6.31,11.67,17.23
0,7,1.2,2,1.59,2,24872,50,6.84,8.27,9.24
4,18,1.6,2,2.39,0,3266,57,15.56,23.69,28.18
2,16,1.1,1,1.26,2,8056,29,11.35,14.33,16.76
0,18,8.7,0,2.11,0,26157,25,0.47,3.12,5.32
2,10,3.7,1,0.35,0,28759,36,10.77,12.94,16.22
1,6,1.2,1,1.96,2,13446,58,5.92,7.89,8.16
7,13,4.7,2,2.29,0,4960,40,13.39,21.43,28.53
2,26,6.4,0,0.73,0,49089,45,7.66,11.8,15.69
1,13,3.7,2,0.3,1,27443,64,8.59,12.27,15.42
7,23,6.9,2,2.38,1,27985,28,9.52,20.66,32.7
4,23,5.2,0,1.46,1,25960,19,9.12,13.54,19.73
7,16,6.5,1,1.64,0,48937,39,9.37,18.33,24.68
1,15,1.4,0,0.51,2,7620,38,1.86,5.46,7.82
3,7,2.0,0,2.15,2,20651,21,6.58,10.38,11.66
5,17,6.1,0,0.63,1,18946,56,7.51,23.92,30.92
2,19,1.4,0,0.2,1,45941,33,9.24,11.93,17.01
1,10,5.5,0,1.14,1,23058,44,3.04,4.65,7.45
5,7,9.2,2,1.22,0,27526,36,14.72,25.31,36.78
7,11,3.3,0,0.52,1,2549,27,5.18,17.94,30.77
2,11,3.4,0,0.66,2,19985,44,7.71,12.82,15.03
7,12,4.9,2,1.57,2,25589,61,12.68,20.51,27.37
4,28,2.6,0,1.7,1,3306,57,8.69,15.15,24.3
3,9,9.2,0,2.16,1,3890,32,3.53,9.15,14.01
1,22,9.0,1,2.36,1,49894,42,5.7,8.65,10.5
2,29,1.8,1,2.34,1,1686,55,10.64,15.49,19.9
3,11,2.3,2,1.09,1,46577,60,12.47,15.67,21.26
0,11,3.8,0,2.27,1,35099,53,0.6,2.81,6.53
1,3,3.8,2,0.93,0,14506,25,8.18,9.95,11.97
3,25,3.6,0,1.91,0,47828,25,5.57,9.58,14.62
7,4,1.6,2,1.71,1,24000,53,10.75,20.13,32.61
5,18,6.6,1,0.82,2,10019,50,12.42,26.35,30.9
1,21,6.4,0,0.98,0,39974,41,2.07,5.59,7.46
3,7,6.6,2,2.33,0,3051,48,12.11,13.88,19.08
3,22,2.2,0,1.7,0,21827,54,5.3,10.32,14.9
4,13,3.8,1,2.18,0,17469,52,12.45,15.59,27.74
5,24,9.7,1,1.37,1,31781,21,8.74,24.48,36.56
4,9,6.1,2,1.66,2,10039,56,14.64,19.55,29.98
3,1,8.4,0,1.02,1,31693,40,5.27,8.43,15.11
1,25,4.4,1,0.88,0,1469,54,6.64,9.19,10.73
3,15,2.9,0,1.1,0,17415,31,6.81,8.71,13.53
3,23,7.5,2,2.22,1,49702,49,8.77,15.99,22.47
4,6,8.0,2,0.34,0,4610,62,15.8,18.81,27.32
7,13,2.5,0,2.47,2,42645,62,4.36,14.69,24.9
6,23,2.4,1,1.19,1,29424,60,11.8,14.95,22.14
7,7,8.8,2,0.38,0,37134,62,10.5,25.46,28.82
7,25,2.9,0,2.13,2,48512,22,7.56,18.65,31.06
2,9,9.6,2,1.64,0,49778,65,10.2,16.01,21.27
2,17,5.5,2,0.28,1,46161,65,13.36,17.59,20.48
6,10,2.5,1,0.53,2,40571,22,11.73,16.71,17.33
7,16,2.6,2,0.22,1,5423,28,13.04,21.7,35.87
2,24,4.7,0,0.1,0,13697,62,7.83,11.79,15.91
6,26,8.9,1,1.08,0,8149,56,10.98,14.88,24.26
2,7,6.1,2,0.52,1,25449,18,14.48,17.98,18.32
5,5,9.0,2,2.48,1,22792,21,14.48,21.8,33.53
2,26,5.5,1,1.65,2,36157,25,10.15,13.38,18.86
5,4,2.5,1,1.44,1,9052,43,11.64,23.19,27.04
4,4,6.7,0,1.57,0,33875,39,9.1,16.29,19.93
6,17,8.6,0,1.41,0,19628,38,6.68,12.05,18.73
3,12,9.4,0,0.12,2,49570,38,6.62,9.91,16.25
3,12,7.5,0,0.53,0,31455,59,4.99,11.04,16.81
7,16,9.9,0,1.33,1,38958,42,3.96,16.13,30.29
5,14,6.9,0,1.49,2,12764,51,9.8,18.11,30.14
6,29,8.4,0,0.29,0,38051,33,8.5,11.18,18.71
2,28,8.5,0,0.75,2,39520,32,6.96,10.08,15.98
0,28,1.1,0,0.53,0,6544,61,2.44,4.5,7.2
2,23,9.8,2,0.97,1,4157,19,11.9,19.08,21.48
4,10,6.2,2,2.39,2,18613,60,13.73,18.12,27.68
4,19,7.8,2,1.09,2,40977,20,14.44,20.21,31.56
7,11,7.7,1,1.24,1,45696,50,10.13,18.92,30.89
4,24,4.0,2,0.14,2,37068,52,14.23,24.09,27.27
1,26,1.0,0,1.03,2,8672,50,3.32,5.06,6.86
5,7,5.8,0,1.73,1,38073,59,9.57,15.84,27.05
4,17,9.6,0,1.95,2,8318,55,8.38,13.86,24.48
3,19,4.4,0,2.31,2,15275,44,5.65,9.29,13.76
2,29,7.9,2,1.43,0,18968,40,12.9,16.61,23.87
0,14,8.2,2,1.11,0,18987,28,8.12,10.33,11.37
7,20,1.4,1,1.22,0,34783,49,9.32,20.22,28.47
1,24,2.5,0,1.05,0,13208,29,2.61,6.63,9.14
3,25,4.2,0,1.86,2,10565,40,5.4,7.78,13.57
7,9,4.4,1,1.09,1,34967,30,9.22,19.63,22.49
6,29,6.9,1,0.35,1,47940,35,11.95,18.69,22.67
0,15,3.3,0,2.12,0,15083,20,1.72,3.73,5.51
0,13,2.9,1,1.6,2,1154,34,4.38,7.19,8.16
1,9,9.1,0,1.58,1,34928,52,2.09,4.14,4.25
5,1,9.6,1,0.93,1,41854,61,13.25,24.9,37.58
2,22,5.3,0,1.43,0,21977,35,6.91,11.77,15.99
1,1,5.2,0,2.05,1,40964,61,2.38,2.44,4.24
6,6,1.1,2,1.59,2,26732,61,13.18,15.64,19.36
1,10,3.6,2,2.41,2,13671,50,7.35,9.49,11.24
5,3,4.0,0,0.8,1,29956,27,8.0,18.55,23.11
3,17,5.8,0,2.49,2,48142,29,4.75,10.52,11.62
1,8,7.6,0,1.98,2,34010,42,0.8,4.82,5.61
3,24,6.8,1,1.6,2,38391,42,9.86,12.39,14.52
7,11,1.1,1,1.21,1,34075,46,8.62,16.67,25.0
3,12,5.1,0,0.47,0,44720,54,7.65,11.71,13.22
5,21,3.2,0,1.97,1,32856,39,11.02,20.97,23.57
4,21,3.5,2,0.13,2,5639,49,15.71,23.58,24.3
6,15,2.2,0,1.03,1,31513,32,7.7,11.22,15.78
3,18,8.2,1,0.95,0,24610,52,10.18,15.26,21.75
2,22,3.8,2,1.51,2,34726,56,12.95,15.86,23.28
6,12,2.2,0,1.65,1,35580,57,4.18,10.82,13.32
0,6,1.9,0,2.25,1,9848,39,1.35,3.55,4.41
6,6,9.9,0,0.45,0,47224,43,7.92,11.44,17.82
0,24,9.6,2,0.56,2,40395,39,8.31,10.01,13.07
7,28,5.7,0,1.87,2,20648,42,6.62,16.11,20.26
3,24,3.9,1,1.72,1,47087,53,8.13,12.11,17.42
2,10,5.9,0,1.16,1,16003,28,8.06,9.79,12.91
6,18,9.4,0,2.42,2,13153,31,6.68,10.66,19.28
5,30,8.9,1,1.11,2,31308,44,13.45,23.08,33.13
3,9,1.8,2,1.0,0,9187,50,12.33,14.9,17.78
4,3,1.2,1,1.83,2,31151,56,11.23,18.21,22.57
7,24,1.8,1,1.78,2,36492,42,10.36,16.72,31.0
7,1,3.1,0,0.14,2,42930,31,5.85,17.12,18.92
4,8,3.6,2,0.7,0,12208,31,14.19,24.42,25.91
5,30,3.9,1,1.76,1,21235,56,9.18,23.13,31.12
3,12,4.0,1,1.1,2,7963,30,10.32,13.1,16.07
0,20,9.7,1,1.01,0,3290,57,5.02,8.46,9.79
0,20,9.3,1,0.74,1,14461,48,5.05,8.95,11.13
2,14,5.5,2,1.83,2,8354,61,12.37,15.52,20.74
3,29,9.0,0,0.18,2,31358,23,5.39,10.66,17.44
4,11,2.4,1,1.81,0,1512,60,12.78,16.79,23.88
3,27,5.1,1,1.45,0,10816,49,9.08,14.51,17.54
6,27,7.7,0,0.79,2,31861,46,5.76,11.38,21.05
1,29,9.4,0,1.66,1,5619,58,1.69,4.48,5.91
4,17,7.1,2,1.18,1,23401,58,14.81,22.27,31.82
3,23,4.7,1,0.91,1,15954,40,9.75,11.95,16.37
4,5,6.4,1,1.61,2,22389,39,11.49,16.51,22.4
0,25,5.6,0,1.7,1,29132,26,0.49,2.77,5.15
1,27,7.3,1,2.07,2,21128,63,5.64,8.21,9.68
6,4,1.7,0,0.99,1,42783,20,8.05,10.01,12.25
6,7,8.6,2,0.24,2,41652,24,12.17,18.61,21.31
5,12,4.2,1,1.54,0,8239,58,9.83,22.54,34.06
7,24,9.5,0,2.37,0,29378,44,5.38,19.58,23.76
7,3,6.2,2,1.79,1,6402,46,9.47,21.42,27.94
4,9,3.2,2,1.73,2,6082,31,12.66,21.31,23.89
0,24,3.6,2,0.63,0,25706,18,8.04,10.82,13.47
3,20,5.0,2,2.08,2,23133,29,11.77,15.07,19.17
5,9,6.8,1,2.1,2,11383,65,9.73,21.15,30.06
1,25,5.0,0,0.44,1,30967,55,2.42,5.02,8.17
7,5,6.2,1,1.79,0,12710,59,8.42,21.25,28.17
0,2,4.7,0,2.29,2,16719,46,1.26,3.13,3.64
2,3,9.3,1,1.91,1,19477,29,8.2,12.38,15.6
4,3,6.5,1,1.43,0,31614,43,13.01,20.92,25.91
4,21,8.9,0,0.1,1,42876,35,8.23,13.7,22.79
1,9,4.2,1,1.74,1,43160,53,4.13,7.27,10.14
0,5,7.2,1,2.09,1,43324,34,4.85,5.77,6.91
4,5,8.5,0,0.85,0,31589,57,7.29,14.96,20.07
1,28,6.0,1,0.14,0,12748,60,6.78,9.77,10.61
4,20,9.6,1,1.01,2,24393,35,11.78,17.92,28.16
0,5,7.5,2,0.96,1,24825,50,8.04,9.5,9.68
3,15,3.4,2,1.26,2,4542,23,13.81,15.57,18.69
3,4,3.7,1,1.14,0,14676,63,10.11,13.8,15.53
5,23,3.7,1,2.34,2,4674,38,8.67,21.86,27.67
4,28,2.8,2,1.09,2,31793,37,17.5,20.49,31.49
3,3,1.8,0,0.84,0,15357,29,7.41,8.67,13.37
6,4,1.1,1,1.71,0,38407,57,12.0,13.32,16.27
1,25,8.1,1,1.99,1,47071,62,4.94,8.31,9.21
0,18,8.1,2,1.57,0,33372,60,6.95,9.86,11.76
7,23,3.4,1,0.76,2,32113,60,10.45,20.89,25.72
6,27,2.5,2,1.53,2,17761,51,13.82,14.33,21.19
7,30,6.4,1,1.11,1,11461,52,8.26,20.11,32.35
6,14,8.7,1,2.13,1,29552,57,9.86,13.74,20.97
6,21,1.5,0,1.85,0,40419,59,7.14,10.44,14.33
1,26,5.5,0,1.0,1,21226,39,2.87,5.37,7.14
6,11,8.7,2,0.42,0,29151,53,12.23,18.71,27.07
0,21,3.3,2,1.03,0,2198,19,7.8,9.37,13.47
3,2,4.9,2,1.27,1,39126,24,13.19,15.3,17.91
7,10,8.1,1,1.25,0,10617,64,10.15,20.39,31.7
1,15,7.9,2,2.16,1,9686,36,7.57,10.9,12.79
1,1,9.5,2,2.03,2,7342,26,7.58,8.98,9.59
3,13,9.8,0,1.46,1,41525,63,5.47,9.96,15.48
2,28,2.0,2,0.61,1,43578,47,13.79,17.17,24.47
7,8,9.5,1,0.39,2,12109,20,8.88,20.95,31.47
0,17,2.0,1,0.92,2,1647,64,5.93,8.57,11.05
0,22,1.1,1,0.4,2,15584,34,5.47,7.67,9.98
5,20,5.5,0,0.42,2,49114,49,8.25,22.46,29.63
2,1,8.0,1,1.67,2,35174,40,8.45,12.63,19.24
7,3,5.6,1,1.91,0,2618,23,7.85,19.79,22.68
2,13,1.6,0,2.39,0,28017,59,5.18,10.08,15.3
7,8,9.9,2,1.1,0,14977,37,10.54,18.47,30.73
2,24,1.4,2,0.31,1,41458,23,11.71,16.85,21.49
2,15,9.3,1,1.13,0,45968,29,9.46,15.04,20.1
1,5,3.3,2,2.42,2,42109,54,7.49,9.45,9.48
0,22,7.5,0,1.02,0,15723,34,1.18,3.22,6.18
3,15,3.0,2,0.24,1,10886,23,12.09,16.63,22.29
6,9,1.6,2,1.6,1,35850,56,12.72,16.18,21.22
3,17,9.6,2,2.16,0,26613,22,11.79,15.83,21.08
0,11,4.5,2,1.84,2,34120,60,7.29,9.39,11.45
2,12,4.3,0,1.67,0,12241,51,7.07,11.77,15.69
6,18,1.1,1,2.32,2,14598,36,10.16,13.31,17.48
2,23,3.1,1,0.41,0,21539,22,12.09,14.49,19.09
4,10,8.4,0,2.39,2,14860,38,6.6,12.47,24.59
1,12,3.0,1,1.08,2,12683,64,6.34,8.73,12.15
4,26,5.5,1,0.67,1,45910,60,11.45,22.9,23.09
6,12,2.5,0,1.73,1,41244,35,7.78,10.17,16.05
4,2,2.6,1,1.93,2,33533,50,11.14,15.84,21.29
2,20,9.5,1,0.7,0,35459,56,10.96,17.43,18.4
4,24,3.4,0,0.29,1,37461,42,11.33,15.97,24.14
6,8,2.2,0,0.85,0,15451,30,6.75,10.05,17.58
1,15,8.7,0,1.35,2,12848,57,2.85,5.64,8.7
0,14,3.1,1,0.43,1,32938,63,5.69,6.67,10.85
4,24,3.5,2,1.05,1,27156,22,15.39,19.61,27.58
0,21,6.5,0,0.14,0,37997,23,1.65,4.18,6.94
0,8,6.3,2,0.18,2,44858,52,7.81,9.52,10.39
0,22,3.3,1,1.98,0,11562,36,4.56,7.65,9.15
5,6,7.0,2,1.4,2,26824,62,15.31,25.0,34.5
7,22,1.1,1,1.01,0,21001,21,8.74,18.94,28.76
6,24,9.6,1,0.36,0,38417,64,10.94,17.91,23.43
5,1,1.9,2,0.26,2,32383,27,14.08,25.61,35.48
0,23,3.7,2,0.83,2,13081,45,8.42,10.48,12.79
7,19,6.4,2,1.93,0,5671,53,10.65,22.43,26.64
7,25,4.3,0,0.89,2,48269,21,8.1,14.98,27.11
4,6,7.2,0,0.75,2,32209,43,8.09,16.3,21.24
0,1,9.7,0,0.94,1,26318,36,2.75,3.46,4.11
6,13,6.2,1,1.95,1,36860,57,10.33,14.12,17.88
2,12,2.3,0,1.28,2,8555,19,6.32,14.42,15.71
0,17,8.6,2,2.37,1,38422,27,6.95,9.83,10.88
3,8,1.6,2,2.28,0,1536,28,11.51,14.31,16.59
7,18,3.6,1,2.33,2,2615,65,8.25,18.77,28.77
0,11,4.4,1,0.24,0,47736,61,5.21,7.68,9.77
5,4,9.1,0,1.15,0,13292,64,9.25,19.11,27.61
5,30,5.7,0,1.17,1,533,49,10.75,18.59,34.27
4,3,7.0,2,0.83,0,35602,54,16.04,17.9,23.6
1,12,6.5,0,1.54,2,46133,25,1.63,3.21,6.83
4,6,5.5,1,1.5,1,12685,30,11.14,15.91,22.1
0,1,6.1,2,0.74,2,40043,65,8.44,8.55,10.03
2,2,4.8,2,1.43,2,39294,32,13.29,15.22,21.53
5,26,2.3,2,1.89,1,22890,65,13.73,22.19,27.26
2,4,1.5,0,1.92,0,46295,59,6.83,10.84,11.32
5,23,9.0,1,0.64,1,16537,58,12.59,22.21,29.98
6,11,2.7,2,2.38,2,20565,40,14.52,16.06,22.58
1,27,5.1,0,1.06,2,4308,58,3.01,6.11,7.79
7,21,5.6,0,0.84,1,6982,31,7.48,15.2,28.41
4,8,3.6,2,1.57,2,741,28,15.19,16.14,29.45
6,5,9.0,1,1.45,1,35869,38,11.09,13.87,17.19
0,20,10.0,1,0.4,0,5659,46,4.53,7.89,9.84
1,14,9.2,1,2.45,1,4804,19,4.94,8.38,10.72
1,19,2.7,0,1.44,1,27489,61,3.09,4.9,7.92
4,11,8.1,2,1.62,2,4161,22,14.71,19.4,29.91
2,1,3.0,1,1.57,0,4175,35,8.98,11.48,14.47
2,28,2.3,2,1.06,0,17055,38,14.22,19.9,21.58
3,20,7.5,0,2.3,2,11659,22,5.26,9.68,15.01
6,1,1.8,2,0.4,1,2080,44,14.38,17.05,22.42
5,9,4.7,2,2.37,0,5881,23,12.89,25.05,32.35
6,25,7.8,1,1.04,0,1045,63,9.93,15.53,20.49
4,10,7.8,1,0.91,2,11191,48,13.09,13.94,25.77
2,3,8.4,2,0.91,1,44177,36,12.24,16.72,20.43
2,25,6.9,0,1.17,0,9604,32,7.61,12.96,15.45
2,24,2.3,1,1.5,0,8233,56,10.43,16.15,18.47
7,19,2.8,1,0.11,1,41129,44,8.52,17.66,33.33
6,11,5.1,0,2.23,2,45691,43,5.92,12.19,14.97
0,12,3.0,2,2.39,1,20488,41,6.71,8.65,11.38
1,30,7.9,0,0.39,1,47021,38,2.61,4.92,6.23
2,13,7.1,1,1.64,0,17121,46,8.68,15.08,20.05
1,16,6.8,0,0.17,0,16969,60,2.4,5.29,7.48
0,4,9.8,1,1.97,1,2030,24,4.72,4.96,6.38
1,12,8.9,2,1.17,1,39229,57,9.44,11.57,15.77
6,23,7.0,1,1.4,0,32404,63,13.15,13.9,20.14
0,27,1.5,0,0.77,0,35970,62,0.88,5.04,6.55
6,3,2.4,0,0.65,1,18272,39,7.99,9.62,15.34
7,5,9.1,2,1.21,1,42528,45,12.18,21.07,31.56
4,18,6.6,2,2.42,2,49716,27,12.54,19.57,27.73
5,6,7.4,0,0.29,0,43517,33,10.78,14.7,29.17
3,19,5.5,2,1.98,2,10538,64,10.73,15.74,18.44
4,27,8.1,0,2.16,2,45738,33,8.81,11.19,26.97
4,24,9.6,0,1.41,0,36237,59,8.44,17.6,23.75
7,12,6.5,2,0.27,0,44986,45,11.56,22.59,30.53
3,12,9.3,0,0.96,0,30676,18,4.71,11.09,17.09
7,11,3.6,2,0.74,1,17546,23,9.93,21.79,29.16
7,21,4.7,2,1.8,2,41812,63,9.98,19.98,31.98
6,7,8.4,0,2.0,1,47808,24,3.82,8.42,18.52
7,4,9.1,1,0.74,1,41351,48,10.33,19.93,30.79
0,15,6.0,1,0.4,0,29485,34,5.44,8.12,9.35
2,6,3.3,1,1.32,1,11697,22,10.5,12.89,17.75
0,12,2.4,2,0.5,1,7487,24,8.44,11.11,12.01
3,17,3.7,2,1.96,1,45874,47,11.99,15.61,18.56
1,21,8.2,1,1.7,2,43518,41,5.76,7.55,9.77
0,11,5.5,0,1.21,2,2914,61,2.7,4.84,6.46
1,22,4.9,2,1.57,1,42704,59,7.72,10.89,13.5
4,14,2.6,1,1.32,0,49616,33,12.89,18.66,29.26
1,22,9.5,0,0.92,2,4243,48,3.45,4.47,6.83
2,4,8.6,1,1.49,0,6413,55,10.14,11.38,18.72
4,21,8.5,0,1.85,0,12461,38,8.89,15.51,24.05
7,13,4.5,1,0.49,2,9666,41,11.69,19.53,35.7
1,17,5.4,2,1.62,2,27287,24,8.44,10.52,13.4
6,15,6.2,1,0.27,0,49852,37,11.66,17.52,22.19
5,1,8.6,2,1.55,0,5408,27,10.68,25.86,33.51
0,13,2.6,0,0.36,2,9520,44,2.84,4.74,5.69
3,17,9.6,0,0.22,2,15520,24,4.1,9.94,18.15
1,18,8.5,0,1.61,1,46022,41,3.31,4.6,6.67
4,16,5.6,0,1.57,2,9071,35,7.44,15.02,21.82
2,10,7.2,1,1.79,1,45899,37,9.73,14.77,19.59
4,3,5.6,2,1.53,0,40411,59,12.46,17.19,22.21
0,23,7.4,1,1.48,2,24516,26,4.73,8.65,10.2
0,2,9.1,0,1.17,1,35320,34,1.92,3.15,4.51
3,9,7.4,1,1.17,0,31704,35,8.76,11.16,20.76
4,3,1.9,1,1.05,0,49909,29,15.48,18.29,22.72
7,19,4.3,1,1.77,0,20023,21,10.21,17.74,34.32
7,30,4.3,2,1.46,1,44730,64,13.11,27.91,29.58
6,13,6.4,2,1.52,0,14356,62,11.64,17.87,19.88
0,18,4.7,2,1.59,0,29193,63,7.4,9.29,11.06
0,25,8.7,0,2.02,0,42729,61,1.66,2.69,4.89
0,22,9.8,1,0.88,1,9625,60,4.67,7.98,10.37
0,25,9.0,2,0.77,2,34473,36,8.68,11.44,12.68
4,4,5.4,0,1.97,0,45351,36,10.09,15.79,22.0
3,2,5.2,0,1.07,1,6769,35,6.78,9.05,12.87
1,13,7.7,1,1.58,1,28921,62,6.23,7.82,9.59
6,29,8.4,1,1.0,1,25663,56,10.3,15.62,24.39
4,12,4.6,0,1.44,0,5523,22,8.32,15.3,20.41
3,1,4.7,2,2.21,0,19961,57,11.27,12.96,15.49
0,15,4.5,0,1.33,2,7562,48,1.34,4.09,6.26
1,20,3.2,0,1.66,0,12930,46,2.46,4.43,7.84
1,21,6.7,0,0.97,1,25975,37,2.58,4.66,9.45
1,16,8.5,1,1.3,0,19282,18,6.33,8.42,12.29
5,3,8.1,0,2.35,0,36652,57,7.05,13.98,28.08
2,16,6.0,1,1.24,2,14391,51,9.78,14.5,17.02
4,8,8.8,0,0.57,2,19105,34,10.2,12.08,23.14
4,26,4.8,0,0.64,2,1482,41,8.46,12.23,21.71
4,17,2.2,0,1.99,0,24674,57,8.04,15.51,19.44
1,23,2.1,0,0.88,1,2001,40,3.16,4.03,7.23
5,16,2.0,1,1.62,2,34843,62,12.37,20.59,28.58
3,10,1.0,1,1.67,0,31120,46,8.49,12.12,16.79
3,23,3.8,0,0.41,2,25951,37,6.05,9.61,13.57
2,5,9.8,2,0.33,1,9082,47,11.9,17.19,21.49
7,28,5.5,0,1.66,1,13804,20,4.93,14.09,26.76
1,13,9.6,1,1.35,2,33627,34,6.29,9.19,10.37
4,11,4.3,1,1.0,2,33747,46,13.97,18.18,27.07
5,6,3.8,0,1.74,0,37886,21,9.5,19.21,28.16
3,5,1.4,2,0.99,1,20844,61,12.89,14.3,19.5
3,14,1.4,0,1.61,1,42908,47,4.81,9.4,13.98
5,7,1.3,1,2.02,1,17243,27,11.76,22.73,27.91
6,18,8.9,0,1.9,1,45709,22,6.56,11.31,14.67
4,26,9.0,0,2.45,0,5577,37,6.32,13.68,21.8
5,15,8.2,1,0.74,2,29952,34,14.16,19.36,34.16
7,13,8.2,1,1.22,1,44717,53,9.57,22.46,31.38
4,5,2.8,2,2.42,2,49873,22,15.71,17.27,24.13
5,27,7.4,0,0.82,0,45883,38,8.76,20.77,26.74
5,28,8.3,0,1.16,1,5720,41,8.93,18.05,27.43
1,18,2.5,1,1.36,2,32220,57,6.95,9.15,11.69
4,21,9.3,1,1.58,1,46657,56,12.46,20.59,29.21
6,16,9.1,2,1.45,1,34960,60,12.12,19.47,27.22
4,8,3.8,0,1.99,2,32891,46,8.97,10.74,16.76
2,25,6.5,0,0.44,2,26623,56,7.54,10.43,14.59
2,4,9.1,2,2.19,1,5470,56,12.05,14.79,22.35
3,19,5.2,2,1.63,1,18688,39,12.69,13.13,19.31
7,28,7.4,2,1.42,1,22225,26,10.91,22.71,37.48
5,8,1.3,0,2.03,2,1261,56,6.23,18.56,24.1
2,17,9.7,0,1.98,1,49598,28,5.93,11.51,18.72
5,8,9.6,1,0.68,1,36531,56,9.98,19.15,37.76
3,19,1.7,1,0.31,0,27029,21,11.16,14.42,18.82
4,16,9.8,2,0.82,2,33673,61,14.14,21.57,28.21
2,18,4.9,2,2.39,0,846,27,12.2,17.59,21.94
2,8,2.2,2,1.73,1,35683,64,12.14,16.24,20.79
5,21,8.6,0,0.64,1,22118,37,10.09,23.05,26.98
1,2,7.6,0,0.36,0,31585,25,3.09,4.33,5.54
7,30,1.3,2,2.17,1,2047,44,12.22,21.37,34.56
3,10,5.4,0,1.77,1,47789,29,4.54,10.04,12.74
6,14,9.4,2,1.36,0,42430,20,13.88,20.51,24.97
4,24,3.0,1,1.95,2,38417,60,12.29,18.47,26.37
7,10,2.5,0,0.84,0,48335,21,6.47,13.61,25.41
7,28,3.8,2,1.63,2,16153,26,12.28,23.91,34.46
5,13,5.2,0,1.23,0,31580,24,7.46,19.35,31.18
5,22,8.2,2,2.32,1,19389,56,13.16,26.77,37.68
4,24,5.9,1,0.54,2,4316,56,13.14,18.77,27.3
6,6,4.5,2,0.89,2,38039,18,15.01,17.49,21.85
6,28,4.6,1,1.52,1,19031,43,10.87,14.5,21.17
3,19,3.8,1,1.02,1,13865,46,11.49,12.77,19.65
1,9,5.4,2,2.29,1,14795,59,8.28,8.62,10.64
7,22,8.9,0,1.33,1,38476,62,7.31,13.29,31.61
2,25,3.1,1,1.1,1,15130,60,11.16,12.96,18.3
7,30,6.6,1,2.02,1,23263,48,9.45,18.81,31.65
2,5,8.2,1,2.15,1,39318,49,9.02,12.07,18.11
1,29,4.9,0,0.92,0,8324,21,2.98,5.51,8.31
2,17,3.5,2,0.33,2,41539,53,12.96,18.64,21.44
1,7,5.1,0,2.45,1,43270,22,0.97,3.09,4.69
0,22,8.4,2,2.04,0,2355,27,6.6,9.72,10.18
0,25,9.6,1,1.58,0,21807,19,5.29,7.04,9.07
6,22,8.8,1,0.69,2,5131,47,10.66,15.13,23.22
6,9,1.4,1,1.78,2,41117,52,11.58,11.92,20.8
6,12,2.0,0,1.93,2,40506,43,6.17,10.48,15.15
1,20,5.2,2,1.31,0,1353,21,9.73,12.06,13.89
5,22,3.8,2,0.74,0,16673,61,13.59,26.45,33.84
2,28,5.0,0,2.25,2,20344,38,5.92,10.06,13.64
6,19,4.0,0,0.71,0,10753,24,9.9,12.48,18.02
6,28,1.4,1,1.12,0,16016,47,12.42,16.51,22.27
2,23,7.3,2,1.61,0,17406,47,13.48,15.52,22.27
0,1,9.1,0,0.37,2,18598,44,1.59,3.34,4.81
3,22,2.7,2,1.05,2,28235,49,11.77,16.7,23.27
5,3,5.0,0,0.92,1,27480,20,10.75,20.94,29.54
7,21,8.5,1,1.09,2,36963,29,6.15,19.36,37.87
7,1,4.0,1,1.83,0,19702,48,8.51,16.16,29.38
1,2,3.7,1,0.8,0,13074,65,6.41,6.43,9.53
2,5,2.2,1,2.44,0,46545,33,10.77,11.88,14.28
4,27,6.4,0,1.53,2,35829,32,7.96,12.65,21.23
0,30,1.7,2,2.48,0,47535,27,7.17,8.94,11.59
4,11,6.6,1,2.21,0,26424,35,13.75,17.26,26.38
3,7,8.6,1,1.23,1,31178,57,9.33,13.67,18.55
0,25,1.2,2,1.83,0,44214,62,6.85,10.43,11.66
1,14,7.0,0,1.62,1,28330,32,1.87,4.35,8.25
0,9,9.8,0,0.66,1,7764,52,1.94,3.17,5.3
3,17,8.3,1,2.48,1,22842,38,8.4,13.26,20.46
1,9,8.7,2,1.38,2,11988,46,9.37,10.6,13.05
1,25,8.4,2,2.14,0,5454,42,8.57,9.1,12.77
2,4,1.3,0,0.36,0,17396,51,7.43,8.92,12.94
4,26,7.2,0,2.28,2,10461,52,9.23,12.72,22.33
6,27,9.3,0,1.65,0,31922,27,4.61,10.16,20.74
0,16,8.7,2,1.94,1,35101,40,7.32,9.13,11.61
7,15,5.8,1,1.02,0,31650,55,8.36,20.63,30.63
0,22,7.7,0,0.47,0,6538,41,1.71,4.57,6.85
4,13,9.0,2,1.9,2,33001,18,13.58,18.81,27.3
1,28,7.2,2,1.3,2,6374,36,8.8,11.79,12.49
3,21,3.3,0,0.43,2,39200,30,7.74,11.58,14.94
0,30,6.5,2,0.68,2,2569,20,8.58,10.78,12.96
7,15,4.9,0,1.77,2,30480,40,4.86,15.59,25.36
4,2,9.7,2,1.2,0,23236,55,14.03,22.99,27.18
7,13,9.0,2,1.19,1,21925,26,13.1,23.88,36.13
6,1,6.1,2,0.26,1,32514,50,12.41,16.81,19.3
3,2,1.2,0,1.48,1,34727,21,6.32,7.07,11.92
3,24,2.3,2,1.18,1,40981,29,13.5,16.01,19.85
5,22,6.9,1,0.92,2,49471,25,12.43,24.89,34.02
2,26,9.6,1,1.33,0,8167,31,8.76,13.77,18.56
2,22,1.9,0,1.58,2,48978,27,6.18,10.73,13.84
3,2,6.7,2,0.34,2,5065,20,11.47,15.62,19.26
4,4,6.9,0,0.9,2,48479,55,10.27,13.92,19.02
1,10,4.9,2,1.31,0,40137,50,8.84,10.42,12.48
2,8,9.6,1,1.66,1,32325,33,9.36,13.53,20.96
4,21,6.7,0,1.67,0,30292,38,10.78,12.5,19.27
7,21,4.3,1,2.23,1,21976,34,7.51,21.63,33.54
2,25,1.2,2,0.77,1,17416,50,13.64,15.94,22.06
3,29,7.2,2,1.12,2,44337,27,10.68,16.03,23.34
2,11,2.0,0,0.9,1,25478,60,6.6,9.95,16.16
4,23,1.9,2,2.11,2,23612,60,13.33,19.28,29.4
5,28,4.4,1,2.3,1,5405,50,12.26,21.79,28.88
3,22,4.5,0,0.54,0,43056,45,7.55,10.65,15.89
0,26,7.7,0,0.54,0,30319,34,1.16,4.63,7.01
4,4,8.8,1,1.26,1,27052,44,13.8,19.47,20.74
0,30,9.1,1,0.27,0,35439,29,6.02,8.45,9.35
7,16,3.4,2,2.25,2,4360,52,13.25,22.09,36.16
5,13,5.5,0,2.17,2,45484,56,6.14,18.24,28.64
0,21,9.4,2,0.61,1,25872,46,7.32,11.47,11.49
1,3,8.0,0,1.51,2,36452,37,2.79,3.56,4.52
1,24,3.0,1,0.72,2,46516,22,7.02,10.08,11.07
7,20,7.6,1,1.61,0,32655,45,7.04,16.75,33.09
6,8,8.7,1,2.28,1,11531,63,7.64,13.56,19.45
1,5,5.1,2,2.34,2,39583,47,8.44,8.85,10.45
4,2,5.8,2,1.34,1,2468,43,17.2,19.28,26.9
4,5,6.1,1,1.34,2,38905,46,12.09,17.12,22.72
4,15,2.9,1,1.7,0,11311,45,13.71,18.1,28.46
1,28,4.1,2,2.27,0,28514,65,8.44,10.06,12.34
2,14,3.1,0,0.37,0,1780,65,7.64,9.73,14.63
2,20,3.9,2,1.01,1,37017,22,14.04,16.47,20.65
6,5,8.1,0,1.22,2,44904,50,5.73,10.28,16.82
1,16,3.5,1,0.24,0,28959,20,7.37,8.93,11.01
1,3,7.5,0,0.97,2,21081,28,3.31,3.77,6.91
5,4,8.8,2,0.31,1,13146,50,14.14,19.42,30.26
5,27,4.1,2,0.48,0,11039,33,13.2,28.55,37.82
5,11,9.5,0,0.45,0,13518,48,7.81,18.34,32.95
2,4,4.6,1,2.09,2,2177,19,8.59,12.71,15.91
5,11,2.5,2,1.0,0,17993,52,14.75,23.89,35.47
1,23,2.6,2,1.91,1,23821,65,8.07,10.97,13.05
4,17,4.9,1,1.3,2,1074,31,13.8,19.75,25.11
5,20,8.1,2,0.65,2,4250,22,15.87,28.71,35.42
7,23,2.2,1,2.39,2,45832,55,9.85,20.86,31.48
0,20,1.8,2,1.1,2,20118,51,7.91,10.62,11.73
1,1,2.3,1,2.37,2,41553,32,5.32,6.87,8.09
6,18,9.1,2,0.34,0,42245,32,13.85,18.51,24.51
4,6,8.7,2,2.03,2,16715,52,12.48,17.47,27.73
5,22,2.4,1,0.99,0,17965,41,13.09,25.98,31.57
2,26,7.7,1,1.6,0,17727,35,8.5,11.95,19.48
1,19,3.2,1,0.93,2,1187,61,6.19,9.0,12.1
6,10,7.0,0,2.15,0,49552,31,7.25,8.58,14.18
5,6,6.2,0,1.75,1,7426,45,7.5,20.1,25.4
2,11,8.3,0,2.5,1,37671,32,5.59,9.26,16.91
6,21,5.4,0,1.1,2,37395,60,7.54,12.57,16.16
3,21,9.6,0,1.87,0,40202,50,4.2,10.27,16.21
2,24,2.6,2,2.32,0,31204,35,11.5,17.18,18.75
3,16,6.7,1,0.72,1,13687,28,11.43,13.48,17.98
2,6,2.6,2,0.17,2,42409,25,13.59,15.69,19.22
1,9,9.4,1,1.63,1,16105,38,4.27,8.1,8.39
2,6,4.2,1,0.67,0,46423,27,12.58,13.57,16.89
7,14,5.0,2,2.43,0,28237,34,13.0,24.68,28.29
7,30,1.5,2,2.32,0,45656,27,10.53,23.33,28.84
5,18,2.3,2,2.25,1,48766,25,13.06,20.61,34.89
4,7,3.3,1,1.38,1,32536,65,13.84,16.58,22.48
1,9,2.6,1,1.01,1,7636,37,7.15,8.95,10.03
3,11,7.4,0,1.43,2,24621,22,6.99,9.45,16.3
3,27,6.0,2,1.73,0,2588,51,11.41,14.85,22.36
6,16,3.1,2,1.09,1,17147,20,12.82,17.72,23.29
6,6,1.3,0,2.21,1,32137,28,8.61,10.56,13.37
0,5,4.2,2,2.15,1,33078,39,6.88,8.76,9.62
2,17,9.7,1,2.48,2,13081,45,8.81,14.41,20.37
5,7,4.6,2,1.81,0,45856,43,17.82,22.96,29.81
2,18,2.5,0,0.73,1,41849,33,7.86,11.54,17.38
2,5,2.3,2,1.2,2,33763,62,13.26,13.68,19.02
5,27,4.5,2,1.84,0,4294,26,13.32,23.28,34.28
0,29,6.6,2,2.32,2,38583,55,6.6,9.14,11.18
5,14,8.6,2,1.27,0,40504,62,15.59,24.22,38.44
5,19,1.6,2,2.2,1,12128,57,13.48,22.0,35.63
6,13,5.5,0,0.54,0,27486,32,9.51,11.81,18.14
3,12,8.6,0,1.04,1,18459,57,5.13,9.18,16.81
3,6,4.3,1,0.16,2,23073,42,9.44,12.16,15.12
5,1,4.9,0,0.31,1,24326,52,9.36,15.57,27.21
2,18,1.4,1,0.69,1,49873,32,9.87,14.21,18.39
7,29,4.5,1,1.03,1,25718,42,10.94,21.54,32.54
5,4,1.9,0,0.28,1,30624,32,11.12,17.68,26.26
7,11,7.6,1,0.28,2,49434,24,7.72,19.97,36.96
1,21,5.1,2,1.64,0,6808,28,7.22,11.29,12.34
1,6,8.2,1,2.3,2,18129,37,5.11,6.42,7.27
7,14,7.7,2,0.88,1,1574,33,10.88,21.92,40.92
6,4,8.1,2,0.78,2,4789,26,13.24,16.83,24.02
6,21,8.3,0,0.91,0,30461,51,7.81,11.86,21.47
2,18,3.1,0,1.64,2,34678,48,6.73,9.46,15.42
3,21,6.0,1,0.84,0,7184,65,9.72,14.17,18.7
3,23,9.4,0,0.21,0,49719,56,6.04,10.68,16.65
7,22,6.4,1,0.6,1,9884,43,8.0,18.05,27.05
1,7,4.4,2,0.93,1,12835,45,8.61,10.89,12.28
2,3,1.3,0,1.65,2,35648,42,7.29,8.08,11.95
6,25,1.5,1,0.86,0,14223,27,12.42,15.71,19.25
4,3,7.9,2,0.91,1,13669,35,13.99,17.55,23.39
5,2,9.3,1,1.33,2,45929,61,10.82,23.44,33.96
0,20,1.1,0,0.79,2,19751,47,1.37,4.76,5.86
5,20,1.3,0,0.76,1,39732,44,7.42,21.51,30.4
4,25,3.0,0,1.98,2,37244,35,8.09,14.04,18.37
5,11,1.8,0,0.46,0,28105,48,8.88,18.21,29.9
7,16,9.2,1,0.4,0,43191,57,10.68,16.43,25.52
5,22,9.3,2,1.47,0,9577,40,14.56,24.18,38.25
5,29,3.0,1,1.16,1,19841,48,10.87,25.47,32.93
0,5,8.7,2,2.47,0,4789,20,7.93,8.23,8.87
4,14,8.6,1,0.74,2,15941,44,11.4,19.97,24.44
5,27,2.1,2,1.05,1,35490,46,16.66,26.4,30.2
2,17,8.8,1,0.53,2,733,43,10.95,17.62,23.01
6,9,7.0,0,2.24,1,17197,53,8.05,9.48,13.15
2,20,6.5,2,2.2,0,36667,42,13.92,17.28,21.4
7,7,8.3,0,2.22,0,32443,31,5.56,14.9,23.77
2,4,4.9,0,1.19,0,11304,18,8.48,10.39,13.38
1,16,6.3,1,1.59,0,9764,41,5.12,8.03,10.35
7,27,7.8,1,1.77,2,17901,48,5.89,17.8,26.79
6,19,8.0,0,2.19,1,15934,31,5.98,12.41,17.77
7,29,4.2,0,0.29,0,48808,53,5.46,20.64,23.05
0,20,9.5,2,1.45,0,17678,21,8.22,10.4,11.13
7,29,9.9,0,0.29,1,19352,51,4.49,17.15,28.76
4,25,4.5,1,1.39,2,8558,18,11.62,20.69,24.89
1,30,7.6,1,1.74,1,32351,22,5.35,8.44,10.69
2,24,4.1,0,0.34,1,25248,31,7.0,13.16,15.86
1,9,7.0,2,1.17,1,8645,41,9.14,10.03,13.11
2,15,4.8,0,2.45,2,41499,43,6.87,10.89,13.76
2,19,4.2,2,0.88,1,22640,37,14.44,17.84,21.67
5,3,7.4,1,1.77,1,27406,19,12.19,24.44,36.62
4,4,7.0,2,1.96,0,20038,63,14.07,16.24,28.37
3,18,5.4,0,2.3,2,15406,35,5.34,7.95,13.15
7,9,4.4,0,2.44,2,20620,18,3.18,14.01,20.01
7,4,1.4,1,1.85,2,35314,34,10.32,18.68,30.8
4,11,1.8,0,1.78,1,48218,52,10.01,12.67,21.97
1,15,5.0,1,1.83,0,34177,19,6.86,7.96,10.61
1,4,3.8,1,0.65,0,6832,18,6.58,6.89,9.02
0,7,4.7,1,1.69,1,44067,54,4.69,6.22,9.21
6,9,2.9,2,0.96,0,42064,40,14.48,18.36,22.93
7,28,6.2,0,0.94,0,35718,30,8.19,14.03,24.01
3,27,3.8,1,1.84,2,6728,20,8.94,13.21,16.41
6,30,6.0,1,0.8,0,15374,64,12.59,15.35,17.95
3,13,6.5,1,0.94,1,44364,36,10.02,14.22,17.87
1,9,9.4,1,1.4,1,3701,18,6.89,7.21,9.61
1,15,6.0,0,2.14,2,12513,38,3.17,4.23,7.31
6,17,9.6,1,1.89,2,2112,31,10.58,14.82,19.5
0,15,8.0,0,1.85,2,40536,23,1.73,3.51,5.98
0,30,3.9,0,0.97,0,6880,33,1.13,4.9,6.71
0,8,3.0,2,1.35,1,9389,64,7.31,9.34,11.54
5,18,1.4,2,1.73,2,29763,31,13.9,27.32,37.6
1,19,3.1,0,1.98,2,10266,32,1.99,3.79,8.01
1,19,4.6,0,0.93,2,10814,50,2.61,5.68,7.26
7,15,5.0,1,0.2,2,33241,45,7.93,19.5,29.24
0,26,9.2,0,1.6,2,49887,19,1.04,2.5,5.48
6,5,1.3,0,1.05,0,19037,18,7.86,9.66,16.41
6,21,2.4,0,2.3,2,20553,27,8.05,10.54,14.9
5,14,1.7,1,1.39,0,15288,30,11.26,22.78,33.5
6,3,6.1,2,0.38,2,9933,33,13.61,17.62,21.25
5,3,4.4,0,2.14,0,44319,32,4.75,16.17,27.39
6,14,5.2,1,1.25,0,41291,65,11.26,15.46,20.76
7,21,7.0,0,1.35,1,6329,60,5.33,13.85,27.86
2,6,9.9,0,0.27,2,38937,42,5.27,10.33,15.21
1,10,8.4,1,0.31,1,22492,41,5.61,8.42,9.91
7,22,8.4,1,1.24,1,31882,30,8.41,17.5,29.04
4,2,1.9,1,1.3,0,8502,30,13.75,17.74,24.11
2,17,1.4,0,1.61,0,20599,59,7.35,10.67,15.4
7,27,6.3,1,0.61,0,31655,56,11.02,20.55,25.46
3,24,1.6,2,0.36,0,35132,33,12.22,15.09,23.51
5,1,7.6,2,1.91,0,15850,57,14.69,23.66,33.45
2,24,9.4,0,2.37,1,24020,42,5.6,11.74,17.45
5,24,7.6,0,1.19,0,26787,61,9.65,21.72,38.19
4,21,7.1,1,2.11,0,13878,51,10.35,19.91,25.07
6,15,6.9,1,1.23,0,4258,27,9.82,16.13,25.13
4,24,8.0,0,0.89,2,29056,38,9.69,16.42,24.99
3,13,9.2,2,1.64,0,21490,43,10.37,14.79,21.46
7,13,7.6,0,1.26,1,34764,25,4.69,18.79,26.87
1,6,2.8,1,0.88,1,40941,64,6.6,8.41,10.48
6,1,8.4,1,0.62,1,28334,57,11.0,15.04,18.76
6,19,2.9,2,1.6,0,24024,43,14.31,18.88,21.01
7,2,6.5,0,0.59,1,48646,40,6.65,16.51,22.45
6,4,1.7,0,0.94,0,11521,32,6.14,11.24,15.17
6,30,10.0,0,1.44,2,31575,33,7.96,12.47,18.58
4,18,6.0,0,2.21,0,4206,47,9.29,14.81,21.6
5,20,2.8,2,0.95,1,19115,22,15.97,29.06,37.74
5,20,2.2,2,1.98,0,39901,25,12.52,26.61,34.72
6,20,4.1,1,0.67,1,22944,45,12.13,16.37,20.84
0,4,3.9,2,0.95,1,39670,29,7.31,9.22,9.77
2,12,6.3,2,0.42,0,49568,20,13.85,17.33,23.77
3,13,5.1,0,0.26,2,44119,29,7.05,9.98,16.62
1,24,2.1,0,1.59,2,37424,62,2.38,4.33,6.3
3,9,3.3,1,1.75,0,26140,58,9.16,13.71,14.22
3,23,5.1,1,0.77,2,35160,59,10.95,13.57,17.56
0,25,8.1,2,1.03,0,13337,54,7.44,11.4,13.58
2,28,7.2,0,1.07,0,30273,36,6.43,9.94,15.2
5,26,2.5,0,0.76,1,8269,47,8.38,23.31,32.88
3,28,5.6,2,2.43,0,8994,44,9.91,14.31,16.83
4,8,5.3,0,1.57,2,1249,35,7.97,14.42,19.66
3,26,4.0,0,1.68,2,19826,44,5.76,10.89,12.38
1,30,6.8,0,0.64,2,27920,63,3.09,5.6,7.74
7,20,1.6,0,2.05,0,24193,22,5.8,15.96,28.38
7,30,2.0,1,2.39,0,7897,24,9.29,18.85,29.75
2,29,9.5,1,2.12,1,27838,59,8.3,12.47,19.93
6,13,8.1,1,1.17,2,15730,19,10.59,17.7,22.69
5,1,4.7,0,1.55,0,17162,23,8.79,14.35,25.19
2,17,4.3,1,1.64,2,14894,46,8.87,13.09,20.76
2,19,1.5,1,0.89,1,33587,49,10.3,15.91,17.9
5,21,7.3,2,0.31,0,32732,31,14.69,27.42,32.81
6,6,3.1,0,2.4,2,28993,41,6.24,11.05,15.1
4,23,4.9,1,1.27,1,1900,50,13.91,18.66,25.14
7,19,1.2,0,0.78,2,18263,29,5.22,15.82,22.64
7,24,4.3,2,0.25,2,25087,26,11.92,24.75,29.56
4,24,3.0,2,0.4,0,14411,57,15.37,19.14,26.88
6,13,5.2,2,0.81,2,3085,38,13.88,17.58,22.63
6,26,9.7,0,1.3,0,16838,45,6.39,12.89,20.05
7,8,7.9,0,2.42,0,27532,31,6.12,16.69,24.58
1,27,6.3,2,0.59,1,27532,57,8.38,10.71,14.63
6,16,2.4,1,1.0,2,8127,59,12.32,16.02,19.79
7,13,4.7,0,0.84,0,30160,63,6.71,14.78,27.44
1,6,7.2,0,0.78,0,32042,61,3.53,4.45,5.31
0,14,9.4,0,1.75,2,41728,34,1.17,3.67,5.65
3,19,7.9,2,0.18,0,47047,37,11.79,16.08,22.54
7,30,2.7,2,1.64,2,26329,51,13.0,22.24,25.23
4,1,8.2,1,2.08,0,30637,26,11.37,16.09,23.19
3,10,5.4,0,0.24,1,24944,25,6.49,10.28,10.98
7,8,5.8,1,0.19,0,16969,58,9.81,18.0,30.14
4,28,6.5,2,2.07,0,37880,30,14.86,23.86,29.98
4,9,3.5,1,0.48,1,1105,18,11.59,20.69,21.95
4,18,1.7,1,2.35,1,9782,63,12.79,18.72,25.73
4,12,6.1,0,0.69,1,30388,62,9.52,16.56,21.55
1,2,5.4,1,1.21,2,42798,64,6.25,6.51,9.32
6,16,2.0,2,2.31,0,34864,61,13.01,18.67,20.31
7,15,9.0,2,0.16,2,20274,25,12.03,24.0,31.97
2,27,6.0,0,1.75,2,8031,18,5.7,10.85,14.72
7,20,6.8,2,1.01,1,44390,41,13.94,19.61,33.69
1,3,2.8,0,0.5,0,1981,29,2.95,4.07,5.79
4,7,1.8,1,0.95,2,16638,26,13.58,17.61,24.82
2,19,2.7,0,2.11,0,28684,65,6.18,10.17,13.91
5,9,6.2,0,2.1,2,48595,34,6.56,20.51,31.74
3,11,5.5,1,1.93,1,2112,47,7.86,13.85,17.79
4,10,2.5,0,1.42,0,26890,37,9.81,14.81,17.13
2,20,8.9,0,1.34,1,23362,38,6.6,12.1,18.84
3,7,6.0,1,1.76,2,21903,43,7.92,10.4,14.21
6,13,2.0,2,0.13,1,31091,51,13.55,16.54,24.24
0,30,1.4,2,0.88,2,28460,39,8.41,9.52,12.4
3,14,5.2,2,2.42,2,5577,63,10.41,16.08,19.1
1,10,2.5,0,1.66,1,49686,44,2.82,3.88,5.0
7,25,2.5,1,1.71,0,45037,20,7.98,17.57,30.54
1,10,5.2,1,0.97,2,23556,53,6.14,7.65,10.71
3,25,2.6,0,1.15,0,42159,63,5.44,10.19,15.07
3,28,4.7,0,2.47,2,35455,58,5.14,8.83,13.44
5,4,8.5,2,1.04,2,10321,19,14.46,24.37,31.17
5,10,6.8,2,1.07,0,20631,57,13.97,24.24,37.91
7,23,7.4,2,2.12,2,10306,54,11.03,22.51,34.19
7,23,2.3,0,2.26,2,47008,32,5.9,17.04,27.75
4,3,4.6,2,0.76,2,29701,24,16.44,22.55,23.53
1,24,4.4,1,0.9,1,25174,45,7.05,9.19,13.5
2,6,5.6,0,2.33,1,4799,26,6.94,8.43,13.36
5,13,7.6,2,0.36,2,34926,29,14.25,21.76,32.89
6,3,5.5,0,0.54,1,39187,39,7.26,11.6,12.02
1,10,8.8,1,2.07,2,14439,53,5.2,6.99,8.74
5,3,3.6,1,1.52,1,23455,55,11.33,16.67,28.12
1,19,5.6,1,0.37,2,25468,52,6.87,8.76,10.76
2,20,7.7,1,1.5,0,12326,43,9.91,15.18,19.73
0,21,5.2,1,1.61,2,24199,33,4.45,7.13,8.16
3,30,2.0,0,0.74,0,18416,61,6.4,10.54,14.19
5,25,3.2,0,1.64,1,18393,35,5.66,19.28,31.15
7,29,6.6,0,0.88,2,48114,44,6.0,15.82,24.58
7,12,5.4,1,0.71,1,32374,23,8.33,20.14,30.95
2,26,8.6,1,1.36,2,39098,62,10.69,13.74,21.91
1,28,7.4,2,1.19,0,43086,29,9.66,10.82,15.43
1,29,8.9,1,0.22,2,6223,52,6.98,8.49,11.92
7,8,3.8,0,0.77,1,1918,53,8.19,17.7,22.34
7,20,2.9,1,1.3,2,48207,36,10.14,17.15,32.88
7,28,3.7,0,1.21,1,48569,34,4.72,15.33,21.56
6,19,7.3,0,2.39,1,31223,61,6.4,10.54,20.21
1,23,4.4,0,1.13,1,38088,28,1.81,5.57,8.19
7,12,7.2,0,0.76,0,19124,30,2.69,15.56,27.14
2,30,8.9,0,1.32,1,24134,54,6.38,10.4,17.01
2,4,9.5,1,2.39,2,40711,28,8.41,12.14,18.67
6,4,1.3,1,0.25,1,36876,43,11.57,14.18,17.63
1,21,3.0,2,1.96,0,27641,62,8.21,10.85,14.32
2,23,4.6,0,0.16,0,33232,62,7.09,12.76,16.55
2,6,1.7,1,0.38,0,9236,44,12.14,16.04,17.26
2,4,7.1,2,2.2,0,7896,46,11.04,12.96,19.17
7,23,8.6,2,1.33,1,13147,44,11.28,19.96,33.22
6,5,4.7,2,0.34,1,909,43,13.0,17.28,19.53
2,22,3.3,0,0.65,1,13818,43,8.73,12.03,14.78
7,1,5.0,1,2.3,2,17621,46,11.86,17.2,26.59
0,19,2.5,0,1.48,0,32513,34,2.02,4.09,6.05
2,3,4.7,2,1.29,1,1177,31,13.38,18.55,20.17
6,9,1.6,0,0.63,1,46743,21,8.09,10.37,16.91
0,25,3.2,0,0.82,2,13704,22,2.27,5.1,6.6
5,9,8.5,0,0.2,2,12038,28,6.84,18.29,30.22
0,3,2.3,0,1.38,1,31670,44,2.17,2.33,3.87
1,7,8.2,2,2.28,1,44308,41,7.65,9.97,11.67
4,9,7.3,2,0.75,0,24500,52,16.63,21.43,25.13
3,8,3.8,1,2.29,0,34569,21,8.19,10.93,16.56
1,3,2.3,1,1.27,0,41200,34,5.47,6.72,7.9
4,21,9.4,2,0.49,1,10199,62,13.14,20.19,26.37
6,12,8.9,2,2.28,2,44271,24,13.06,16.82,25.28
0,2,7.6,2,1.4,0,37073,65,8.14,8.46,9.49
5,4,6.6,1,2.06,1,26364,60,12.86,19.07,28.97
4,25,3.6,1,2.42,2,17962,59,14.21,16.38,22.31
3,15,2.6,1,1.25,0,44070,36,10.22,12.4,17.88
5,28,5.8,1,0.42,1,29569,42,15.83,26.49,30.02
6,11,7.9,1,1.99,0,26779,32,11.72,15.48,20.59
5,25,5.8,1,1.07,0,38152,63,13.23,25.54,33.56
3,7,5.4,0,1.45,0,45863,53,7.2,7.44,13.86
5,9,5.2,0,1.84,2,32747,45,8.65,17.37,26.12
2,17,9.7,2,2.44,0,48987,60,9.51,15.34,24.2
1,24,9.8,0,1.14,2,5781,63,2.55,5.61,8.55
4,17,6.8,1,1.62,2,34222,55,12.16,18.13,25.71
6,13,9.5,1,0.71,2,37942,43,10.27,15.36,23.0
1,26,5.6,0,1.8,2,17332,60,2.05,4.05,6.3
0,16,5.4,1,0.41,2,4419,54,5.23,7.64,9.81
2,30,8.6,2,1.92,2,45044,36,11.66,17.59,22.56
5,10,1.8,0,1.23,0,20587,60,10.65,18.83,35.49
7,26,5.4,2,1.32,1,12849,19,10.48,22.36,24.31
4,9,5.6,2,1.75,2,31037,54,16.52,17.33,26.2
0,3,7.3,0,1.9,2,14647,52,1.18,1.84,3.27
2,27,6.8,1,2.0,2,39781,58,10.96,15.05,18.71
4,24,4.6,0,0.49,2,22848,59,11.11,16.6,23.39
0,21,5.2,2,1.59,0,1960,43,7.47,8.63,11.91
3,24,1.9,1,2.0,0,10632,39,9.12,13.12,14.91
1,27,5.2,1,1.43,2,826,60,7.21,9.71,12.37
1,21,1.9,1,1.32,0,4701,47,6.81,8.66,13.25
6,26,9.6,2,1.58,2,27927,61,12.6,18.32,21.48
2,10,2.1,1,1.23,1,3488,41,11.84,12.53,16.84
2,4,1.1,0,1.19,2,1270,47,7.64,10.08,13.67
5,15,1.6,2,1.93,0,32392,38,13.29,23.13,34.06
3,3,1.1,2,1.23,2,33676,60,13.03,13.66,18.18
7,19,6.7,2,0.54,2,8082,52,10.1,23.68,34.76
6,1,1.2,2,2.25,1,38275,30,12.25,16.82,21.67
1,17,4.6,0,0.58,1,10065,25,3.11,4.46,7.85
2,3,8.2,0,1.92,2,47949,39,4.06,8.69,14.86
2,18,9.7,2,1.64,2,29959,25,10.92,15.44,20.9
5,23,7.7,2,0.11,2,10250,23,16.01,25.15,43.23
7,27,3.0,2,1.13,2,16086,26,12.94,22.67,35.49
3,5,5.8,2,1.09,2,10976,36,12.27,13.33,16.03
4,20,9.4,1,0.39,1,20113,47,13.37,19.39,26.18
5,11,5.9,1,1.43,2,3249,24,12.62,23.44,31.81
1,8,5.4,1,2.11,1,1805,47,6.34,7.78,9.27
0,20,5.6,1,1.42,1,15576,54,4.91,7.53,10.18
6,7,3.4,0,1.33,0,15790,37,9.63,13.6,13.67
1,16,4.7,0,1.41,1,2473,49,1.81,6.17,8.83
1,3,7.6,1,1.77,0,18193,51,5.48,5.67,7.97
0,29,2.6,2,1.32,0,47388,50,7.74,10.65,12.12
6,9,5.8,0,0.28,2,38681,44,8.06,10.72,16.13
1,28,8.2,2,1.52,2,4462,48,8.1,10.94,13.47
1,9,7.1,2,1.86,1,40647,57,7.72,10.09,11.73
0,22,3.5,2,1.64,1,30573,29,6.6,8.92,11.64
1,11,3.9,0,1.5,0,35605,63,3.76,5.17,8.08
4,6,9.4,2,0.65,1,11588,25,15.96,22.12,26.59
0,26,5.6,0,1.76,0,2257,58,1.19,4.67,5.27
0,13,6.1,0,2.03,0,15818,20,1.31,2.5,6.23
3,21,8.9,0,1.15,1,3484,49,5.14,10.04,16.63
6,20,2.9,0,1.97,2,2411,45,8.19,12.08,15.3
7,5,8.9,0,0.16,2,7083,25,6.8,11.78,24.19
4,6,3.8,0,1.29,1,22060,45,8.48,17.03,17.98
2,4,6.8,0,1.62,2,38873,44,6.69,8.19,12.68
0,24,2.9,2,0.32,0,31821,35,7.46,11.85,12.12
2,17,7.9,2,0.89,1,15198,57,11.92,17.58,23.76
2,26,6.4,2,1.65,1,47028,48,13.21,15.37,24.11
0,16,1.3,2,2.02,0,32908,23,6.61,8.08,11.36
4,23,7.2,1,0.48,0,35082,63,10.76,21.38,23.81
0,25,9.0,2,2.18,1,44708,37,6.76,8.8,11.11
6,5,2.4,0,0.49,1,24472,38,7.19,10.47,14.86
1,11,3.1,0,0.46,1,13577,41,3.7,5.64,6.71
7,23,6.7,1,1.63,0,38747,34,9.39,18.1,24.56
2,20,1.7,1,0.71,1,15684,64,10.97,15.97,18.88
4,28,1.6,2,1.79,0,43118,55,15.69,19.06,30.77
4,21,5.0,0,1.79,2,27681,47,8.49,15.11,22.22
1,1,3.2,0,0.65,2,5740,47,3.69,4.27,4.83
2,5,3.7,0,1.26,2,42993,38,7.08,9.55,12.82
0,4,1.0,0,0.26,2,19627,26,1.25,2.66,4.76
2,6,2.7,1,0.22,0,3558,35,10.49,13.39,16.38
0,16,8.8,0,0.66,0,46909,49,1.41,5.1,6.55
1,27,3.3,0,1.42,0,17731,38,3.56,5.12,8.37
0,12,2.5,2,1.71,1,5342,42,6.4,10.36,12.28
6,5,6.5,2,1.84,2,31769,25,14.44,16.14,22.46
0,20,5.6,1,2.46,2,49167,23,5.23,6.66,9.46
7,28,9.0,2,1.04,1,32204,30,13.3,20.85,32.05
0,24,4.9,1,2.39,1,26697,59,4.16,7.51,9.88
5,2,8.1,2,2.46,2,32640,50,13.93,20.83,36.6
6,12,2.5,2,0.91,0,9122,44,12.28,19.16,20.61
2,26,2.6,1,1.49,2,42980,43,12.34,15.91,17.71
7,7,8.0,1,0.6,2,14806,20,9.99,15.74,28.53
3,9,8.9,1,1.12,0,29829,35,9.44,12.63,17.31
0,25,9.1,2,2.41,2,23391,58,6.69,9.63,11.58
7,21,1.5,0,1.85,1,5373,19,3.54,11.3,27.87
5,4,4.7,2,0.39,2,32010,33,15.63,28.5,28.8
6,24,1.9,0,0.22,1,12407,40,8.42,12.71,16.91
4,9,4.4,2,0.94,1,29456,48,15.12,22.99,27.99
4,10,1.8,0,0.9,1,45583,35,9.03,16.44,18.79
0,6,6.2,1,0.95,0,13824,24,4.78,6.52,8.57
2,4,8.8,2,1.25,1,28903,37,11.79,14.99,23.18
1,11,8.2,2,0.36,0,46269,54,8.67,11.7,13.18
1,28,6.4,2,1.54,0,21237,36,6.97,10.56,14.4
5,1,7.8,2,1.51,0,8708,43,14.28,22.03,39.83
5,11,8.4,0,0.59,0,47448,49,6.7,20.72,33.03
3,26,9.4,0,1.85,2,7756,36,5.2,8.78,15.77
7,2,7.5,2,1.48,1,16291,32,10.76,23.18,28.36
2,15,3.3,1,1.27,0,20394,44,11.95,15.22,18.81
1,1,3.0,1,2.35,0,28026,41,5.24,6.93,8.59
5,27,9.1,2,1.51,1,16592,47,14.94,21.59,42.41
3,23,5.9,1,1.55,2,31430,21,8.72,13.02,17.31
1,23,8.7,1,1.9,2,12286,59,4.87,7.86,10.52
0,1,1.9,1,0.96,0,2721,37,5.74,6.27,7.16
3,15,5.4,0,0.3,2,6245,62,6.0,9.38,14.24
4,18,2.1,1,0.49,0,40445,33,13.39,20.31,30.17
6,25,7.9,2,2.22,0,30575,56,11.44,16.24,27.02
5,21,8.3,1,0.28,1,25376,56,13.41,24.21,36.77
6,1,5.8,0,0.75,2,21143,60,8.58,9.46,13.27
1,4,8.1,2,0.99,0,35018,55,9.64,10.14,13.47
6,15,9.8,0,0.1,0,20904,54,8.24,13.41,18.83
3,11,3.5,1,1.8,0,47652,19,8.5,12.56,17.72
4,10,9.2,2,0.36,0,29474,35,15.82,16.79,32.45
7,21,3.5,2,1.38,0,24339,36,13.16,20.7,35.87
5,22,6.8,1,2.13,0,45714,40,11.94,18.89,34.56
5,11,9.3,0,1.66,1,33723,19,6.27,16.49,30.37
6,3,2.7,0,0.35,0,28455,47,9.35,10.56,13.24
0,26,8.3,0,1.99,0,29590,40,0.72,3.82,4.57
7,24,1.0,0,0.78,1,31952,64,7.76,12.37,28.53
3,10,5.6,0,0.8,1,25226,24,7.48,10.02,13.34
5,9,5.4,2,2.46,2,15210,54,14.5,21.24,28.62
4,27,6.1,0,0.67,1,40028,51,9.89,17.78,18.89
6,8,1.3,2,0.27,1,32741,27,13.29,18.4,20.6
2,1,7.9,2,0.67,2,45236,65,13.57,16.43,22.91
3,14,4.0,1,0.56,0,26515,31,10.07,14.86,16.97
2,2,7.8,2,0.49,0,43215,39,12.15,14.5,22.1
0,18,5.4,0,2.36,0,45728,61,1.11,3.01,5.02
5,4,7.2,0,1.76,1,49874,31,5.06,18.06,31.6
5,3,3.4,0,1.57,0,39483,51,9.55,17.18,26.97
4,7,8.8,2,0.63,1,40818,20,17.46,20.44,30.62
1,20,7.5,0,1.03,0,27675,30,3.12,5.05,8.49
1,29,1.2,2,1.35,0,33680,41,9.03,11.07,14.49
0,4,5.5,0,2.19,2,34542,39,0.44,2.45,3.69
1,15,2.1,2,0.27,1,22025,42,9.48,11.45,14.83
4,5,4.8,1,0.65,1,8812,39,14.25,18.54,23.67
4,25,2.3,1,1.28,1,5731,29,12.98,19.72,24.24
0,12,2.9,2,0.77,0,47504,25,6.29,9.37,12.71
5,25,8.4,2,1.92,1,39463,61,13.85,20.17,33.55
2,28,7.8,2,2.02,2,4370,52,10.68,15.41,20.74
2,16,2.3,2,0.7,0,3416,20,14.15,15.73,22.81
5,3,2.1,2,1.08,2,19633,38,16.85,27.48,31.24
6,7,3.2,2,1.6,2,801,20,12.31,15.34,20.21
5,10,1.7,2,0.41,2,18662,52,16.6,28.5,31.52
1,24,2.4,0,0.97,0,38902,62,3.05,4.56,7.96
0,25,3.8,0,2.29,1,31278,20,0.88,4.18,5.88
4,25,9.4,1,1.22,0,14097,55,12.83,18.01,27.51
3,23,1.5,0,1.87,0,37839,22,4.56,9.89,13.46
4,4,6.1,1,1.11,1,19779,65,11.82,16.44,20.84
2,24,2.2,0,1.81,1,5003,46,5.26,9.43,13.71
3,15,8.6,0,1.01,0,35670,40,5.07,8.87,17.22
7,6,6.1,1,1.88,1,23866,62,9.21,15.75,27.78
1,6,3.3,0,0.39,2,6879,30,3.52,3.86,6.79
6,3,3.5,0,0.43,1,8937,30,7.5,11.22,15.02
4,9,1.4,0,0.23,0,7240,56,10.7,16.63,17.89
0,25,5.3,2,1.24,1,28876,52,8.52,11.27,12.38
2,20,1.1,1,1.16,2,36452,34,10.76,16.14,17.96
5,18,6.6,2,2.31,2,29934,64,13.51,26.29,32.5
4,13,9.9,1,1.77,1,2234,36,11.19,17.37,27.56
6,12,7.3,1,1.27,0,29022,21,8.93,14.59,23.21
6,30,9.1,1,0.19,2,18610,46,12.32,14.15,24.51
1,13,1.5,2,0.51,1,19779,42,7.96,9.61,13.36
3,26,9.2,2,0.25,0,49164,55,10.8,16.27,22.35
6,16,1.9,2,1.38,0,49393,21,14.66,19.72,23.53
2,1,6.0,2,0.61,2,35672,62,12.31,16.22,19.01
1,23,5.5,1,2.24,1,32643,25,5.45,7.11,10.92
6,8,7.8,1,2.28,2,15569,53,8.43,14.19,20.58
1,24,8.7,1,0.92,2,22085,62,6.25,8.64,11.84
2,18,1.1,1,1.84,1,17564,65,10.76,16.32,20.28
6,24,8.9,0,1.45,0,43625,51,7.52,11.93,19.15
2,20,7.7,2,0.1,0,18344,23,13.28,16.36,21.58
0,19,2.5,2,1.41,0,11565,32,7.89,11.42,12.98
0,12,9.0,0,1.63,1,6369,64,0.66,3.12,4.9
7,2,6.2,2,0.75,2,45706,21,12.02,20.98,31.24
6,20,2.6,2,0.16,0,20374,37,14.86,18.75,25.53
0,2,8.5,2,1.31,0,43662,18,7.28,8.76,10.35
2,11,8.4,2,1.75,0,44019,63,11.01,15.85,18.94
1,10,4.4,0,1.62,2,26835,40,2.18,3.97,5.36
2,7,9.0,0,0.5,2,12997,24,6.33,11.11,16.79
5,23,4.2,2,2.19,0,31174,25,15.15,25.06,34.77
5,5,7.4,0,1.53,2,13751,29,9.02,16.47,26.56
2,27,3.3,1,1.12,1,7287,20,11.5,14.89,22.22
7,23,8.5,2,1.22,1,38607,24,9.17,20.01,29.06
5,22,2.1,2,2.4,2,11478,49,16.48,22.95,39.08
5,28,1.7,0,2.2,0,12740,45,7.2,18.21,31.71
7,21,7.0,0,1.9,2,47128,61,5.44,15.71,19.94
3,6,2.6,0,2.18,0,13977,41,5.97,7.29,13.25
7,30,8.2,2,0.45,2,27412,46,11.88,18.37,30.85
4,4,8.8,1,2.0,1,44421,51,11.48,17.89,29.36
7,7,7.7,0,0.1,2,36273,33,6.38,18.0,29.07
2,24,7.7,0,2.19,0,5979,38,5.07,10.52,16.35
3,3,6.5,2,1.49,1,21555,44,13.41,16.76,17.45
6,9,1.7,2,1.66,2,8292,31,12.92,17.09,18.9
6,11,2.3,0,2.32,1,31149,22,6.01,9.86,15.57
7,6,6.3,0,1.35,2,45936,47,5.48,15.15,28.47
4,28,4.8,2,2.34,0,6152,19,15.87,20.75,25.01
7,21,5.6,1,1.27,1,20435,65,9.74,23.44,31.5
5,24,8.8,2,0.45,1,19488,43,14.3,24.49,41.51
5,9,3.4,1,2.09,1,49317,65,10.79,22.14,31.37
1,4,4.7,2,1.96,2,30611,22,7.04,8.83,11.01
3,8,3.9,0,0.68,0,45638,27,7.24,9.48,12.2
2,15,2.2,2,2.41,2,11932,29,12.34,16.19,23.93
2,26,2.3,0,0.93,0,49775,47,6.91,13.74,17.11
5,5,9.9,1,0.94,0,35056,57,13.78,23.29,31.78
7,21,2.8,0,0.51,1,10109,29,6.4,13.97,25.89
7,10,7.7,0,0.47,0,31027,23,6.13,15.51,26.72
0,26,5.9,0,1.26,0,47215,31,1.51,4.83,6.17
7,27,4.5,2,1.19,2,45084,27,13.22,25.33,28.2
7,22,7.4,0,1.38,1,35609,46,6.77,13.77,27.25
2,24,2.4,2,0.49,1,4149,32,13.29,16.15,23.72
0,12,6.9,1,1.21,2,43454,47,5.35,7.92,10.41
1,11,9.0,1,1.44,2,2496,34,7.49,8.47,11.29
0,27,2.5,0,0.7,2,16389,28,2.71,4.51,6.61
6,21,4.0,1,0.68,0,20031,27,10.6,17.87,20.22
4,4,1.6,1,1.82,0,3836,55,13.6,14.18,21.65
4,8,2.4,0,0.15,0,14206,35,10.75,15.94,16.58
4,16,4.9,2,2.38,1,36609,35,16.04,21.74,29.18
2,25,8.1,2,0.42,2,44273,52,12.49,18.59,23.9
5,13,6.8,0,0.48,2,15813,63,7.38,24.03,29.17
3,13,1.9,2,1.6,0,40953,25,10.25,15.14,18.25
0,16,9.5,2,1.99,0,42695,32,6.86,9.49,12.16
7,11,1.6,2,0.67,1,42701,44,13.83,27.73,34.47
5,26,6.3,0,1.93,0,7997,60,8.56,14.79,22.22
1,20,9.4,0,0.4,1,28177,53,2.44,5.74,7.76
6,16,5.3,2,0.3,0,46377,45,16.1,17.64,22.51
0,18,6.3,2,0.29,1,36981,31,7.57,10.42,13.86
3,2,2.1,2,2.31,0,42401,64,11.28,15.51,17.5
1,10,8.2,2,2.24,1,35942,27,7.15,9.88,12.38
1,14,1.7,1,0.54,0,17753,23,5.22,8.44,11.72
1,18,6.9,0,0.99,1,38793,27,4.16,5.13,8.76
7,16,8.3,1,0.66,1,41387,53,8.5,21.2,27.54
1,30,2.4,2,0.28,0,10262,55,8.61,11.01,12.27
0,9,4.2,2,0.79,0,41731,30,7.36,9.35,12.09
5,3,3.1,1,0.29,0,43551,63,10.8,22.82,31.51
5,26,1.0,1,0.93,2,30996,31,12.76,25.34,30.06
4,8,4.3,1,1.76,2,45150,52,13.24,18.98,21.03
3,23,1.2,1,0.82,1,31793,24,9.13,15.9,19.54
0,11,8.0,2,0.39,2,31828,64,6.48,10.71,11.98
5,15,5.5,0,2.46,0,32045,24,7.29,20.68,26.47
3,27,2.7,1,2.36,0,12075,31,8.21,13.45,17.79
5,18,7.2,1,2.19,1,33267,46,8.1,25.01,38.66
2,10,2.4,2,1.88,1,36666,33,12.35,14.62,20.25
7,8,2.5,1,1.18,2,40648,43,7.89,17.59,25.39
4,27,2.9,0,0.7,1,20677,62,9.29,18.22,24.06
1,19,3.8,1,2.03,2,9764,38,6.1,8.49,11.57
6,7,5.0,2,0.56,0,49739,53,14.11,19.15,22.46
6,7,4.2,1,2.39,0,30615,23,10.54,13.35,17.21
2,10,5.0,2,1.55,1,16465,58,12.56,13.69,17.85
1,17,4.1,1,2.31,1,40169,28,5.83,8.67,10.35
3,21,8.3,1,2.11,0,41903,48,9.17,11.54,21.54
3,10,1.3,2,1.79,1,38032,62,11.45,14.71,19.18
0,23,4.2,0,1.1,0,6750,65,1.17,4.37,5.8
5,14,4.6,0,1.11,1,3717,28,8.59,15.85,32.29
2,12,7.5,1,1.16,2,24916,23,10.06,14.78,21.02
6,19,4.1,1,0.16,1,31205,47,11.32,15.15,19.63
6,7,3.6,0,0.8,2,27232,50,8.34,10.02,16.41
6,28,6.4,0,1.54,2,5336,58,8.23,11.54,15.79
1,18,6.0,0,1.92,0,37775,59,1.02,4.74,6.77
4,18,2.0,2,1.0,2,19370,37,17.63,22.42,30.76
5,12,1.6,1,0.78,2,1513,29,13.95,22.75,35.92
3,16,3.9,1,2.14,2,43930,30,8.98,11.52,16.28
7,8,7.1,0,1.79,0,1798,18,5.31,14.43,22.84
3,2,3.3,1,1.56,2,46791,48,10.3,13.01,14.49
6,18,5.2,0,2.45,0,18657,51,5.54,9.34,16.69
0,26,6.8,0,2.39,2,47958,46,0.7,3.82,5.36
4,20,7.0,1,0.93,2,18289,49,12.28,16.75,26.74
4,14,5.5,0,0.51,2,4940,49,10.04,13.24,21.17
3,29,9.6,0,1.1,1,6947,21,6.06,9.56,14.71
6,20,4.6,2,0.68,0,36026,39,14.94,19.35,23.03
6,12,2.9,2,0.51,1,14813,44,14.82,19.69,20.72
7,25,1.1,0,1.43,0,29346,53,4.96,14.47,22.3
