age,monthly_income,monthly_savings,savings_rate,horizon_years,risk_appetite_encoded,existing_investments,dependents,income_stability,risk_category
56,166867,5860,0.035,15,2,644167,4,1,2
28,394871,131324,0.333,4,2,329365,4,1,3
61,347069,204041,0.588,28,0,214176,3,1,0
45,22747,5189,0.228,30,2,953277,2,1,4
20,351236,8890,0.025,7,0,256840,1,1,1
37,271995,125174,0.46,28,2,572843,4,1,4
52,100077,40920,0.409,4,1,724839,3,1,1
46,458974,207283,0.452,2,1,223165,3,1,1
65,31534,17743,0.563,14,2,353531,0,1,3
64,29268,9887,0.338,26,0,742139,3,1,0
58,58044,23446,0.404,13,0,48984,0,1,0
52,81858,17666,0.216,5,1,288998,1,0,0
24,290536,35535,0.122,12,1,838688,5,1,2
44,390210,206664,0.53,3,0,139182,5,1,0
22,118806,11910,0.1,14,2,645914,0,1,4
49,268550,127096,0.473,20,0,110687,3,1,1
40,222982,61044,0.274,15,2,774684,3,1,3
45,63585,7693,0.121,28,1,960445,2,1,3
45,435192,49262,0.113,30,0,685440,0,1,1
44,245928,124101,0.505,5,0,537833,3,0,0
49,88840,51576,0.581,26,1,65318,1,1,3
49,289536,60680,0.21,19,1,513153,4,1,2
49,177381,92455,0.521,23,2,622794,2,0,4
51,478949,94045,0.196,11,2,867055,0,0,2
23,71663,20708,0.289,3,2,112547,2,1,3
24,234835,89896,0.383,8,2,887121,0,1,4
42,394705,52254,0.132,30,1,554594,3,0,1
19,182688,108727,0.595,30,0,117796,2,0,2
58,400002,178714,0.447,16,2,528787,5,1,3
25,287683,131063,0.456,30,0,737378,0,0,2
63,139121,82505,0.593,22,2,454351,4,0,2
38,155059,63871,0.412,8,2,610704,0,1,4
39,301974,153501,0.508,14,1,473125,5,1,2
51,461620,141672,0.307,5,0,729903,2,1,0
34,207563,23589,0.114,29,1,298356,5,1,3
52,479451,129019,0.269,29,0,268246,0,1,0
35,185656,37745,0.203,22,1,365890,5,0,2
19,196089,71320,0.364,8,0,630152,2,1,1
56,74748,10801,0.144,23,1,235362,1,1,2
53,352460,7368,0.021,8,1,594319,5,1,0
40,144046,18403,0.128,2,1,666326,5,1,0
59,409957,189078,0.461,22,2,461243,4,1,3
61,199819,119692,0.599,7,1,721772,3,1,1
33,114476,42233,0.369,28,1,870045,2,1,3
36,48251,10177,0.211,23,1,877284,1,1,3
18,348761,21896,0.063,15,1,177247,5,0,2
42,196615,61556,0.313,21,0,134415,4,1,1
20,236139,72215,0.306,19,0,203861,0,1,2
45,467556,180150,0.385,17,1,78781,3,0,1
47,308790,109185,0.354,10,1,360260,3,0,1
48,216489,28289,0.131,19,1,271967,0,1,3
33,386326,167049,0.432,17,2,721747,3,1,4
50,24000,10052,0.419,19,2,251492,3,1,3
34,376441,30351,0.081,29,1,932809,1,1,3
58,302502,8267,0.027,26,0,824945,4,1,0
53,326569,43756,0.134,9,2,114352,2,1,2
35,90640,39911,0.44,24,2,400573,4,0,4
52,434568,191141,0.44,17,0,538685,3,1,0
39,139180,71234,0.512,19,0,79459,3,1,1
45,495853,56934,0.115,20,2,454137,4,0,3
29,240184,92508,0.385,4,0,322710,0,0,0
28,26801,9846,0.367,12,0,154697,1,1,2
55,21542,10293,0.478,13,1,718216,1,1,2
55,309106,33295,0.108,16,0,157504,5,1,0
24,188152,6324,0.034,4,1,744699,2,1,3
43,244786,20485,0.084,3,0,529036,1,1,0
37,206843,62799,0.304,29,2,173416,0,1,4
42,315735,108333,0.343,21,1,460857,3,1,2
62,316764,133148,0.42,16,1,355540,2,1,2
35,353870,22640,0.064,17,1,259214,0,1,3
20,170159,46430,0.273,25,2,865291,1,1,4
45,401300,165775,0.413,26,1,364167,1,0,3
45,440571,239340,0.543,9,2,702965,0,0,3
65,102844,32532,0.316,14,2,118012,5,1,1
22,70990,15136,0.213,2,1,478007,5,1,1
49,262926,117816,0.448,11,0,285977,0,1,1
44,499920,156456,0.313,2,0,105570,0,0,0
22,380286,145932,0.384,6,2,50612,4,1,3
27,183273,58330,0.318,17,0,449613,0,0,1
18,319888,181615,0.568,2,2,138311,1,1,4
20,114074,37049,0.325,12,0,640053,3,1,1
65,301342,155830,0.517,23,2,1252,4,1,3
28,335826,64494,0.192,6,1,6949,1,1,3
51,496467,255875,0.515,30,2,707689,2,1,3
46,453027,221464,0.489,10,0,806395,3,1,0
30,124573,41586,0.334,11,2,771954,0,1,4
33,222846,11090,0.05,22,0,257218,2,1,2
36,77108,26508,0.344,18,1,36668,5,0,1
18,386824,152979,0.395,26,1,51745,0,1,3
64,418456,179293,0.428,15,1,936766,4,0,1
53,230176,132600,0.576,3,0,743091,5,0,0
19,167820,9621,0.057,27,2,922630,2,1,4
63,468874,43638,0.093,28,0,118033,1,1,0
54,161339,95825,0.594,7,0,574736,5,1,0
61,286776,109592,0.382,13,0,632387,1,1,0
64,46069,19369,0.42,15,0,23275,2,1,1
54,214053,89659,0.419,26,1,912826,2,1,2
39,136421,6605,0.048,23,1,187210,5,0,1
48,498871,163518,0.328,9,2,523138,2,0,3
28,142883,5117,0.036,17,1,799666,5,1,3
32,30954,11316,0.366,12,0,137541,1,1,1
29,409678,72584,0.177,26,1,241983,5,1,2
28,52254,11988,0.229,11,2,282272,5,1,3
54,128872,24216,0.188,9,2,93070,5,1,2
47,62078,12984,0.209,5,1,536507,3,1,1
18,156487,41159,0.263,22,0,532295,2,1,2
31,443739,93861,0.212,3,0,539812,4,0,0
42,34060,6065,0.178,25,1,829735,5,1,2
55,484736,223134,0.46,15,0,150168,0,1,1
57,112263,9018,0.08,7,2,565445,5,1,1
25,470035,272552,0.58,20,1,402662,2,1,4
54,52154,22334,0.428,1,1,854211,5,1,0
22,263322,51197,0.194,6,0,154782,3,1,1
25,84772,19382,0.229,4,0,282753,2,1,2
53,406858,135330,0.333,5,2,388349,1,1,2
43,96077,29938,0.312,12,1,206988,5,0,0
50,208014,96751,0.465,28,2,695275,3,1,3
48,129945,60176,0.463,22,2,498716,5,1,4
39,198954,18718,0.094,1,1,284260,4,0,0
18,120158,58173,0.484,23,2,906151,4,1,4
26,77545,44224,0.57,21,1,13224,2,1,4
19,28070,16473,0.587,27,1,298512,2,0,3
41,349670,206907,0.592,6,0,218967,0,1,1
45,167313,32696,0.195,7,0,570451,0,0,0
39,116731,26566,0.228,29,0,151878,0,1,1
36,113501,7079,0.062,30,0,945456,4,1,0
33,113607,28570,0.251,18,0,588365,2,1,1
47,320709,161594,0.504,4,0,576775,4,0,0
20,98623,42641,0.432,10,2,862061,1,1,4
18,393048,212606,0.541,3,2,76218,4,1,3
64,482052,44986,0.093,1,2,472327,1,1,1
63,104458,17175,0.164,4,0,913589,4,1,0
65,67057,11150,0.166,10,2,278176,4,0,1
35,421921,178952,0.424,15,0,87955,2,0,1
19,114914,42334,0.368,23,0,951076,5,1,1
52,402451,153843,0.382,24,0,256713,5,1,0
63,237215,40954,0.173,17,1,995848,1,1,1
60,333837,121739,0.365,26,1,780316,4,1,1
54,364138,61133,0.168,18,0,485417,3,1,0
55,148377,83411,0.562,23,0,40809,5,0,0
48,495781,34402,0.069,8,1,751883,4,1,1
63,410719,222217,0.541,28,1,192192,2,0,1
43,73276,29063,0.397,4,0,417978,2,1,1
39,140900,26792,0.19,26,2,244883,2,1,4
60,425328,126789,0.298,27,0,563178,1,1,0
57,188976,59912,0.317,25,0,730026,1,1,0
52,65186,33145,0.508,5,2,740829,5,1,2
34,200553,41408,0.206,23,0,319278,3,1,1
41,413554,207503,0.502,21,0,394966,4,1,1
42,271147,82454,0.304,27,1,352744,4,1,2
49,57641,9806,0.17,17,2,612121,4,1,3
24,482984,209615,0.434,18,2,750294,4,1,4
47,333715,30510,0.091,3,1,935354,1,1,1
61,378587,193204,0.51,2,2,134055,1,1,2
61,192070,61846,0.322,24,0,306691,4,1,0
62,99273,14323,0.144,30,1,991542,2,1,2
47,311574,32788,0.105,18,2,882554,5,1,3
61,295128,38039,0.129,24,2,403832,1,0,2
56,270195,148748,0.551,1,1,741040,2,1,0
35,394717,176672,0.448,16,0,785332,5,0,1
32,231760,127744,0.551,24,2,43001,4,1,4
63,408439,242578,0.594,30,0,735457,0,1,1
21,468058,250596,0.535,22,0,326898,4,0,1
58,178448,60554,0.339,24,1,998916,4,1,1
40,328744,81898,0.249,20,1,554736,4,0,1
34,394999,160650,0.407,3,1,578316,4,1,1
26,122979,39701,0.323,5,1,673034,0,1,3
20,385464,93801,0.243,12,1,815624,0,1,3
51,45559,12291,0.27,15,1,997703,2,1,1
65,154092,46755,0.303,5,0,569936,1,1,0
49,397149,7396,0.019,19,1,128322,1,1,3
41,289458,24623,0.085,28,0,490042,2,0,1
30,446346,187828,0.421,25,0,898217,3,1,1
60,69708,14017,0.201,25,2,709662,1,0,2
60,490452,47534,0.097,18,1,442061,4,1,1
34,183038,77545,0.424,28,0,258722,5,0,1
24,49257,26736,0.543,2,2,263579,3,0,2
37,103807,50539,0.487,18,2,506047,0,1,4
34,93609,14077,0.15,1,1,283097,2,1,1
29,238118,62372,0.262,11,0,532101,2,0,0
40,457785,16745,0.037,14,1,232732,3,1,1
46,358076,153554,0.429,20,1,505518,5,0,1
28,304186,57930,0.19,17,1,768747,3,1,3
55,433198,213033,0.492,29,2,550719,0,1,3
29,46385,10390,0.224,12,2,755271,3,0,3
32,365114,90553,0.248,20,2,717148,3,0,3
20,166323,5526,0.033,25,1,518349,0,1,4
65,94744,10109,0.107,21,0,756097,2,1,0
34,122471,31589,0.258,18,1,388590,5,0,2
55,465864,186002,0.399,22,2,832599,0,0,2
63,189631,79319,0.418,22,1,620635,3,1,1
58,196076,88869,0.453,1,0,899187,1,1,0
19,232133,55861,0.241,26,1,651406,1,0,3
20,463002,220048,0.475,6,0,916838,0,1,2
25,384359,162361,0.422,28,1,943187,5,1,3
33,479651,278797,0.581,26,1,729497,2,0,3
59,56877,18258,0.321,18,1,72715,3,0,0
63,465795,75316,0.162,8,0,634486,4,1,0
61,302193,110361,0.365,19,1,168484,0,1,1
46,298453,60230,0.202,15,0,516998,3,0,0
38,79321,5956,0.075,24,0,995843,3,1,1
53,439065,167932,0.382,2,1,289102,1,1,0
56,425417,34426,0.081,19,1,42229,4,0,0
32,339200,163562,0.482,26,1,929065,3,1,3
19,315286,31916,0.101,5,1,388076,0,0,2
56,460280,106459,0.231,2,2,832325,0,1,1
45,349793,69674,0.199,5,0,144832,3,0,0
28,203305,49738,0.245,22,1,338511,1,1,4
29,131453,24816,0.189,1,0,769299,2,1,0
45,236184,40946,0.173,5,2,989156,3,1,2
61,361815,121891,0.337,15,2,149381,3,1,2
43,178492,85896,0.481,23,2,217285,4,1,4
22,180928,14200,0.078,19,1,943115,1,1,4
51,65272,28857,0.442,29,0,146470,2,1,1
61,99141,17115,0.173,23,1,294700,3,1,1
38,143008,28196,0.197,6,0,910830,5,0,0
18,460630,151649,0.329,11,1,781725,1,0,2
29,332282,178895,0.538,25,1,948163,0,1,4
48,329199,24508,0.074,16,0,158056,1,1,1
26,473792,209456,0.442,25,0,682568,4,1,2
58,453098,237549,0.524,14,1,790546,5,1,1
62,385898,8712,0.023,24,1,238389,0,1,2
18,47723,9806,0.205,15,0,208786,3,1,1
52,435659,84973,0.195,26,2,760674,5,1,2
19,359720,112522,0.313,21,1,268615,1,1,3
54,440814,147635,0.335,4,2,335914,5,1,1
61,360858,194420,0.539,21,2,850538,4,1,3
32,65379,18076,0.276,13,1,955154,1,0,2
21,289295,62716,0.217,20,1,691738,4,1,3
53,477373,17289,0.036,17,0,940675,1,0,0
28,250662,119014,0.475,12,1,947238,4,0,2
59,139735,29611,0.212,20,1,362246,5,1,1
62,426889,212738,0.498,13,2,196501,5,1,2
32,101929,15617,0.153,25,0,555689,0,0,1
54,271459,115641,0.426,24,2,429667,3,1,3
27,481792,265337,0.551,5,2,550448,2,1,4
50,299158,85532,0.286,17,1,863663,4,1,1
27,225768,32213,0.143,13,0,451000,5,0,0
52,24358,11780,0.484,7,0,229104,2,1,0
56,190604,59253,0.311,4,0,635232,3,0,0
25,74624,15106,0.202,6,0,912358,3,1,1
61,318522,140327,0.441,21,1,165575,1,1,2
61,327257,79069,0.242,6,1,251051,1,1,1
25,151733,49843,0.328,26,0,42828,4,1,1
33,252041,93733,0.372,25,2,256911,3,1,4
33,363581,103540,0.285,23,2,310375,5,1,4
57,213783,46323,0.217,1,0,737565,4,0,0
49,139968,81559,0.583,12,1,534003,1,0,2
53,139264,10782,0.077,18,0,124481,0,0,0
28,409954,43067,0.105,30,2,18073,3,1,4
23,365506,95517,0.261,11,2,921941,3,1,4
52,490173,196703,0.401,10,1,990669,5,0,0
24,60461,13264,0.219,15,0,810658,1,0,1
19,356664,199812,0.56,22,0,643235,5,0,1
33,188757,78965,0.418,29,2,690658,0,1,4
38,256513,22347,0.087,25,2,964163,4,1,3
49,392863,16871,0.043,28,0,729630,5,1,1
49,431484,213938,0.496,30,1,234555,2,1,3
22,62913,36497,0.58,25,1,973181,2,1,4
40,210546,49936,0.237,3,0,202056,3,1,0
24,117359,62743,0.535,28,0,621827,3,1,2
46,380867,17411,0.046,6,2,843441,4,1,3
52,378918,31715,0.084,22,1,555462,4,1,1
55,224366,114204,0.509,10,2,630585,4,0,1
38,341497,118132,0.346,21,0,100689,4,1,0
28,155870,27420,0.176,20,2,291444,1,0,4
51,410707,42487,0.103,28,1,807655,2,1,1
38,215113,113940,0.53,17,0,424127,0,1,2
58,124576,69641,0.559,28,0,304224,1,1,1
45,409878,229033,0.559,8,2,744149,0,1,4
40,438647,61492,0.14,19,0,554399,3,1,0
40,83530,41224,0.494,13,2,909719,2,0,3
22,167603,93340,0.557,8,1,141214,5,1,3
22,258340,109797,0.425,22,1,828965,3,1,3
25,269599,132896,0.493,9,1,489934,1,0,3
58,472776,128257,0.271,23,1,269054,1,1,1
53,438443,142050,0.324,8,1,321909,4,1,0
51,208938,21905,0.105,15,0,451495,1,0,0
42,90119,43714,0.485,14,1,629720,1,1,3
49,347090,103989,0.3,17,0,77794,1,1,1
56,358416,42643,0.119,9,2,187921,4,1,2
57,337677,87566,0.259,23,2,451157,5,1,2
39,43387,21140,0.487,18,1,588316,4,1,2
40,40567,15517,0.383,11,0,67260,0,1,1
36,364086,187684,0.515,30,2,104555,0,1,4
33,478311,60147,0.126,5,2,475584,3,0,2
49,259423,100081,0.386,2,2,592344,1,1,2
19,182728,72695,0.398,13,0,117235,3,0,0
43,161877,40851,0.252,17,1,377869,0,1,3
48,287254,17087,0.059,19,0,869049,3,1,0
21,127539,23313,0.183,24,1,114914,1,1,4
38,100073,31661,0.316,14,0,955308,3,1,0
24,88099,41060,0.466,14,2,671447,4,1,4
41,347841,21029,0.06,18,2,194718,3,1,3
63,337650,83229,0.246,24,0,324683,5,1,0
36,77775,21044,0.271,4,1,290998,0,1,2
35,381278,137723,0.361,17,2,418267,2,1,4
50,473008,35447,0.075,15,2,516494,5,1,2
28,427688,247265,0.578,16,0,644600,3,1,2
62,497746,28284,0.057,19,1,811554,5,0,0
22,82812,12999,0.157,5,0,523156,1,1,1
56,469830,10105,0.022,3,0,789271,0,0,0
58,426709,22069,0.052,28,0,663070,3,1,0
45,385446,136234,0.353,23,1,148087,1,0,2
48,160905,12896,0.08,13,1,775723,0,1,2
24,247966,129302,0.521,18,2,66707,4,0,4
61,131487,27669,0.21,25,0,411961,4,0,0
41,46928,23322,0.497,19,0,62292,3,1,1
58,288448,12345,0.043,21,2,932856,5,1,2
51,222779,28481,0.128,11,0,842150,5,1,0
51,279013,55669,0.2,6,1,331328,1,0,0
65,360402,148996,0.413,7,1,258635,5,1,1
27,168066,72263,0.43,19,2,797232,4,0,4
39,25774,11519,0.447,8,0,882766,5,0,0
31,134586,61700,0.458,9,1,171033,0,0,2
25,373323,28648,0.077,10,2,21253,3,1,3
60,445874,142924,0.321,19,2,657911,3,1,2
53,339972,143311,0.422,23,0,938542,5,1,0
59,420187,165211,0.393,6,1,477958,2,1,1
25,315524,134951,0.428,28,2,746084,3,1,4
63,406805,10906,0.027,9,2,342829,0,1,2
55,218137,31170,0.143,23,2,401220,0,0,2
21,374195,160289,0.428,30,1,219780,2,0,3
23,182002,86835,0.477,25,2,742849,3,1,4
38,232695,51305,0.22,22,2,787019,3,1,3
43,241373,100648,0.417,21,2,542387,1,1,4
64,442225,207041,0.468,11,0,870678,5,1,0
44,487874,194139,0.398,29,1,656449,2,1,3
45,143950,72494,0.504,6,0,38547,3,1,0
64,75077,42396,0.565,3,0,443316,5,1,0
53,495595,103696,0.209,3,0,711886,1,1,0
63,153669,70677,0.46,4,0,74567,5,1,0
47,484894,17109,0.035,27,0,139544,5,1,1
36,35282,7946,0.225,10,2,941768,3,0,2
24,48365,12230,0.253,9,2,276091,0,0,4
57,63472,11816,0.186,24,0,308877,2,0,0
58,112493,64613,0.574,9,2,270403,3,1,2
58,83095,10374,0.125,23,0,74813,0,0,0
29,205378,71314,0.347,14,1,460244,4,0,1
50,92692,7044,0.076,9,0,751496,3,1,0
51,332023,64871,0.195,1,0,491862,3,1,0
36,308793,132795,0.43,29,1,669927,4,1,2
37,475160,33803,0.071,23,2,436571,3,0,2
44,293334,67824,0.231,1,2,564485,5,0,0
34,419932,91795,0.219,6,1,659738,2,0,1
52,365519,192116,0.526,20,0,924300,4,0,0
63,270736,63557,0.235,8,2,749971,3,0,1
59,156554,70333,0.449,30,0,182024,4,0,0
34,315767,40634,0.129,27,2,311478,0,0,4
28,103276,57781,0.559,13,0,961703,3,1,1
25,98279,47092,0.479,12,0,199919,0,1,2
35,459953,43211,0.094,30,0,780926,3,1,1
36,54542,15651,0.287,8,0,888544,3,0,0
46,368264,119889,0.326,2,2,665418,4,0,0
35,352338,81917,0.232,9,0,106022,3,0,0
46,181445,38154,0.21,16,1,203047,1,0,2
29,22282,6856,0.308,23,0,853966,1,1,2
42,224054,55583,0.248,25,1,624411,4,1,2
35,403395,237034,0.588,13,2,231496,4,1,4
49,168930,89162,0.528,28,2,316456,2,1,4
53,148379,50734,0.342,2,0,999430,3,0,0
35,284155,125234,0.441,15,2,929242,5,1,4
55,421983,27852,0.066,8,1,732847,3,1,0
62,455633,155871,0.342,27,2,645194,4,1,2
44,27597,9458,0.343,27,1,732722,1,1,3
59,272388,138241,0.508,29,0,465065,3,1,0
40,174245,35403,0.203,18,0,543088,4,0,0
62,187647,110455,0.589,22,0,396452,0,1,1
51,28556,9916,0.347,27,2,50098,2,1,3
38,195021,87302,0.448,12,0,467243,2,1,1
18,119931,35654,0.297,24,0,842210,4,1,1
34,367234,25219,0.069,18,1,177912,1,1,3
56,170023,6307,0.037,5,0,821860,3,1,0
51,438058,31421,0.072,13,2,412811,5,0,1
28,46086,21859,0.474,5,0,394423,3,1,1
61,58635,28347,0.483,6,2,864950,1,1,3
28,441280,127813,0.29,24,2,283022,2,1,4
31,220410,99289,0.45,28,2,284334,3,1,4
52,170575,53456,0.313,8,0,794448,0,1,0
30,438734,29045,0.066,29,2,614390,1,1,4
46,156917,91698,0.584,3,1,543625,1,1,1
58,335031,86442,0.258,24,1,741432,5,0,0
36,404369,15503,0.038,26,0,912871,5,0,0
18,276910,125356,0.453,13,0,641211,0,1,2
53,376898,80969,0.215,8,2,339208,1,0,1
55,479850,286954,0.598,8,2,41869,3,1,2
49,238401,27031,0.113,2,0,584054,1,1,0
19,136185,51092,0.375,24,2,751518,3,1,4
20,88487,22622,0.256,14,1,235062,2,0,2
34,428808,158245,0.369,21,0,951828,2,1,2
42,443966,212184,0.478,23,2,562621,1,1,4
49,163217,85909,0.526,18,1,107507,4,1,3
39,262717,126534,0.482,4,0,187450,1,1,1
58,492779,59238,0.12,17,1,247644,1,1,2
39,309061,158808,0.514,23,1,734983,0,1,3
51,156643,21209,0.135,15,2,960652,2,1,3
65,199767,114988,0.576,17,1,238038,1,1,2
38,163252,20372,0.125,5,0,511511,3,0,0
21,131022,59040,0.451,30,0,602644,3,1,2
54,173077,59575,0.344,7,0,591202,1,1,0
52,287499,59120,0.206,28,2,996364,1,1,3
26,40808,7005,0.172,1,0,501590,4,0,0
26,38135,19609,0.514,3,1,245739,3,1,1
53,80948,38002,0.469,3,0,990520,0,0,0
27,469076,67507,0.144,15,0,241225,5,0,1
52,306616,172093,0.561,20,0,979114,0,1,1
43,243461,107518,0.442,28,2,338384,3,1,4
51,443332,86029,0.194,7,0,29336,0,1,0
24,334099,66240,0.198,30,2,711028,3,1,4
49,24426,11919,0.488,1,2,441048,4,1,2
21,196743,95306,0.484,29,0,526492,1,1,3
61,471801,243083,0.515,26,0,623222,4,1,0
37,229329,66215,0.289,28,1,868584,0,0,2
43,133688,51473,0.385,27,0,490834,2,1,1
25,408455,214987,0.526,15,2,249243,2,0,4
41,43989,14915,0.339,25,2,352414,0,1,4
43,390416,21241,0.054,5,0,702922,5,1,0
49,434841,240796,0.554,14,0,253317,5,1,0
35,478317,48309,0.101,13,2,853725,2,0,3
60,159883,29272,0.183,16,2,747852,1,1,3
45,261131,33328,0.128,16,2,812283,2,1,4
42,345905,43870,0.127,23,1,123765,1,1,3
21,217227,104186,0.48,29,2,260220,1,1,4
51,484118,221204,0.457,10,1,298335,3,0,0
18,469962,98783,0.21,18,1,972892,5,1,3
45,220191,86051,0.391,10,2,370858,4,0,2
57,104289,25022,0.24,8,2,682773,4,0,1
62,425513,73323,0.172,9,1,564983,2,1,1
18,498879,112096,0.225,29,2,610032,2,1,4
56,433274,156385,0.361,14,0,839953,4,0,0
37,495828,253922,0.512,18,0,706673,0,0,1
58,263588,39681,0.151,1,0,982293,1,1,0
58,104700,17996,0.172,11,2,49812,2,1,2
24,240462,47998,0.2,7,1,963111,4,1,2
21,194870,79601,0.408,20,2,310001,3,0,4
65,233606,68353,0.293,15,2,362916,0,1,3
41,391994,50095,0.128,29,1,964572,1,1,2
40,457100,259205,0.567,21,1,168616,0,1,3
23,316292,117230,0.371,6,0,994620,3,0,0
22,173484,98526,0.568,26,1,192029,5,1,3
65,50106,21589,0.431,25,1,217583,2,1,2
39,48884,7708,0.158,8,0,319759,2,1,1
59,416489,183207,0.44,27,1,490238,5,1,1
64,315064,147228,0.467,5,1,920304,0,1,1
53,53872,15728,0.292,24,1,807015,2,1,1
51,295194,71216,0.241,29,0,545932,5,1,0
20,449392,30675,0.068,16,2,92268,0,1,4
49,316063,78155,0.247,18,0,201554,2,1,1
57,286317,114369,0.399,1,1,70305,4,0,0
23,207256,87912,0.424,17,2,655348,0,1,4
33,413605,104303,0.252,13,1,931298,2,1,3
40,111649,24477,0.219,19,0,217060,5,1,0
20,425105,29335,0.069,23,2,273586,1,0,4
29,170653,64722,0.379,5,2,147595,0,1,4
22,161880,77525,0.479,5,1,263031,2,1,3
39,272100,127746,0.469,2,1,608814,3,1,0
37,416981,122126,0.293,15,2,75277,2,1,4
58,114776,30991,0.27,26,1,628380,1,0,1
23,257113,100556,0.391,28,1,324264,4,0,2
29,310374,64778,0.209,10,1,556376,2,0,2
41,96361,27693,0.287,22,1,522154,2,0,2
37,215691,66842,0.31,20,2,289134,1,0,3
51,264629,133133,0.503,15,2,3849,0,1,3
53,74330,23689,0.319,29,0,526930,1,1,0
32,330586,108061,0.327,19,0,361719,5,1,1
18,80272,42164,0.525,4,2,738096,0,1,4
18,126121,7093,0.056,10,1,860335,5,0,1
52,202003,12674,0.063,21,2,259480,3,1,2
21,351356,138498,0.394,9,2,90009,2,1,4
59,286161,15451,0.054,13,2,221552,4,1,2
49,115667,59318,0.513,1,0,808301,4,0,0
20,73053,22568,0.309,11,1,558685,1,1,3
36,418499,143682,0.343,13,1,993666,1,1,2
34,194588,34061,0.175,11,0,475430,0,1,1
50,373973,97708,0.261,9,1,143927,2,1,1
55,497177,185903,0.374,4,1,654587,2,1,1
45,355377,160489,0.452,22,2,913081,0,0,4
60,49493,13003,0.263,28,2,138368,2,1,3
18,349317,36781,0.105,21,0,770692,0,0,1
62,329550,68059,0.207,19,2,775107,4,0,1
29,359387,40098,0.112,24,1,658966,0,1,3
42,262998,138663,0.527,23,0,353827,5,1,1
59,81753,24238,0.296,16,0,23408,4,1,0
22,281545,168926,0.6,17,2,745423,2,1,4
39,210920,116900,0.554,15,0,880214,4,1,1
62,25520,8687,0.34,21,1,647652,5,1,1
47,483509,255144,0.528,30,0,594557,2,1,2
51,275688,115107,0.418,11,1,786086,5,0,0
32,23453,9507,0.405,24,2,794760,0,1,4
64,254473,13640,0.054,29,1,685409,2,1,2
18,326081,148279,0.455,15,0,404015,0,1,3
41,265017,76696,0.289,7,0,58692,1,1,1
24,181081,104120,0.575,7,0,524480,0,1,2
20,60142,8700,0.145,11,1,423291,0,1,3
26,71831,38272,0.533,22,0,993778,3,1,2
36,200882,108361,0.539,9,0,917262,2,0,1
63,57405,7104,0.124,8,1,698802,1,0,0
57,227139,123094,0.542,28,0,76848,4,1,0
30,464972,7382,0.016,20,0,950906,1,1,2
57,493146,294341,0.597,4,2,417339,3,0,1
48,129162,13026,0.101,30,2,295809,5,1,3
51,468828,180607,0.385,15,0,878499,0,1,0
54,351119,168244,0.479,30,2,976351,1,1,3
45,144168,40710,0.282,28,1,953244,1,1,3
40,299518,86471,0.289,26,1,830948,4,1,2
30,59178,5053,0.085,16,2,300856,4,0,3
47,489725,11859,0.024,10,2,756942,0,1,3
40,393393,12485,0.032,17,1,945957,0,0,2
55,294370,98405,0.334,29,0,687069,4,1,0
44,399747,163598,0.409,22,1,445414,4,1,2
21,437247,211614,0.484,23,1,374743,3,1,3
25,110880,8748,0.079,22,1,867196,4,1,3
32,390180,155331,0.398,24,1,426673,5,1,3
46,98278,17391,0.177,13,1,382865,1,1,2
50,201429,91908,0.456,6,2,486675,3,1,2
27,463842,28386,0.061,3,2,290446,4,1,2
52,393747,212306,0.539,27,0,201202,5,1,0
52,446149,262438,0.588,14,1,445872,3,0,0
32,187679,88178,0.47,26,2,778754,4,1,4
46,90014,13210,0.147,11,1,522313,4,1,1
37,133711,16094,0.12,24,2,792173,1,1,4
38,186667,35257,0.189,4,1,922736,1,1,2
42,438829,19026,0.043,11,0,969617,2,1,1
38,242123,41182,0.17,9,2,491006,0,1,3
27,20917,6874,0.329,1,2,777475,0,0,2
64,149744,64821,0.433,14,1,437651,1,1,2
60,397038,91795,0.231,8,1,659987,5,1,0
30,39404,23241,0.59,5,0,674533,1,1,2
43,390250,29519,0.076,12,2,994453,3,0,2
37,321494,182295,0.567,14,1,415466,4,1,2
65,341690,110686,0.324,24,2,947272,2,0,2
48,428376,192655,0.45,15,2,140148,5,0,3
56,410452,10750,0.026,12,0,511760,1,1,0
24,448395,122305,0.273,2,2,485651,1,0,2
27,65619,24539,0.374,3,0,65149,0,1,0
57,372365,119879,0.322,8,0,361309,3,1,0
45,428624,194052,0.453,13,0,831257,5,1,1
22,460511,50541,0.11,10,1,714647,2,0,2
40,432736,221310,0.511,10,0,423350,1,0,0
42,315599,164090,0.52,12,0,611726,1,1,1
56,257068,48856,0.19,9,1,421594,4,1,0
61,137797,22618,0.164,28,2,293624,2,1,3
33,484310,195246,0.403,4,2,768223,5,1,4
43,446253,93059,0.209,7,0,633676,2,0,0
55,403095,128099,0.318,21,1,54722,3,1,1
49,346053,77391,0.224,23,1,768184,5,1,2
52,244137,91402,0.374,27,0,926522,4,1,0
58,374590,34437,0.092,21,1,964179,5,1,1
62,293022,7985,0.027,18,0,565523,3,1,0
32,202220,118936,0.588,24,1,103751,1,1,4
40,359629,79055,0.22,8,2,470489,2,1,4
35,470046,202478,0.431,13,1,689884,5,1,3
30,377546,35676,0.094,30,0,181871,0,1,2
27,255998,52574,0.205,20,1,577952,0,1,4
64,170528,79795,0.468,3,2,275553,0,1,2
25,208487,23074,0.111,30,0,751722,1,1,2
28,473222,118502,0.25,17,0,502175,1,1,2
23,196469,18233,0.093,6,0,680428,2,1,1
58,390608,222314,0.569,19,2,154455,0,1,4
23,162482,85055,0.523,6,1,992805,4,1,3
21,326901,126008,0.385,11,1,226572,3,1,2
63,222834,92225,0.414,28,2,710381,2,1,4
59,32497,7863,0.242,8,0,780734,3,0,0
61,405946,66576,0.164,15,2,350679,5,1,2
51,287842,71809,0.249,24,1,162421,1,1,1
36,290146,74783,0.258,5,2,911289,2,0,3
32,496322,197971,0.399,9,0,818731,1,1,1
29,141987,25566,0.18,16,2,530799,0,1,4
19,286909,156426,0.545,26,0,111576,3,1,2
50,459155,109188,0.238,15,1,590073,5,1,1
63,174648,36508,0.209,24,0,977785,4,1,0
38,269819,149098,0.553,22,2,975039,2,1,4
27,73592,12347,0.168,17,2,135370,4,1,4
55,433532,81996,0.189,9,2,518895,1,1,2
47,288042,23395,0.081,12,2,689753,4,1,3
45,220569,99813,0.453,9,2,293561,4,0,2
51,262934,137659,0.524,25,0,710070,5,0,0
59,354517,170289,0.48,21,2,599248,5,1,3
62,475887,52111,0.11,30,2,120592,0,1,3
65,348269,122509,0.352,3,1,237069,4,1,0
44,69420,14968,0.216,21,2,664635,5,1,3
51,304697,160438,0.527,5,1,142867,5,0,0
35,357283,10368,0.029,14,1,391180,3,0,1
61,440258,94424,0.214,3,2,149395,3,1,0
65,161355,23279,0.144,24,0,809340,0,1,0
53,391852,197453,0.504,26,1,100260,5,0,1
33,155899,67653,0.434,4,0,506713,3,1,1
25,483639,205462,0.425,11,2,473288,4,1,4
24,449559,63219,0.141,19,2,689129,4,1,4
35,379281,43084,0.114,21,0,147878,3,1,1
62,432310,193868,0.448,30,1,255927,1,0,1
23,323391,155673,0.481,15,1,770655,0,1,4
37,88207,11519,0.131,27,2,111426,1,0,3
22,79807,37247,0.467,6,2,957973,0,1,4
65,366870,163458,0.446,10,2,275848,3,0,1
58,438632,137886,0.314,10,2,671868,4,1,1
40,359997,199840,0.555,28,1,163052,0,1,3
47,130966,11782,0.09,9,0,419149,2,1,1
51,128297,43346,0.338,11,0,989588,5,1,0
19,330091,183296,0.555,10,1,366645,2,0,3
35,212994,120700,0.567,27,1,957071,5,1,3
59,429675,168515,0.392,13,2,661237,1,0,1
44,399162,140758,0.353,8,2,555710,5,0,2
60,478768,218456,0.456,24,0,811527,4,0,0
53,481595,99837,0.207,29,2,356427,4,0,1
62,142035,57347,0.404,29,0,741570,3,1,0
36,294892,157169,0.533,21,0,649242,3,1,1
19,55733,9319,0.167,16,1,170948,5,0,2
62,54578,25950,0.475,2,0,781738,5,1,0
64,217539,50896,0.234,7,2,735122,5,0,1
64,83928,46107,0.549,9,1,83793,4,0,0
21,80380,35497,0.442,13,1,825992,1,1,4
21,479922,212288,0.442,21,0,887198,2,1,3
27,382811,95071,0.248,17,1,407974,4,1,3
41,153248,38654,0.252,21,2,374169,1,0,3
49,20320,9654,0.475,28,0,973417,1,1,1
21,275083,146842,0.534,26,2,634151,1,1,4
59,235834,20216,0.086,22,1,876336,1,1,2
47,230515,107171,0.465,25,0,856841,3,1,1
59,464718,34092,0.073,22,0,171541,0,1,0
60,181050,92592,0.511,16,1,441503,1,1,2
43,65256,30097,0.461,25,1,939695,3,1,2
19,48992,18746,0.383,28,1,144282,1,1,4
56,167735,98076,0.585,10,1,142157,4,1,1
31,172225,10247,0.059,26,1,923639,5,1,3
33,151004,58687,0.389,25,0,551852,3,1,1
55,224994,22046,0.098,13,2,533903,2,1,2
56,54782,25173,0.46,6,0,72684,5,0,0
63,255295,86422,0.339,12,0,942760,5,1,0
40,266375,158466,0.595,14,2,372778,0,0,3
52,143664,25955,0.181,19,1,868277,5,1,1
23,29726,16672,0.561,22,1,866220,4,1,4
42,50791,14462,0.285,1,2,979551,2,1,2
43,88111,44522,0.505,20,1,821186,0,1,3
64,306848,99913,0.326,29,1,69639,4,1,1
22,25594,12531,0.49,12,0,651539,0,1,2
36,125573,12130,0.097,13,2,500364,4,0,2
62,474485,269179,0.567,8,1,541529,2,1,1
60,76396,38691,0.506,9,2,609007,2,1,3
43,66121,20882,0.316,6,1,356778,2,1,2
63,382355,140909,0.369,17,1,476379,0,1,1
64,348055,156818,0.451,7,0,978243,0,1,0
55,312717,101907,0.326,11,2,886388,4,0,1
42,339868,91133,0.268,22,0,540277,3,1,0
24,372621,215553,0.578,11,1,767976,4,0,2
43,430520,112573,0.261,29,2,269152,3,0,3
52,110909,25827,0.233,17,2,340687,5,1,2
42,152018,19693,0.13,10,2,95790,4,1,3
55,281439,16350,0.058,25,1,101894,5,0,0
24,327580,16569,0.051,6,2,832307,0,0,3
51,21539,5912,0.274,4,2,860661,1,0,1
52,117799,17242,0.146,4,1,795379,2,1,1
49,275821,53785,0.195,28,0,682511,2,0,1
34,465990,141109,0.303,26,2,212456,3,0,3
39,158442,76947,0.486,30,1,375897,4,0,1
43,25209,11533,0.457,6,1,155666,4,1,2
54,60696,7080,0.117,10,0,157195,5,1,0
29,259350,31140,0.12,1,2,427709,4,1,2
56,417172,21555,0.052,22,1,411906,2,1,2
61,118234,46850,0.396,18,0,554081,4,0,0
19,39627,23565,0.595,10,0,317942,0,0,1
56,488379,128099,0.262,19,2,274864,0,0,2
39,92095,45388,0.493,23,0,87593,4,1,1
32,388582,5924,0.015,27,2,595330,2,1,4
46,494062,16781,0.034,12,2,298277,4,1,3
37,319182,92939,0.291,19,0,750018,4,1,1
33,451436,261008,0.578,28,1,318796,4,0,2
54,111563,35720,0.32,10,2,443599,5,1,1
42,184145,102624,0.557,17,1,714221,5,0,2
35,334557,70066,0.209,14,1,113978,3,0,1
45,431826,137151,0.318,27,2,448648,3,1,3
56,366717,204948,0.559,5,0,831635,5,1,0
35,258657,74806,0.289,12,2,170956,1,1,4
56,320340,175521,0.548,14,1,242037,4,0,0
58,458976,26042,0.057,11,2,924373,5,0,1
50,416178,149923,0.36,27,0,314493,0,1,0
52,427137,234502,0.549,3,1,651084,5,1,0
63,416103,199795,0.48,23,2,51413,4,1,3
38,353720,123248,0.348,1,1,922262,2,1,0
47,304236,136562,0.449,18,2,642510,0,1,4
56,41398,6882,0.166,13,1,265303,2,1,1
65,235379,34320,0.146,21,0,212792,4,1,0
65,68940,18900,0.274,17,2,716435,4,1,2
19,443448,66497,0.15,18,0,624773,2,0,1
55,20901,11060,0.529,11,1,789313,2,0,1
35,271839,64251,0.236,29,0,836642,5,1,1
42,464844,66360,0.143,28,1,913898,1,1,3
36,338488,189847,0.561,22,2,551752,0,1,4
50,103791,29299,0.282,8,2,906641,1,1,3
23,296319,142263,0.48,11,2,735518,1,1,4
35,369115,97759,0.265,20,0,423240,3,1,1
21,47856,21655,0.453,15,2,137080,3,1,4
22,86323,43990,0.51,18,2,478977,4,1,4
65,196318,12533,0.064,9,1,377972,2,0,0
59,462252,255231,0.552,13,0,226377,3,1,0
40,62598,31407,0.502,7,0,935062,4,1,1
22,499222,22118,0.044,25,2,269745,3,1,4
30,378009,212718,0.563,28,1,159094,5,1,3
52,442481,168402,0.381,22,0,201682,5,1,0
33,303007,56415,0.186,9,2,250072,3,1,3
31,338384,10586,0.031,6,2,769565,2,1,4
25,56561,14947,0.264,16,2,1577,0,1,4
30,447014,233506,0.522,10,1,72227,0,1,3
63,428727,81106,0.189,26,2,343154,5,1,2
20,33386,14381,0.431,29,1,416690,1,0,3
25,173778,47771,0.275,16,1,463930,0,1,4
46,167646,88255,0.526,22,2,717186,5,1,4
40,302152,75474,0.25,10,0,262048,1,1,1
54,42504,21766,0.512,17,2,404911,4,1,3
65,31516,6340,0.201,17,2,825169,1,1,3
32,297530,109718,0.369,18,2,220935,2,1,4
47,87443,34424,0.394,13,0,41505,5,0,0
31,438680,119012,0.271,2,1,821190,4,0,0
31,335783,119010,0.354,22,1,523472,4,1,2
47,477820,282948,0.592,21,1,669986,4,1,2
34,82287,46401,0.564,23,1,687235,4,1,3
47,461733,212440,0.46,7,0,874820,4,1,0
57,308456,71985,0.233,25,1,975112,2,1,1
39,469813,181284,0.386,6,2,953197,0,1,3
41,387747,16523,0.043,29,1,23834,2,1,3
50,407355,15345,0.038,9,2,815331,3,1,2
30,353936,136300,0.385,11,2,561340,1,1,4
35,315830,81981,0.26,19,1,920313,1,1,3
59,240934,118221,0.491,22,1,278720,3,1,1
60,480572,109186,0.227,15,1,581042,2,0,1
24,254453,37574,0.148,25,2,204603,2,1,4
46,236597,83282,0.352,20,1,159132,2,1,3
34,250693,124181,0.495,23,0,328910,5,1,1
20,101463,39678,0.391,19,0,958379,1,1,2
46,55525,31532,0.568,1,2,893824,2,1,3
33,487435,37634,0.077,29,1,194215,1,1,3
24,218763,125654,0.574,2,1,533484,3,1,1
33,405350,106010,0.262,2,1,780721,4,1,1
58,134003,13320,0.099,22,2,731636,1,0,2
35,233893,19380,0.083,1,2,580118,1,0,2
44,130776,45544,0.348,16,2,533285,5,1,3
52,472686,118218,0.25,23,0,107041,0,1,0
24,69768,25028,0.359,14,1,3174,1,0,2
51,405693,232043,0.572,21,1,596923,0,1,2
29,389359,155056,0.398,15,1,98970,3,0,2
63,172049,55617,0.323,2,2,874609,4,1,0
27,309304,50156,0.162,16,2,674932,5,0,3
41,314311,115957,0.369,24,0,686736,4,1,0
41,285864,24267,0.085,17,0,315508,1,1,1
57,432601,219730,0.508,21,0,720785,4,1,0
65,326899,38324,0.117,18,0,51272,5,1,0
48,247459,59675,0.241,24,2,153706,3,0,2
54,309014,42394,0.137,26,1,799448,1,1,1
45,429008,126169,0.294,21,2,375233,0,1,4
20,451978,159672,0.353,23,1,937314,3,1,3
24,488013,220341,0.452,4,0,842549,5,1,1
56,229755,16397,0.071,16,2,437480,5,1,2
43,196326,45096,0.23,26,0,770348,3,0,0
47,484432,30739,0.063,26,0,15116,5,0,0
51,473355,162977,0.344,21,1,486121,0,1,1
65,25499,11273,0.442,20,2,660354,3,1,3
53,355949,73367,0.206,19,1,863787,4,1,1
35,380971,25659,0.067,27,1,620253,4,1,2
24,352255,170637,0.484,20,2,375348,2,0,4
32,229087,5534,0.024,21,0,902152,2,0,1
34,66233,6172,0.093,25,2,106311,1,1,4
31,129321,5363,0.041,23,1,396456,1,1,3
34,111074,48965,0.441,19,0,891659,3,0,1
21,211313,7244,0.034,19,1,330763,0,1,4
23,49063,9732,0.198,19,2,380350,0,1,4
28,96411,49340,0.512,4,1,684500,3,0,1
53,43004,14065,0.327,12,0,448013,5,1,0
47,47302,16283,0.344,24,2,749702,0,1,4
55,414485,12868,0.031,12,1,608811,1,1,1
55,160183,68753,0.429,24,0,808183,5,1,0
56,447991,194216,0.434,27,1,810935,3,0,0
44,468073,127989,0.273,25,1,768543,1,1,3
28,301366,104041,0.345,25,1,303446,4,1,3
19,360497,167478,0.465,1,0,548065,3,1,0
35,145549,45701,0.314,24,0,181789,3,0,0
50,381390,217803,0.571,10,2,497873,4,0,1
40,328474,92759,0.282,1,1,309044,0,1,1
47,178901,85908,0.48,19,0,447746,1,1,2
29,473505,163666,0.346,12,1,141900,4,1,2
43,465527,149587,0.321,16,2,766887,5,1,3
49,325934,73580,0.226,13,0,261578,1,1,1
32,74633,22143,0.297,7,2,794878,3,1,3
18,246179,93074,0.378,12,1,502716,4,1,2
44,455686,192535,0.423,30,0,893182,3,1,1
48,76116,18161,0.239,25,1,20836,0,0,2
45,441175,87018,0.197,5,1,394093,1,1,2
59,365452,187639,0.513,26,1,465994,1,1,2
58,266983,90092,0.337,19,1,964266,0,0,1
32,337188,78948,0.234,19,1,217394,1,1,3
20,135260,47292,0.35,18,2,757666,5,0,3
51,401032,170837,0.426,4,0,245160,4,0,0
22,274817,24177,0.088,1,2,723807,1,0,2
44,418167,242474,0.58,14,1,900853,1,1,3
26,414051,23646,0.057,2,0,299479,5,0,0
48,392078,124975,0.319,16,2,366378,1,1,4
64,353260,208662,0.591,27,1,277483,5,1,1
39,166800,11997,0.072,18,0,975601,3,0,0
48,84926,45633,0.537,23,1,307124,3,0,2
45,460847,185388,0.402,21,2,277648,1,1,4
31,204381,32043,0.157,4,2,819564,3,0,2
61,475796,44236,0.093,23,1,805855,1,1,1
27,349061,78690,0.225,28,2,286100,0,1,4
56,219757,29660,0.135,30,0,479280,0,0,0
60,50270,15386,0.306,4,1,65184,4,1,0
50,331741,175204,0.528,11,0,495395,1,0,0
24,24025,13283,0.553,16,1,730070,3,1,3
42,61115,16780,0.275,24,0,473006,5,1,1
62,168866,24881,0.147,21,2,226024,2,1,3
62,381445,19390,0.051,20,0,225121,4,1,0
30,123920,15748,0.127,2,2,547026,5,0,1
59,495450,282267,0.57,9,0,495898,1,1,0
56,172948,13949,0.081,27,2,517200,3,0,1
21,189957,58144,0.306,5,1,180427,3,1,2
31,71012,26560,0.374,19,1,533008,5,1,2
52,434336,155862,0.359,28,0,178446,3,1,0
36,410508,186323,0.454,20,0,19156,0,1,2
27,479822,236226,0.492,30,2,461691,5,1,4
35,232986,101176,0.434,29,1,256427,5,1,3
51,429414,157483,0.367,18,1,145338,0,1,2
37,362424,155939,0.43,12,1,923882,5,1,2
40,123215,18180,0.148,6,2,954435,0,1,3
22,451723,96493,0.214,28,2,965265,1,1,4
47,164491,19457,0.118,17,2,557373,0,1,4
51,53477,20857,0.39,6,0,340281,2,0,0
61,261422,88021,0.337,6,1,666980,1,1,1
20,364572,131044,0.359,16,0,505350,4,1,1
21,400041,142815,0.357,17,1,319186,4,1,3
38,227383,74093,0.326,4,2,570850,2,1,3
54,209607,103991,0.496,22,2,828894,3,1,3
30,262330,68749,0.262,17,0,491874,0,1,2
30,32467,13257,0.408,20,2,94202,1,1,4
27,281176,125871,0.448,22,0,529954,2,0,2
43,405546,211717,0.522,7,0,915639,1,1,1
28,232204,104397,0.45,9,2,973215,3,1,4
33,124843,65102,0.521,7,0,113034,5,1,1
19,384543,19549,0.051,20,0,740686,3,0,0
25,376004,29624,0.079,20,0,478997,1,1,2
54,355325,180858,0.509,10,2,496297,2,1,3
35,124672,31639,0.254,22,1,32930,1,1,3
22,105366,18403,0.175,21,2,261420,3,1,4
44,318845,139457,0.437,13,2,581529,1,1,4
45,125185,41404,0.331,15,1,703023,2,1,3
46,245461,42500,0.173,26,2,488195,5,0,3
50,152965,18753,0.123,11,2,469984,4,1,1
55,88653,41929,0.473,27,2,193646,1,1,4
45,280710,66720,0.238,11,1,991827,2,0,1
19,433905,132101,0.304,12,0,494527,1,0,1
48,427561,106489,0.249,12,1,354388,0,1,2
65,340176,120074,0.353,10,0,254957,1,1,0
61,395833,151692,0.383,30,2,9472,4,0,1
64,385406,71060,0.184,24,2,355050,4,1,2
55,424653,174176,0.41,11,0,143988,5,0,0
38,127967,72847,0.569,26,1,239646,1,1,3
43,308137,166564,0.541,22,0,715637,4,0,0
40,476104,74351,0.156,29,1,758171,5,0,1
60,109051,32867,0.301,8,2,746716,4,1,2
59,295107,54434,0.184,26,1,641857,0,1,1
59,102867,42528,0.413,22,0,458818,5,1,0
23,184404,95937,0.52,26,1,986710,1,0,3
65,70387,28104,0.399,1,0,449274,0,0,0
62,367613,82928,0.226,15,2,266285,2,0,2
30,210912,64902,0.308,10,2,50711,3,0,3
57,54831,25026,0.456,17,2,915381,0,1,3
21,430922,158412,0.368,3,0,870793,2,0,0
56,61256,16241,0.265,18,2,113606,2,1,3
50,370052,152631,0.412,15,1,13288,3,1,1
53,202047,10147,0.05,13,0,281787,2,1,0
18,211812,117255,0.554,19,1,937687,2,1,4
54,345812,174635,0.505,4,0,597457,1,0,0
53,251807,29363,0.117,7,2,997414,4,0,1
38,344368,192727,0.56,28,2,906482,0,1,4
65,446221,26602,0.06,26,2,923577,2,1,3
58,276210,131545,0.476,16,0,906630,5,1,0
59,259647,73681,0.284,11,0,848964,4,0,0
50,351747,107499,0.306,18,0,818749,0,0,0
23,139415,54833,0.393,29,2,331612,3,1,4
61,342790,202327,0.59,11,1,288642,2,1,2
37,436313,107511,0.246,25,0,23525,4,0,0
31,253312,34483,0.136,2,0,15733,4,1,0
29,182434,91489,0.501,25,0,77597,0,1,2
20,212941,26059,0.122,25,2,148620,3,0,3
48,364043,33718,0.093,2,1,991052,5,1,0
59,395595,5767,0.015,24,2,904574,0,1,3
20,57260,14730,0.257,26,0,596093,4,1,1
59,63723,14699,0.231,2,2,583526,1,1,1
47,291623,80361,0.276,25,2,124232,2,1,4
42,160562,26252,0.164,11,2,241535,2,0,3
36,325023,193337,0.595,10,0,340134,3,1,0
36,229124,111080,0.485,15,2,388742,1,0,4
22,421072,174241,0.414,5,1,691150,4,0,1
60,395574,223976,0.566,11,1,665329,4,1,1
55,474529,39160,0.083,6,1,669745,5,0,0
35,251322,10544,0.042,8,1,587536,5,0,1
23,70713,25390,0.359,12,2,528269,5,1,4
65,401382,100335,0.25,18,0,649868,4,1,0
32,186963,96009,0.514,25,0,991457,2,1,3
52,278789,154634,0.555,10,2,633669,0,1,3
29,368292,50890,0.138,11,0,137821,3,1,0
44,482427,61017,0.126,12,0,535848,1,0,0
39,315267,99346,0.315,23,1,717997,4,0,1
32,65406,7024,0.107,11,1,520112,2,1,3
20,401433,194773,0.485,25,0,99764,2,1,3
35,332712,114349,0.344,23,0,619256,0,1,2
61,463931,204294,0.44,27,1,919283,2,1,2
29,287201,154805,0.539,22,2,150685,4,0,4
50,468934,41445,0.088,14,0,833650,3,1,0
28,398232,165897,0.417,8,0,913946,2,0,1
62,407932,100251,0.246,29,1,410259,1,0,1
49,487993,267597,0.548,9,0,611650,0,1,1
65,446904,222912,0.499,19,2,235851,5,0,2
39,127724,9792,0.077,15,1,838018,3,1,1
50,124647,40031,0.321,18,1,760691,3,0,0
59,340038,92640,0.272,14,1,727,3,0,0
30,80091,19842,0.248,18,2,205603,0,1,4
39,494319,164912,0.334,10,1,398640,1,1,2
33,422431,175457,0.415,18,0,339606,4,0,1
50,234168,94876,0.405,17,2,387128,2,1,3
36,486612,274670,0.564,24,0,199121,5,1,1
56,494599,55248,0.112,1,0,993205,0,1,0
51,282739,34592,0.122,4,1,324809,4,0,0
33,174841,30020,0.172,29,1,871806,0,0,3
57,456221,138922,0.305,17,0,798385,2,1,0
34,488255,257712,0.528,6,2,229016,1,0,3
37,484837,75400,0.156,5,1,363308,1,1,2
62,35385,14336,0.405,14,1,560309,5,1,1
46,235657,47719,0.202,17,1,473319,3,0,1
65,164407,49140,0.299,22,2,165912,2,1,3
43,77480,27754,0.358,8,1,792425,5,0,1
45,72066,21138,0.293,17,2,878691,5,1,3
54,145604,8435,0.058,2,2,714995,3,1,0
55,335158,168898,0.504,26,2,283466,3,1,3
31,321173,6737,0.021,3,0,609762,2,1,0
29,261474,133692,0.511,7,1,973751,3,1,3
32,320242,9655,0.03,22,0,3771,3,1,1
40,340580,112779,0.331,28,1,485319,0,0,2
35,413056,94031,0.228,19,0,283135,0,1,2
51,283685,134237,0.473,14,2,364939,3,1,2
46,169328,23653,0.14,28,1,39339,5,1,2
63,427922,174303,0.407,6,2,518993,4,0,1
59,393410,31739,0.081,29,1,53019,2,1,2
35,40187,7327,0.182,8,1,346229,4,1,2
25,432774,35782,0.083,15,1,185784,4,1,3
57,338555,191278,0.565,30,2,395739,5,0,2
55,393403,235596,0.599,3,2,977262,1,1,1
36,226063,126211,0.558,11,2,294358,4,0,3
26,410447,243706,0.594,18,0,168751,4,1,2
31,347275,69280,0.199,19,2,641142,2,0,4
45,184052,72194,0.392,15,1,562080,1,1,3
39,124292,18777,0.151,11,1,309963,5,1,1
47,400161,124496,0.311,15,1,505180,0,1,3
61,98006,54863,0.56,5,1,276923,0,1,1
36,433151,183330,0.423,1,2,678387,0,1,3
49,223460,83608,0.374,30,0,784681,1,1,1
63,323255,103273,0.319,14,1,896650,2,1,1
63,187973,96271,0.512,22,0,918746,3,1,0
34,416448,107062,0.257,14,1,654287,4,0,1
46,271084,69340,0.256,5,1,823045,2,1,2
63,340903,180625,0.53,9,0,991464,2,1,0
27,438712,259640,0.592,17,0,603146,5,1,2
56,430423,106735,0.248,1,1,80771,4,0,0
52,432492,102459,0.237,6,2,428886,3,1,1
50,285785,92132,0.322,27,2,598411,2,1,3
59,47197,25719,0.545,26,0,846056,1,1,1
41,76747,11273,0.147,13,2,615516,1,1,4
44,201902,111718,0.553,8,2,214560,3,1,3
49,441743,151701,0.343,27,0,476492,4,1,1
54,411407,207617,0.505,11,1,828804,4,1,1
20,65117,30708,0.472,7,0,789622,1,1,2
25,412144,153531,0.373,27,0,178157,0,1,2
65,201383,94494,0.469,28,1,810364,0,1,2
46,277137,43931,0.159,16,0,771279,2,1,1
46,90248,31201,0.346,12,2,250768,0,1,3
65,253867,117223,0.462,25,2,926097,5,1,3
55,355863,156733,0.44,25,1,643012,1,1,2
42,444031,165637,0.373,26,1,612766,2,0,2
23,67098,5132,0.076,23,0,331065,2,1,2
63,144693,49223,0.34,8,2,330515,2,0,1
61,156225,15481,0.099,7,1,718960,5,1,0
63,108887,21006,0.193,22,0,142012,2,0,0
27,263554,20187,0.077,18,0,150635,2,0,1
53,480478,193297,0.402,11,1,279365,2,1,2
34,192903,47933,0.248,12,0,102951,2,1,1
36,456526,74893,0.164,16,1,920243,2,1,3
27,246118,17336,0.07,4,0,82212,3,1,1
42,378278,171526,0.453,10,0,289372,5,1,1
21,496899,204899,0.412,25,0,99862,2,1,3
56,450423,55255,0.123,1,1,42438,2,1,0
19,308102,155840,0.506,11,1,337766,3,0,2
19,307740,80791,0.263,7,0,154404,0,1,1
25,289388,142444,0.492,2,0,85501,2,1,1
43,427110,246656,0.577,7,2,540997,2,1,4
23,171152,58412,0.341,29,1,846278,0,0,3
18,440466,90765,0.206,18,1,737371,2,1,4
20,104433,13168,0.126,14,2,324058,0,0,4
46,88515,28524,0.322,26,0,613008,5,1,1
21,111141,34171,0.307,21,0,996836,0,1,2
56,42995,19605,0.456,24,0,689197,5,1,0
41,30514,12233,0.401,15,1,833147,1,1,3
63,419472,113684,0.271,1,0,619225,4,1,0
64,147602,31205,0.211,3,2,301517,3,0,0
46,252362,24239,0.096,17,0,868408,3,0,0
27,178058,91907,0.516,6,2,199542,2,1,4
62,397636,111629,0.281,1,1,647601,5,1,0
25,38482,19511,0.507,6,0,54213,5,1,1
18,25435,13493,0.53,4,1,920267,5,1,3
28,189251,6587,0.035,1,0,60561,0,1,0
41,46751,10406,0.223,23,0,847848,1,1,1
48,278245,147658,0.531,24,2,922826,4,1,4
27,459717,193206,0.42,25,1,142321,1,1,4
37,258634,143905,0.556,7,1,641629,1,1,3
18,98113,36095,0.368,1,2,167809,4,1,2
29,266549,90395,0.339,18,0,820509,5,1,1
31,105283,49484,0.47,11,2,188726,4,1,4
19,200645,47733,0.238,1,0,637514,2,0,0
46,191172,9944,0.052,26,1,423206,1,1,3
59,51629,9811,0.19,15,1,802207,1,1,2
18,282199,93697,0.332,10,1,342864,5,0,1
18,343923,174524,0.507,19,0,679363,0,0,2
39,69297,22257,0.321,11,2,292552,5,0,2
22,237984,5370,0.023,5,2,810194,5,1,3
34,246009,105565,0.429,30,0,532860,0,1,2
60,473112,48209,0.102,24,0,756355,4,1,0
35,473372,62175,0.131,2,0,392761,2,1,0
27,266592,20401,0.077,21,0,430779,2,1,2
58,226329,81693,0.361,9,2,136262,3,1,2
26,464475,260792,0.561,1,2,84667,5,0,2
51,383581,186689,0.487,14,0,833358,1,0,0
33,269301,50771,0.189,16,2,637031,5,1,4
46,411806,100057,0.243,10,1,427686,1,1,2
37,101238,34217,0.338,28,1,320032,1,1,3
27,179413,80603,0.449,1,0,79360,4,1,0
51,416172,144149,0.346,11,1,55612,2,1,1
34,427022,118096,0.277,10,0,619212,2,0,1
19,113476,54024,0.476,4,1,869241,0,1,3
39,223990,57683,0.258,10,1,630826,1,1,2
19,111679,30705,0.275,16,0,927476,1,0,1
61,296999,172241,0.58,14,0,150641,2,1,0
37,161203,71324,0.442,18,0,882865,1,1,2
47,105192,26618,0.253,10,2,519235,4,1,3
47,60088,16367,0.272,11,2,555673,5,1,3
48,345145,160049,0.464,9,2,209966,4,1,3
30,109506,13872,0.127,13,2,550996,5,1,3
58,72335,18541,0.256,22,1,887963,4,1,1
52,384925,89105,0.231,15,2,592141,5,0,1
34,481263,243922,0.507,29,0,538562,4,1,1
48,308569,115777,0.375,18,1,617752,4,0,1
45,402087,136074,0.338,3,2,258901,0,0,1
47,256436,45612,0.178,11,2,74804,5,0,2
25,387619,33314,0.086,12,1,349230,5,1,2
30,239516,106448,0.444,4,0,311372,1,1,2
30,494587,61176,0.124,13,0,517561,3,1,0
26,392448,111637,0.284,29,2,690527,0,1,4
47,201693,15892,0.079,30,2,953646,1,0,3
31,322138,121912,0.378,30,2,655920,2,1,4
47,408026,147667,0.362,15,1,234750,3,0,1
32,369454,74619,0.202,10,1,686143,5,1,2
61,70762,27684,0.391,30,0,255539,5,0,0
50,52583,19893,0.378,9,1,703288,4,1,0
42,119847,10295,0.086,13,0,551616,5,1,0
27,187984,43374,0.231,15,0,967386,0,0,1
22,212070,105434,0.497,25,0,692494,2,1,3
54,89672,51246,0.571,26,1,613398,2,1,2
26,347692,198435,0.571,27,2,597823,3,0,4
26,86188,21182,0.246,13,2,128938,3,1,4
50,467127,33067,0.071,19,0,466441,3,1,0
29,410845,62745,0.153,30,0,734782,3,0,0
38,156984,26514,0.169,9,1,661809,5,0,1
31,488224,99488,0.204,27,0,668036,0,1,2
40,401448,140797,0.351,30,1,612495,0,1,3
42,332719,165974,0.499,26,2,394411,5,1,4
64,41686,16662,0.4,19,1,454529,2,1,1
40,34915,5909,0.169,21,1,809052,0,0,2
49,137472,37624,0.274,26,0,900198,3,1,1
41,189708,15839,0.083,11,2,178901,1,0,3
26,45651,12195,0.267,1,0,865630,3,1,0
64,281413,123341,0.438,8,0,803789,3,1,0
37,434750,96270,0.221,26,0,498953,1,1,1
20,369937,206002,0.557,15,0,120627,4,1,2
21,496910,150800,0.303,7,1,358780,3,0,1
39,312759,18746,0.06,26,1,263389,0,0,2
60,88049,7801,0.089,26,1,204829,5,1,1
24,225704,12436,0.055,26,2,846626,0,1,4
48,216787,74409,0.343,25,2,521998,5,1,3
36,353024,9507,0.027,21,1,672225,5,1,2
32,419749,185467,0.442,9,0,12755,1,0,1
26,284159,113154,0.398,21,2,5829,5,0,3
41,254748,63418,0.249,19,0,919258,1,0,1
35,360459,36075,0.1,10,0,972048,3,1,0
46,123107,56529,0.459,25,2,751938,1,1,4
52,88122,7648,0.087,18,1,962816,4,1,1
20,72726,27211,0.374,9,0,188210,5,1,1
27,435333,195128,0.448,9,2,987933,4,0,3
24,268018,50798,0.19,24,1,489464,4,1,3
28,461144,104290,0.226,15,0,24142,5,1,1
62,339065,24797,0.073,28,0,833608,1,0,0
33,116160,51940,0.447,7,1,759112,2,1,3
20,366997,119614,0.326,14,1,79064,1,1,3
55,424189,127970,0.302,7,2,921806,1,0,2
21,29372,12928,0.44,1,2,637233,5,1,3
53,361559,214625,0.594,16,0,618636,0,0,0
23,475040,140797,0.296,6,0,485077,5,0,0
64,81305,17612,0.217,26,1,838569,1,1,1
47,302516,60355,0.2,13,0,713280,0,1,1
47,213080,94520,0.444,16,0,785838,0,1,2
41,205221,92640,0.451,1,0,852224,1,1,0
46,188369,59273,0.315,9,0,604091,5,0,0
34,226384,124627,0.551,28,1,989826,2,0,3
33,435882,152702,0.35,20,1,205591,4,1,3
33,229633,16351,0.071,9,1,627915,0,1,3
44,163573,7108,0.043,26,2,746714,3,1,3
49,402111,231280,0.575,27,0,405218,4,0,0
34,32780,12069,0.368,3,0,787941,5,1,0
65,398994,182946,0.459,5,1,894576,2,1,1
53,351922,25601,0.073,17,0,712345,5,1,0
45,497632,144152,0.29,8,1,407124,4,1,1
19,407435,103375,0.254,11,1,730281,4,0,1
56,166903,25125,0.151,20,0,804114,0,1,0
40,254241,58024,0.228,14,2,542112,5,1,3
48,187932,17975,0.096,30,1,864302,5,0,1
26,230481,36568,0.159,12,2,197173,5,1,4
60,94723,12226,0.129,4,2,897849,0,1,2
29,112416,7580,0.067,19,0,712755,1,1,2
20,216604,96760,0.447,12,1,185151,4,0,2
21,229486,6986,0.03,10,2,762857,1,0,4
48,279642,163187,0.584,1,2,826434,4,1,2
31,321041,186978,0.582,1,1,501935,2,1,2
58,190646,48284,0.253,5,2,173790,4,1,1
28,34318,6782,0.198,28,2,708032,3,0,3
36,367821,107320,0.292,22,1,513904,0,0,2
55,330768,80147,0.242,23,2,666469,0,0,2
22,165093,41943,0.254,25,1,443232,4,1,3
30,381858,8770,0.023,18,1,585136,3,0,1
62,373247,48744,0.131,2,0,694519,4,1,0
40,124733,45891,0.368,18,0,279302,0,1,1
45,175260,97615,0.557,15,1,347076,0,0,2
18,366883,67502,0.184,22,1,853152,0,0,3
33,20916,6708,0.321,23,2,476377,1,1,4
59,481442,107395,0.223,19,1,833160,1,1,1
41,277777,55044,0.198,3,1,731616,1,1,1
38,58546,29152,0.498,15,1,850122,0,1,3
38,450246,105819,0.235,8,1,863204,0,0,1
37,367625,93553,0.254,29,1,985616,3,0,1
21,251773,83210,0.33,23,2,743249,1,1,4
54,79884,5632,0.071,1,2,364716,3,1,0
43,30207,10591,0.351,14,2,454623,0,0,3
25,461887,80320,0.174,6,1,282081,2,1,3
31,249920,25047,0.1,30,2,700251,4,1,4
36,252084,43165,0.171,9,0,180680,2,1,1
62,406055,160855,0.396,18,0,574586,0,0,0
33,486705,108088,0.222,18,0,997714,5,0,0
20,485944,47678,0.098,8,2,724305,1,1,4
56,180527,43735,0.242,15,1,355752,5,1,1
65,280440,122919,0.438,6,1,696314,3,1,0
20,324866,34048,0.105,22,1,316855,3,0,2
35,254417,16292,0.064,7,2,341603,4,1,3
47,173329,88509,0.511,10,0,980812,0,1,1
54,212828,69085,0.325,17,2,64373,3,1,2
39,309962,6868,0.022,8,2,329408,0,0,3
30,431742,14340,0.033,9,2,360701,4,0,3
36,457455,246876,0.54,2,1,506767,4,1,0
30,236351,71540,0.303,15,1,789703,2,1,3
50,410300,104588,0.255,13,0,910294,2,0,0
53,169666,63382,0.374,8,2,651100,5,1,1
55,332768,14628,0.044,10,0,703454,2,1,0
60,368302,60264,0.164,9,2,529010,4,1,1
50,61476,23916,0.389,14,2,413270,5,1,1
56,239123,31962,0.134,15,1,299907,5,1,1
27,495759,228070,0.46,5,2,476186,5,1,4
62,40156,22713,0.566,28,2,701696,5,1,3
60,447195,60107,0.134,11,0,350041,1,0,0
23,124180,24924,0.201,26,2,735634,3,1,4
43,327422,102911,0.314,19,1,280488,1,0,2
61,283356,125385,0.442,10,0,885155,0,1,1
63,329717,81120,0.246,29,1,939077,1,0,1
32,93391,48463,0.519,13,2,881450,3,1,4
39,429142,36218,0.084,25,0,123182,5,1,1
39,201056,112292,0.559,16,0,991993,2,0,1
52,413900,133140,0.322,10,1,635589,3,1,0
64,225863,102798,0.455,14,2,591058,5,1,2
36,258972,95555,0.369,1,1,706050,2,1,1
52,207163,111565,0.539,6,2,38712,3,0,1
22,113608,40561,0.357,13,2,286539,4,0,3
45,271227,71333,0.263,18,2,676706,1,0,3
54,442970,68355,0.154,2,0,916390,4,0,0
49,206256,9833,0.048,7,2,172905,5,1,3
42,293839,132135,0.45,20,1,597726,3,0,1
64,425504,51978,0.122,5,1,917053,0,1,1
30,457922,133554,0.292,2,2,737996,2,1,3
35,249766,33460,0.134,4,0,31017,0,0,0
54,442593,38001,0.086,16,2,633676,0,1,3
48,65647,22129,0.337,29,0,916101,3,1,0
26,143014,19961,0.14,8,2,577158,0,1,4
34,229870,75765,0.33,29,1,805231,3,0,1
43,351146,51553,0.147,17,2,723486,4,1,3
33,29422,15858,0.539,18,2,489572,5,0,4
62,75797,24814,0.327,29,1,945032,3,0,0
52,411776,79034,0.192,19,2,887766,4,1,2
33,226232,97662,0.432,23,2,48591,2,1,4
28,98018,39318,0.401,1,2,645120,0,0,3
60,112508,51835,0.461,6,0,898886,3,1,0
37,392598,126906,0.323,17,2,322176,1,1,4
31,165763,39262,0.237,13,2,246661,0,0,3
30,259644,112461,0.433,15,2,100591,1,1,4
61,305356,25637,0.084,12,1,906185,2,0,0
53,69810,9761,0.14,15,2,16375,5,1,2
45,481638,185701,0.386,11,1,532669,3,1,1
56,352611,47623,0.135,29,0,151606,4,1,0
54,485882,165477,0.341,19,0,71325,2,1,0
60,290086,12548,0.043,17,0,706376,4,0,0
22,317180,44322,0.14,8,1,313612,4,1,2
25,103038,30128,0.292,30,1,918164,3,1,3
20,220015,129338,0.588,4,2,981489,3,1,4
35,136585,35346,0.259,29,0,898201,0,1,2
19,245784,19925,0.081,4,0,937612,3,0,0
25,314849,179981,0.572,22,1,184811,4,0,2
27,468540,123642,0.264,14,1,195428,3,0,1
25,305509,142098,0.465,12,1,141554,1,1,3
55,164905,7970,0.048,12,2,651712,1,0,2
32,412690,207272,0.502,30,0,14126,2,1,2
36,76344,6055,0.079,12,2,438092,3,1,3
23,418471,211019,0.504,5,0,577621,3,1,1
64,366874,24476,0.067,5,0,348737,2,0,0
33,134832,12507,0.093,26,2,181601,2,1,4
40,140360,67137,0.478,2,2,694025,1,1,3
40,85018,9027,0.106,9,1,192803,0,1,2
48,170853,62417,0.365,16,1,542613,4,1,2
46,37669,11474,0.305,24,0,492290,3,1,0
60,426489,184961,0.434,12,1,728408,2,1,2
24,107945,51194,0.474,25,1,893155,1,1,4
60,159728,10741,0.067,22,2,294977,0,0,2
33,470357,214304,0.456,16,1,355734,4,1,3
43,108952,27115,0.249,19,1,221576,3,1,2
22,352221,45644,0.13,20,1,254084,2,1,4
27,41711,10097,0.242,29,1,808508,2,0,3
22,484249,255309,0.527,27,2,578366,0,0,4
65,52543,30975,0.59,19,2,403273,1,1,4
60,185229,16322,0.088,21,2,820449,0,1,3
56,421461,101950,0.242,19,1,769890,4,0,0
21,490555,173217,0.353,8,2,475958,3,1,3
60,107122,14308,0.134,21,1,83211,0,1,2
34,408348,179012,0.438,26,1,835358,3,0,2
43,497936,130813,0.263,16,0,137116,2,1,1
52,276017,88108,0.319,13,1,49892,1,0,0
37,145702,78527,0.539,16,0,749980,3,1,1
65,364787,203937,0.559,16,2,580985,3,1,3
32,200160,78177,0.391,3,0,722153,2,0,0
39,221466,111885,0.505,20,2,187223,4,1,4
49,225599,82108,0.364,27,1,957508,5,1,2
35,299778,130520,0.435,18,1,990391,1,1,4
54,370500,37642,0.102,3,2,305019,3,1,0
35,84377,48967,0.58,26,0,311207,0,1,2
29,79567,46170,0.58,10,2,281035,3,1,4
58,486246,254465,0.523,14,2,282566,4,1,2
36,365271,97254,0.266,17,0,667372,0,0,1
41,312104,92695,0.297,19,2,264837,1,1,4
38,359401,22939,0.064,18,0,524324,4,1,1
52,355740,65071,0.183,22,1,29873,0,0,1
39,66638,16268,0.244,12,0,896811,5,0,0
36,27887,5414,0.194,19,2,24918,1,1,4
20,230171,121566,0.528,3,2,209496,2,0,3
44,235859,51566,0.219,25,1,128279,0,1,3
23,346212,160021,0.462,21,0,575657,1,1,3
21,225383,34655,0.154,11,0,931697,4,1,1
44,301039,157281,0.522,21,0,242718,5,0,0
24,171969,68083,0.396,21,1,621839,2,1,4
23,39346,7282,0.185,9,0,61596,5,1,1
41,173048,67863,0.392,20,1,848292,4,1,2
34,278445,11869,0.043,19,0,982236,3,1,1
32,239601,39033,0.163,30,1,455209,2,0,2
35,40044,6068,0.152,24,2,137046,3,1,4
48,274043,15411,0.056,28,0,324888,3,0,0
36,185458,13562,0.073,9,2,106147,5,1,3
46,436663,95415,0.219,5,0,457141,1,1,0
46,274451,45581,0.166,7,0,219700,1,1,1
55,445658,251514,0.564,12,2,834082,2,0,2
20,449791,225868,0.502,20,1,114427,1,0,3
53,145607,23298,0.16,5,0,167071,0,0,0
45,206061,16244,0.079,3,2,366042,3,1,1
44,234772,32180,0.137,9,0,227561,4,1,0
35,255654,93919,0.367,17,2,924914,4,1,4
32,67800,34090,0.503,24,0,699023,4,1,1
31,333588,170341,0.511,21,2,40318,2,1,4
23,176640,71577,0.405,16,0,433855,2,1,3
56,210766,21924,0.104,22,0,557132,3,1,0
32,430275,28052,0.065,27,0,748870,4,0,0
46,214941,50210,0.234,1,1,632899,4,0,0
18,298504,88038,0.295,22,1,348405,4,1,3
39,313271,139268,0.445,17,0,180786,1,1,2
24,201417,114606,0.569,5,0,464952,4,1,1
29,331869,91134,0.275,21,0,586373,1,1,2
25,111080,19298,0.174,4,0,491422,4,1,1
59,204750,36323,0.177,29,1,480579,4,1,1
29,330112,162591,0.493,20,0,580069,5,1,1
33,307795,61974,0.201,14,2,781707,4,0,3
32,155004,15220,0.098,11,1,945712,4,0,1
59,354398,149854,0.423,29,0,516404,3,1,0
60,92746,50702,0.547,21,1,128259,4,1,1
19,321037,176714,0.55,18,0,812741,2,1,3
61,120804,67107,0.556,26,1,474706,2,1,2
40,440641,188400,0.428,9,0,333838,2,1,1
20,495749,254091,0.513,24,2,773164,2,0,4
64,140601,53542,0.381,26,2,113693,1,1,3
42,282463,95005,0.336,15,2,479336,0,0,3
18,464161,60609,0.131,19,1,848333,5,1,3
44,47676,28028,0.588,29,0,167995,2,1,2
42,149851,64622,0.431,8,2,860405,1,0,3
50,309445,43015,0.139,13,1,873250,2,1,1
28,69262,29665,0.428,27,0,695519,4,1,2
26,275416,141311,0.513,5,2,889856,3,1,4
61,180811,36969,0.204,2,0,778492,3,1,0
43,351529,110153,0.313,3,2,980869,2,0,2
27,84450,43428,0.514,15,2,111126,1,1,4
45,60985,21558,0.353,4,2,278849,2,0,2
45,390512,151075,0.387,19,0,449110,3,1,0
60,221610,98103,0.443,15,0,33717,1,1,1
54,24646,11945,0.485,1,1,346407,0,0,0
45,90729,20701,0.228,17,1,962114,3,1,2
58,58665,20957,0.357,6,0,848352,5,1,0
30,152698,68822,0.451,22,1,164714,4,1,3
52,369033,20250,0.055,8,2,177696,3,1,1
54,154511,90848,0.588,4,0,472919,4,1,0
61,265259,15360,0.058,17,1,724155,2,0,1
25,47209,14983,0.317,8,0,617542,5,1,1
40,239437,90757,0.379,15,1,802364,2,0,2
53,361954,50380,0.139,3,0,851118,2,1,0
31,292667,50530,0.173,22,1,980546,3,1,2
42,176629,84782,0.48,15,1,968212,5,1,3
30,201844,57104,0.283,17,2,351444,2,1,4
29,434399,176510,0.406,6,0,228495,1,0,1
59,414461,177083,0.427,20,1,966196,4,1,1
64,349095,137724,0.395,10,2,479198,4,0,1
49,141701,83047,0.586,20,1,384467,1,0,2
46,199420,24154,0.121,12,1,314731,1,1,2
31,186020,105264,0.566,8,1,465787,4,1,3
24,199354,96725,0.485,14,0,448032,3,0,0
65,460258,54116,0.118,24,1,940101,5,0,0
33,142058,67751,0.477,13,0,415941,0,1,2
55,284509,102662,0.361,13,2,824255,4,1,1
47,69396,36912,0.532,20,0,490913,3,0,0
35,253725,19456,0.077,21,1,824356,0,1,3
34,27432,11189,0.408,8,2,646052,2,1,4
43,221447,67509,0.305,22,1,948170,5,1,2
25,44578,14243,0.32,29,0,596822,1,1,2
22,271366,131794,0.486,26,2,74442,2,1,4
64,153726,38758,0.252,13,1,690288,4,1,0
33,63563,23361,0.368,24,1,520581,3,1,2
21,254295,97479,0.383,4,1,384474,3,0,1
31,428224,92638,0.216,21,2,457291,0,0,4
21,304243,145721,0.479,19,2,172109,5,1,4
31,377509,15985,0.042,8,1,981086,0,1,3
49,269072,47923,0.178,16,0,501854,2,1,1
40,164013,6669,0.041,25,2,903805,3,0,3
30,40323,6126,0.152,2,1,520766,5,1,0
25,476295,12904,0.027,2,2,120035,3,0,1
63,285237,29918,0.105,8,0,714166,2,1,0
46,391030,65695,0.168,2,2,156837,4,1,1
51,58057,5597,0.096,5,1,269289,5,0,0
42,82040,48132,0.587,17,0,457864,5,1,1
40,340067,172644,0.508,15,0,768821,5,0,0
39,423078,133391,0.315,28,0,858312,0,1,1
27,376362,119462,0.317,12,2,280141,2,1,4
18,482748,10695,0.022,29,2,800667,3,1,4
62,241968,118831,0.491,13,1,882143,4,0,0
32,147521,57805,0.392,17,0,901624,3,0,0
22,314614,174573,0.555,24,1,134288,0,1,4
47,257677,36126,0.14,10,2,515474,2,0,3
21,168051,38746,0.231,10,2,524344,1,1,4
43,419769,38525,0.092,19,0,44348,3,1,0
33,431893,219096,0.507,22,0,252299,1,1,2
35,282063,54323,0.193,9,2,352053,1,1,4
45,21049,9129,0.434,8,1,459567,2,0,2
34,470399,78277,0.166,14,2,582438,4,1,3
45,268399,156365,0.583,2,1,623756,3,0,0
39,383890,21191,0.055,24,2,796961,3,1,3
50,177048,68116,0.385,23,1,510559,4,1,1
22,135064,58365,0.432,5,2,421396,3,0,3
27,88247,30198,0.342,21,0,693875,3,1,1
51,499351,52003,0.104,3,2,429865,5,1,0
41,266160,57800,0.217,6,0,673400,4,0,0
64,432610,58871,0.136,1,2,296751,5,1,0
25,347222,139763,0.403,15,1,102652,5,1,3
65,56282,22143,0.393,23,0,994320,3,1,0
40,225229,15547,0.069,10,1,264603,0,1,2
44,211889,43247,0.204,28,1,559865,1,1,3
38,164535,30474,0.185,8,2,460221,0,0,3
59,378635,91569,0.242,20,0,984131,4,1,0
59,73806,5260,0.071,25,0,341115,4,1,0
52,134780,29016,0.215,27,2,517447,0,0,2
53,171174,6924,0.04,24,1,739818,0,0,1
65,89767,43796,0.488,16,2,530624,0,1,3
43,315863,47017,0.149,9,1,342135,2,0,1
27,432955,104704,0.242,30,1,110234,3,1,3
65,365922,140853,0.385,1,1,313694,3,1,0
63,110481,57802,0.523,30,1,680722,2,1,2
22,266281,159088,0.597,1,0,453503,2,1,1
52,141682,69325,0.489,8,1,250476,3,0,0
52,321251,62888,0.196,13,1,516754,2,1,1
58,454584,118922,0.262,3,2,37570,1,1,1
57,372389,108187,0.291,11,2,98580,3,1,2
39,407476,184693,0.453,18,2,785339,4,1,4
38,379949,167776,0.442,27,2,2526,3,0,3
55,97338,12896,0.132,8,1,706931,4,1,0
20,477481,227159,0.476,17,2,231946,4,1,4
25,165476,75022,0.453,16,2,836429,4,1,4
21,22019,8319,0.378,17,2,389027,5,1,4
65,39465,23664,0.6,4,0,458189,3,1,0
59,109342,24171,0.221,18,0,186764,5,1,0
22,478236,54477,0.114,6,2,295215,3,0,3
53,275392,81762,0.297,8,0,244413,1,1,0
21,431263,24748,0.057,6,2,317952,0,1,4
41,356564,164978,0.463,24,2,66896,2,1,4
33,77153,22412,0.29,18,2,885978,5,1,4
23,368274,76942,0.209,18,1,275877,0,1,3
22,241404,8188,0.034,6,1,883781,5,1,2
46,243674,47120,0.193,24,2,823513,2,1,4
33,59986,13559,0.226,11,1,590439,0,0,2
26,178651,95810,0.536,12,1,420615,1,1,4
55,314740,109087,0.347,24,2,811441,1,1,3
49,310911,21347,0.069,16,2,528551,1,0,3
63,87546,12377,0.141,13,2,655408,2,1,2
56,380256,78414,0.206,26,2,572403,2,1,3
54,406910,13888,0.034,27,1,221432,5,0,0
21,250487,134686,0.538,16,2,686505,2,0,4
27,113616,40285,0.355,30,1,950128,4,0,2
40,471813,133344,0.283,22,0,652307,0,0,1
30,182818,91785,0.502,16,1,157029,5,1,3
22,211799,52046,0.246,2,2,9759,0,1,3
37,251329,62732,0.25,18,2,916536,0,0,3
34,55183,7389,0.134,5,1,639791,5,1,1
37,81742,37360,0.457,26,1,841908,5,1,3
53,497959,108591,0.218,22,1,944143,2,1,2
48,260660,42594,0.163,17,0,683550,1,1,1
38,483395,206664,0.428,4,1,832643,0,1,2
39,349287,125623,0.36,30,0,855542,3,1,1
33,35748,11406,0.319,19,0,653576,1,0,1
27,421736,228023,0.541,3,1,937302,0,0,1
33,406868,190639,0.469,4,2,710419,4,0,3
56,271749,84233,0.31,11,2,537717,4,1,2
35,428117,93815,0.219,14,0,166052,5,1,1
55,493026,136940,0.278,12,2,212650,4,0,1
35,429470,39512,0.092,17,0,225226,3,1,1
59,221484,55603,0.251,15,2,887743,2,0,2
43,169068,73811,0.437,12,1,456036,0,1,3
65,269120,120016,0.446,14,2,992008,2,0,2
53,29695,16483,0.555,12,1,653009,3,0,0
64,383584,161610,0.421,27,1,711601,5,1,1
22,309884,68328,0.22,10,1,274025,4,1,2
47,64989,27106,0.417,12,1,975648,1,1,3
57,387808,74306,0.192,15,1,926592,2,0,1
39,37769,19481,0.516,15,0,308509,1,0,1
38,56303,24589,0.437,3,0,180394,4,0,0
44,336405,138909,0.413,24,0,872521,1,0,1
65,264497,49397,0.187,30,1,842388,5,0,0
51,491014,57284,0.117,9,0,824142,1,0,0
56,213529,123791,0.58,17,0,760151,4,1,0
55,70969,30208,0.426,24,2,961915,4,0,2
65,23192,11116,0.479,3,2,996114,5,1,1
62,226422,62801,0.277,3,0,314626,5,0,0
36,353735,93241,0.264,3,0,858407,1,0,0
52,496528,240572,0.485,5,2,290144,3,0,1
27,60910,11260,0.185,24,1,375982,1,1,3
53,445466,137994,0.31,9,1,578032,5,0,0
61,264826,42317,0.16,13,2,54604,2,0,2
64,256139,113957,0.445,27,2,734611,1,1,3
30,233328,72203,0.309,25,1,188691,3,1,2
31,433870,197386,0.455,1,1,567191,0,0,1
20,201644,63798,0.316,18,1,633556,1,1,4
60,399648,63215,0.158,15,0,955782,4,1,0
28,182812,12253,0.067,16,1,981835,0,1,3
39,219304,116504,0.531,6,1,5004,1,1,2
38,57170,15787,0.276,7,0,852362,3,1,0
22,77287,6645,0.086,5,1,640763,0,1,3
33,238171,55955,0.235,11,2,976446,3,1,3
33,394998,221746,0.561,5,0,43262,2,1,2
25,99397,16587,0.167,12,2,803032,4,0,3
30,497032,176206,0.355,12,0,988401,3,1,1
61,75746,24659,0.326,19,1,283453,0,0,1
26,144555,23830,0.165,2,2,863498,5,1,2
56,36738,7631,0.208,18,0,765034,1,0,0
48,224071,112917,0.504,7,0,484859,2,0,0
54,387019,226576,0.585,26,0,526683,1,1,1
26,275315,31924,0.116,2,0,257288,5,1,0
18,348699,94848,0.272,5,2,387554,3,0,2
42,23273,10110,0.434,7,1,3212,3,0,1
53,42007,20501,0.488,18,2,787071,1,1,3
32,106623,54500,0.511,10,0,215933,5,0,0
36,44220,16698,0.378,18,1,9387,0,1,3
56,270139,135752,0.503,5,1,697621,4,0,0
30,38240,22910,0.599,9,1,778559,2,1,3
29,268123,47816,0.178,21,0,51048,2,0,1
45,352870,163361,0.463,21,2,524333,5,1,4
23,247300,24455,0.099,9,1,465139,1,1,3
58,328260,125461,0.382,5,2,658764,4,0,1
36,311749,115879,0.372,22,1,645115,4,1,2
45,247257,101032,0.409,24,1,479389,0,1,3
65,429383,93754,0.218,16,0,727513,3,0,0
65,139894,70839,0.506,29,1,229303,1,1,2
30,488921,153188,0.313,9,1,480795,0,0,2
53,27176,14390,0.53,14,2,513611,4,1,2
33,491869,125403,0.255,24,2,990480,5,1,4
47,363288,197589,0.544,22,0,813819,2,1,2
57,125312,73860,0.589,25,1,748378,2,1,2
51,123976,29111,0.235,4,0,61600,1,0,0
47,126968,19892,0.157,16,2,24815,4,1,3
29,300412,119463,0.398,24,0,196599,3,0,0
45,316753,107785,0.34,25,2,547933,1,1,4
43,393587,159473,0.405,28,2,460665,1,1,4
62,216945,52024,0.24,27,1,272201,1,0,1
45,134587,43886,0.326,2,0,95149,4,1,0
32,70406,8688,0.123,5,2,901011,1,1,4
39,235838,50950,0.216,23,2,626627,3,1,3
65,143554,6439,0.045,15,1,478766,5,0,0
52,276349,114934,0.416,29,1,440187,0,1,2
49,133187,32684,0.245,16,1,733082,2,1,3
63,41832,21997,0.526,17,2,40491,3,1,3
25,129869,69442,0.535,2,2,367390,2,1,4
55,20244,5020,0.248,14,1,450953,1,1,1
51,227358,34583,0.152,9,0,935510,3,1,0
39,480767,15236,0.032,17,2,631615,1,1,4
60,176228,60904,0.346,20,1,278252,5,1,1
61,439136,190922,0.435,14,1,493406,2,1,1
22,329046,38043,0.116,24,1,845177,4,0,2
51,368114,29464,0.08,5,0,966289,3,0,0
62,111788,14487,0.13,22,0,682561,2,1,0
36,97228,20225,0.208,22,1,43021,3,1,2
44,198438,77322,0.39,15,0,569601,1,0,0
32,343854,100326,0.292,14,1,28365,5,1,2
34,467695,176955,0.378,28,0,269594,5,1,1
27,457744,220888,0.483,18,2,539745,4,1,4
64,414163,136094,0.329,9,2,163394,1,0,1
34,115148,57882,0.503,30,2,302094,2,1,4
23,166874,16167,0.097,21,2,600577,0,1,4
39,129367,70898,0.548,15,0,978301,1,1,2
24,377073,158535,0.42,24,0,800118,3,0,1
61,304931,150848,0.495,30,1,104887,1,0,1
49,47313,7586,0.16,24,0,476467,3,1,0
56,325204,22189,0.068,16,0,380815,3,1,0
52,295251,99182,0.336,18,2,279087,5,1,2
32,361376,190153,0.526,8,1,706584,1,0,2
47,42222,19258,0.456,21,2,864945,1,1,4
55,253127,146295,0.578,7,1,872811,0,1,1
64,312899,125926,0.402,25,0,476684,1,0,0
18,88835,9849,0.111,8,0,349738,3,1,1
60,461442,36335,0.079,20,2,744809,4,1,2
25,448170,142039,0.317,7,2,588759,4,1,4
30,233053,22878,0.098,29,1,448636,4,0,1
46,270481,59862,0.221,23,1,28004,4,0,1
58,29466,14137,0.48,13,0,146539,3,1,0
54,114791,36514,0.318,15,2,350434,5,1,2
18,344888,160418,0.465,7,1,600988,3,1,3
36,457509,197408,0.431,9,1,929700,2,1,3
19,227606,79474,0.349,17,0,764742,0,1,2
28,404325,183530,0.454,12,2,774756,0,0,4
44,376137,181978,0.484,5,1,42628,0,1,2
43,190458,108027,0.567,17,1,906644,0,1,3
42,443840,134240,0.302,8,0,912133,3,1,0
40,167722,31014,0.185,6,2,816460,3,1,3
34,286267,21603,0.075,22,1,718598,2,1,3
20,299837,173769,0.58,29,1,685352,1,0,3
38,250959,77240,0.308,21,2,449303,1,1,4
50,78390,7613,0.097,21,0,582093,5,1,0
35,137213,54979,0.401,26,0,584087,5,1,1
64,491659,248761,0.506,14,1,12875,3,0,0
58,423037,120256,0.284,26,0,160353,5,1,0
31,89918,21449,0.239,16,0,89142,3,0,0
20,309604,115373,0.373,6,2,18909,5,1,3
56,457538,132463,0.29,1,0,251981,5,1,0
33,170619,86662,0.508,1,1,234152,3,1,1
64,298626,38948,0.13,4,1,222322,3,0,0
39,121096,51612,0.426,15,2,84335,5,0,3
38,182491,70195,0.385,23,0,301286,0,1,1
51,104553,8890,0.085,9,0,17175,0,1,0
51,102762,34022,0.331,18,2,919163,5,0,1
56,220211,117076,0.532,13,0,395507,3,1,0
53,51276,26377,0.514,28,1,201750,3,1,1
53,66281,9595,0.145,27,2,261745,3,1,2
53,202394,51764,0.256,16,0,805837,2,1,0
56,476217,63282,0.133,4,2,591759,1,1,2
49,103205,13545,0.131,24,1,124698,2,1,3
27,398589,20945,0.053,2,1,341324,5,1,1
58,23052,13382,0.581,13,0,446605,4,1,0
50,489855,151246,0.309,19,1,27597,1,1,1
63,105687,58432,0.553,19,1,203570,5,1,1
44,317391,129403,0.408,25,2,780768,2,0,4
60,306788,43493,0.142,17,2,921463,1,1,3
35,97097,27578,0.284,20,0,514771,4,1,1
44,199022,100737,0.506,2,0,691349,2,1,0
26,415991,151900,0.365,9,1,804406,4,1,2
42,136249,57798,0.424,13,0,987982,0,1,1
45,145612,22177,0.152,28,2,824965,2,1,4
28,437876,191175,0.437,30,1,42082,2,1,4
55,472436,26797,0.057,8,2,883601,3,1,2
55,476123,7024,0.015,19,1,661944,4,1,1
20,426782,42822,0.1,21,2,880520,5,0,3
63,205715,27333,0.133,23,2,414170,3,1,2
62,169544,24336,0.144,20,0,237439,5,1,0
19,178169,96277,0.54,27,1,418401,3,1,3
24,432167,228176,0.528,2,0,576563,4,1,0
61,324592,166652,0.513,6,2,797051,5,1,2
26,490917,225172,0.459,27,1,569051,5,1,3
19,295001,97999,0.332,13,1,565745,0,1,3
51,499274,285444,0.572,14,1,119342,5,1,1
46,491982,199110,0.405,19,2,247688,4,1,4
45,144451,52475,0.363,18,0,71074,3,0,0
43,126759,26711,0.211,20,2,787718,1,1,4
29,149745,59583,0.398,14,2,111359,4,1,3
19,79263,23675,0.299,28,0,417896,5,1,1
18,475473,72804,0.153,1,0,211087,1,0,0
35,28981,9648,0.333,12,2,286552,1,1,4
27,303374,154752,0.51,7,0,691310,3,0,0
32,24329,11167,0.459,26,0,519897,5,1,2
26,414927,30801,0.074,24,1,614997,0,0,3
46,295536,138318,0.468,11,2,483419,2,1,4
23,435000,165744,0.381,27,0,158566,5,1,1
65,68737,19039,0.277,28,1,182075,1,0,1
29,498943,219838,0.441,28,1,451800,3,0,2
20,447776,20376,0.046,7,1,236591,5,1,2
33,414727,58233,0.14,15,2,443226,0,1,4
42,459705,105919,0.23,14,1,949453,0,0,1
37,23145,12802,0.553,24,1,57788,3,1,3
18,189598,50344,0.266,4,2,597640,4,1,3
30,143775,83743,0.582,11,2,579088,4,1,4
44,284531,137871,0.485,24,0,951399,2,0,1
38,481560,83591,0.174,22,1,266441,1,1,3
33,118752,10008,0.084,30,1,147892,4,1,3
57,401140,104252,0.26,9,0,11952,2,0,0
34,180448,71084,0.394,25,1,127129,1,1,3
54,487742,16467,0.034,3,1,973487,5,1,0
33,386099,152276,0.394,12,1,788525,1,1,3
42,104437,32433,0.311,26,1,377928,3,1,2
27,354741,139974,0.395,9,0,631359,4,1,1
56,35675,17693,0.496,26,0,351301,2,1,1
56,221974,31465,0.142,12,2,370283,5,1,1
42,273730,84637,0.309,5,1,572854,2,1,2
48,496908,175951,0.354,20,1,628705,3,0,1
21,298586,134576,0.451,6,0,10002,5,0,0
32,497698,250620,0.504,18,1,111119,5,0,2
32,135123,22223,0.164,2,0,4959,1,1,0
22,144125,32215,0.224,7,2,757553,1,1,4
58,140333,21772,0.155,11,0,311999,4,1,0
49,234051,30874,0.132,22,1,567607,0,0,2
35,495634,37735,0.076,14,1,723001,1,1,3
34,154278,61289,0.397,10,0,665428,2,1,1
21,49164,11642,0.237,18,0,757730,3,1,1
37,461815,256442,0.555,19,0,596033,4,0,0
65,104715,44968,0.429,9,0,506367,1,0,0
36,453879,23510,0.052,9,1,314326,3,1,1
61,31094,7407,0.238,21,0,232380,2,0,0
30,341165,67651,0.198,8,0,955902,5,1,1
31,173358,8599,0.05,2,1,277533,1,0,0
65,141164,11320,0.08,18,2,485910,1,1,3
37,276054,114762,0.416,8,2,812159,4,0,2
38,475899,147063,0.309,10,0,3881,4,1,0
19,470242,126649,0.269,27,2,492665,2,1,4
45,268765,9507,0.035,25,0,762186,2,1,1
63,465345,223339,0.48,2,1,52044,2,1,0
19,123038,51666,0.42,30,1,457183,1,1,4
39,417046,192216,0.461,22,2,152018,0,1,4
49,469657,41855,0.089,26,1,172922,3,1,2
26,383284,157383,0.411,12,0,379129,5,1,1
21,497982,199202,0.4,26,0,288152,4,1,1
32,201731,51840,0.257,9,2,300767,2,1,4
36,417306,50266,0.12,25,0,766441,2,1,1
20,471729,220192,0.467,11,1,900444,5,1,3
32,445737,246300,0.553,23,1,23027,4,1,3
40,78334,11787,0.15,20,0,420091,2,1,1
19,236899,140360,0.592,15,0,825440,5,1,2
36,285836,131745,0.461,12,1,753996,3,0,1
47,493599,19507,0.04,20,2,728229,2,1,4
58,399553,95918,0.24,9,0,531108,0,1,0
49,407335,175848,0.432,18,0,345564,0,1,2
53,238592,53022,0.222,8,0,899105,0,1,0
34,206085,115716,0.561,22,2,858468,1,0,4
19,150672,71836,0.477,4,2,733121,1,1,4
32,464819,85291,0.183,19,0,580294,5,0,0
62,267766,143997,0.538,4,0,620007,2,1,0
45,146998,27631,0.188,17,0,883590,0,1,1
32,296786,156511,0.527,20,1,417799,4,1,3
21,392429,206615,0.527,20,1,507704,5,1,3
45,251241,71912,0.286,16,2,58249,0,0,3
22,386731,76979,0.199,13,0,607199,4,1,1
38,332379,95546,0.287,21,2,211325,4,1,3
18,348779,28225,0.081,14,1,499264,5,1,2
38,35065,8550,0.244,26,1,910422,1,0,2
45,28816,7175,0.249,14,0,681014,0,1,1
24,192648,107548,0.558,16,2,671915,1,0,4
49,128750,36644,0.285,18,0,629443,0,0,1
20,391551,178257,0.455,8,1,90197,5,0,2
38,363090,184311,0.508,15,1,303374,0,1,3
59,428873,40059,0.093,29,2,102666,5,0,1
26,126734,39206,0.309,9,0,942054,5,1,1
65,56509,18881,0.334,22,2,849608,1,1,3
61,331294,93367,0.282,4,0,903,0,0,0
22,118993,42550,0.358,18,0,621828,5,1,1
35,200653,33702,0.168,6,2,795063,0,0,3
62,389562,76792,0.197,17,0,758961,5,1,0
34,164572,70841,0.43,26,1,706902,5,1,3
25,118706,11940,0.101,23,2,368543,1,0,4
18,336956,187572,0.557,3,2,885486,4,1,3
52,154405,45002,0.291,30,0,743048,3,1,0
45,188922,87172,0.461,6,2,467572,4,1,3
28,425486,212080,0.498,21,0,559863,5,1,2
42,39359,13698,0.348,25,0,467997,2,1,1
47,235886,61630,0.261,12,2,517196,5,1,3
65,400445,234414,0.585,15,0,530553,3,1,0
52,474555,200078,0.422,30,1,142957,1,0,1
37,117375,55469,0.473,29,1,820793,3,1,3
39,313076,6908,0.022,11,1,423574,4,0,0
58,232104,7928,0.034,7,0,32309,0,1,0
31,476339,154481,0.324,17,2,198573,4,1,4
25,394494,71404,0.181,16,1,954650,0,1,3
44,303728,20169,0.066,17,1,204830,4,1,2
58,388225,67497,0.174,19,2,663610,2,1,3
21,175964,64232,0.365,17,1,976729,1,0,3
48,372186,88098,0.237,16,1,930569,3,1,2
18,325434,90186,0.277,12,1,828424,4,1,2
54,280800,118065,0.42,17,2,931506,2,1,4
47,326489,98430,0.301,10,1,576131,2,1,2
32,349314,45878,0.131,6,0,169421,0,1,1
43,432379,195091,0.451,20,0,345741,5,1,1
29,95379,41945,0.44,12,1,593665,2,1,3
18,412508,102507,0.248,25,1,627358,1,0,3
29,44009,5094,0.116,13,0,183293,5,1,1
40,280243,25860,0.092,13,0,401702,1,1,1
44,402947,176150,0.437,5,1,972036,5,1,1
43,375139,20589,0.055,24,1,585128,0,1,3
41,435642,35982,0.083,9,2,290658,1,0,3
50,64845,20930,0.323,20,1,108417,4,1,1
50,109788,29003,0.264,27,0,838884,5,0,0
35,291984,45768,0.157,22,2,885054,1,1,4
54,199541,114554,0.574,5,1,249894,2,1,1
24,317560,77439,0.244,3,2,865756,1,0,2
49,367222,37294,0.102,9,0,417011,5,0,0
51,206444,75366,0.365,1,2,571675,0,1,1
45,395033,64486,0.163,17,0,422870,4,1,1
20,127772,9942,0.078,28,0,318249,3,1,1
34,156774,78883,0.503,6,0,170491,0,1,2
28,407127,39142,0.096,4,2,269537,3,0,2
47,29388,8411,0.286,29,1,560948,4,0,1
27,453384,138451,0.305,30,0,873778,0,0,1
39,310111,145820,0.47,1,0,941418,3,1,0
49,57049,32821,0.575,22,0,685305,0,1,2
40,245962,143241,0.582,2,1,528118,2,1,1
24,314563,21668,0.069,23,0,313456,1,1,2
62,172079,73079,0.425,2,1,316096,1,1,0
61,181545,12699,0.07,6,0,541729,4,1,0
59,38179,9849,0.258,7,2,533784,3,0,1
42,261871,148492,0.567,19,1,861465,0,1,3
56,248360,126075,0.508,14,2,736648,4,1,2
64,357044,31296,0.088,9,2,159964,1,0,2
23,84771,46258,0.546,29,1,99074,0,1,4
48,200934,116826,0.581,7,2,154525,2,0,3
46,309713,121787,0.393,22,1,701346,3,1,2
22,137922,45430,0.329,20,1,528446,4,1,3
41,156615,52924,0.338,13,1,954183,0,1,2
59,110141,65558,0.595,6,2,293812,0,1,3
51,270138,122219,0.452,27,0,529604,2,0,0
23,202235,19751,0.098,10,0,587453,0,1,1
39,86775,11566,0.133,22,1,920510,1,1,3
42,51139,19430,0.38,26,2,334796,1,1,4
49,368000,75043,0.204,16,1,344199,1,0,2
29,283672,132781,0.468,28,0,201657,0,0,1
25,358037,21167,0.059,24,2,481005,1,0,4
27,192370,23669,0.123,13,2,938447,1,1,4
46,401150,15832,0.039,10,2,145780,0,0,3
62,87963,40609,0.462,6,2,6563,3,1,2
20,216092,51861,0.24,17,0,809960,2,0,1
34,469794,194281,0.414,8,0,766913,1,0,1
26,231293,13724,0.059,29,2,999781,1,1,4
43,249176,7596,0.03,16,0,772427,1,1,1
40,97670,15782,0.162,19,2,84458,2,0,3
39,326505,43286,0.133,30,1,149388,3,1,2
40,120960,63465,0.525,2,2,130704,3,1,2
50,373656,144830,0.388,2,1,259188,4,1,0
29,490809,155716,0.317,28,2,481875,1,0,4
18,396330,9257,0.023,7,2,567476,4,1,4
38,330546,99467,0.301,13,1,115827,4,1,1
36,472400,203579,0.431,1,0,700948,5,1,0
56,212815,49518,0.233,17,0,518943,3,1,0
33,128177,30909,0.241,15,1,709697,0,1,3
40,475413,208114,0.438,13,2,672818,0,1,4
25,309006,163345,0.529,30,0,654511,4,1,2
61,137782,7365,0.053,13,0,843504,3,1,0
61,493888,206023,0.417,30,0,415596,0,0,0
31,461618,144334,0.313,27,2,531296,3,1,4
21,194224,54104,0.279,28,1,994727,5,1,3
21,315845,177606,0.562,29,2,978778,4,1,4
61,240079,9787,0.041,8,2,713537,4,1,1
38,153107,62443,0.408,29,1,891354,3,1,3
64,226823,35694,0.157,22,2,185046,1,1,3
59,309169,159605,0.516,10,2,864093,1,1,3
30,234680,102031,0.435,10,0,67173,0,1,2
57,376338,206811,0.55,15,2,707717,5,1,3
64,68415,14907,0.218,15,1,557068,5,1,1
23,289629,54527,0.188,25,0,229632,0,1,3
41,273786,152159,0.556,23,0,356961,4,1,1
37,295087,146378,0.496,17,0,383545,3,1,1
34,88531,44097,0.498,9,0,485315,5,1,1
40,347840,20648,0.059,20,0,331253,1,1,1
42,303446,90140,0.297,28,0,573570,3,1,1
45,43814,12626,0.288,24,2,81673,4,1,3
36,256107,131259,0.513,22,2,838628,5,1,4
46,176308,11218,0.064,28,0,729391,5,1,1
40,229944,22373,0.097,13,1,6654,0,1,2
64,239015,31583,0.132,18,2,923864,0,1,3
44,265615,107489,0.405,10,0,730782,1,1,1
39,44395,7335,0.165,27,0,244348,4,1,0
30,203309,101171,0.498,8,0,530901,1,1,2
60,439471,90666,0.206,21,1,805378,3,1,1
48,253931,38434,0.151,23,0,733251,2,1,1
41,51147,22758,0.445,12,0,898612,1,0,1
42,171171,74810,0.437,11,0,37739,1,1,1
22,399987,157220,0.393,21,0,974299,4,0,1
38,108636,38691,0.356,23,1,196354,4,1,2
21,183558,35340,0.193,11,0,396302,1,0,1
47,238008,81955,0.344,22,2,231362,4,1,3
43,304839,131440,0.431,15,1,787937,3,1,3
35,177743,80400,0.452,1,2,75656,2,1,3
19,79789,9389,0.118,8,2,76625,4,1,3
19,491519,132838,0.27,11,1,802498,1,1,3
41,251296,83763,0.333,15,0,596122,5,1,1
49,450294,236617,0.525,7,1,7711,4,1,2
60,246218,107605,0.437,3,1,331679,2,1,0
35,436614,161349,0.37,10,0,949037,5,1,0
50,483843,137633,0.284,22,0,321954,1,0,0
55,215552,54029,0.251,18,0,167806,5,0,0
26,86786,9758,0.112,12,1,82673,0,1,3
34,385686,98565,0.256,18,1,783842,4,0,1
50,122548,7164,0.058,10,0,768813,4,0,0
52,124273,74081,0.596,21,1,54459,1,1,2
25,421345,96954,0.23,15,1,613667,5,0,2
37,375893,197174,0.525,4,2,278429,5,1,3
62,377705,59391,0.157,8,2,2953,5,1,1
38,404224,16154,0.04,7,1,206946,3,0,1
54,371314,162364,0.437,24,1,468897,5,0,0
55,86538,44034,0.509,30,1,383276,0,1,2
26,231588,77553,0.335,10,1,585273,4,0,1
25,56368,27344,0.485,6,0,583188,5,1,1
26,249147,93257,0.374,7,2,400337,5,0,3
20,283437,158515,0.559,14,0,75276,5,1,1
42,486725,267181,0.549,7,2,777725,0,1,4
18,303527,129291,0.426,21,1,789106,4,1,3
20,63794,7076,0.111,23,0,969846,3,0,1
60,275623,20015,0.073,1,0,353884,4,1,0
57,348784,88190,0.253,23,0,963208,1,1,0
24,411069,14145,0.034,3,2,264946,0,1,3
63,243793,128001,0.525,15,1,51712,5,1,1
20,284208,100614,0.354,16,0,728871,0,1,2
58,303531,151396,0.499,25,2,989283,4,0,2
31,47949,27821,0.58,29,0,335681,3,0,1
53,425519,55701,0.131,16,0,411496,3,1,0
56,317344,72442,0.228,8,2,582456,2,1,3
56,189964,111141,0.585,1,1,399325,5,1,0
29,183024,10620,0.058,15,1,44258,3,1,3
29,132192,37046,0.28,2,0,470471,5,1,0
31,392384,7118,0.018,24,0,51786,2,0,1
52,259139,88443,0.341,22,2,122603,3,1,2
63,364162,105592,0.29,11,1,778873,4,1,0
59,491529,287487,0.585,26,2,434448,2,1,3
41,182138,103717,0.569,15,2,768378,5,1,4
51,315103,54192,0.172,4,0,779572,1,1,0
47,253597,28908,0.114,16,2,778628,2,1,4
27,37412,16726,0.447,18,0,140039,4,0,1
21,68447,32990,0.482,18,1,212916,4,1,3
64,330609,197181,0.596,12,0,298374,2,0,0
56,299570,35750,0.119,13,0,618519,4,1,0
18,245440,129158,0.526,27,1,92663,0,0,3
50,295512,52969,0.179,7,2,631475,1,1,2
49,254633,125424,0.493,8,1,728285,2,1,3
25,306459,22422,0.073,2,0,965736,0,0,0
57,428852,226956,0.529,29,2,560468,3,0,2
52,179429,75496,0.421,21,2,865318,1,1,4
32,273189,53951,0.197,17,0,44864,3,1,1
60,377168,31520,0.084,10,0,379590,4,1,0
57,68720,40268,0.586,14,1,491567,4,1,1
53,404462,242307,0.599,19,2,635433,4,1,3
56,489171,93075,0.19,19,2,327371,3,1,2
65,144202,15273,0.106,16,0,913456,1,1,0
46,423564,88460,0.209,25,0,853951,2,1,1
40,66073,29343,0.444,24,2,968305,4,1,4
27,482552,105782,0.219,4,2,859022,3,1,3
19,485867,134401,0.277,4,2,471820,0,1,4
58,475641,61539,0.129,1,2,68363,4,1,0
32,106437,21277,0.2,12,0,810161,2,0,0
50,337582,14457,0.043,14,2,403036,2,1,2
18,442610,215694,0.487,4,2,774808,5,1,4
46,198270,87705,0.442,9,2,634101,3,1,3
25,260014,103837,0.399,18,1,321827,3,1,3
47,32342,8649,0.267,3,1,839096,4,1,0
51,413953,99965,0.241,24,2,525587,1,0,2
42,468052,178453,0.381,28,2,885162,2,1,4
19,135637,71909,0.53,15,2,25532,5,0,4
59,291639,12837,0.044,5,0,514938,4,1,0
64,197485,27354,0.139,27,0,481891,4,1,0
48,403094,193765,0.481,21,2,676381,0,0,4
33,96620,49771,0.515,21,0,618740,4,0,1
37,305356,45118,0.148,27,0,166901,5,1,0
30,456060,217620,0.477,24,2,198675,3,0,3
37,384494,170913,0.445,22,1,442762,4,1,3
51,258117,125918,0.488,21,0,405890,2,1,1
47,268505,16957,0.063,5,0,899726,5,0,0
62,226604,71714,0.316,24,2,278169,4,0,1
65,181928,108166,0.595,28,1,781570,2,0,1
41,193226,80676,0.418,8,2,116905,4,0,2
35,37401,10176,0.272,7,1,843823,3,1,2
21,412963,7056,0.017,8,2,553616,0,1,4
31,197587,69538,0.352,11,2,302295,5,0,3
46,238023,16251,0.068,21,2,271767,0,1,4
43,274216,107035,0.39,24,2,945955,1,0,3
22,188904,100012,0.529,6,2,554055,1,0,4
30,192115,91755,0.478,11,0,513993,0,1,2
59,492617,30345,0.062,4,0,154125,0,0,0
38,418231,233273,0.558,18,0,153023,1,1,2
50,460627,8934,0.019,18,2,916875,2,1,3
48,217385,24763,0.114,2,2,489922,5,1,1
39,107507,6989,0.065,29,2,623536,4,1,3
34,188990,55849,0.296,6,0,637796,3,1,0
63,488295,211068,0.432,26,1,268092,2,1,2
24,79790,12660,0.159,6,2,937424,3,1,3
32,359323,164346,0.457,22,1,235237,3,1,3
51,376936,200982,0.533,30,0,49875,1,0,0
59,48807,25384,0.52,10,1,68625,2,1,2
20,96519,48738,0.505,27,1,987711,5,1,3
46,84873,26242,0.309,19,0,493936,3,1,1
43,61163,28576,0.467,29,0,368708,3,0,0
20,223441,9752,0.044,28,1,648513,2,1,3
40,352703,5982,0.017,2,0,409362,1,1,0
52,440548,187506,0.426,27,2,867333,5,1,3
34,334221,8625,0.026,30,1,236486,5,0,2
50,483539,56524,0.117,5,0,360372,3,1,0
46,405415,25193,0.062,8,0,439068,3,1,0
41,365938,30099,0.082,20,0,906374,0,0,0
60,243302,14218,0.058,29,1,733349,5,1,1
22,455869,177022,0.388,21,1,351477,4,0,2
21,57780,21640,0.375,15,0,524338,5,1,1
62,193104,70029,0.363,21,1,394692,0,0,1
18,424138,249762,0.589,7,2,274233,0,1,4
40,91895,19364,0.211,6,2,469045,2,1,3
57,196684,82937,0.422,23,2,522915,0,1,3
23,495514,205073,0.414,22,2,508911,0,0,4
61,153672,76054,0.495,12,1,684729,5,0,0
40,342156,205146,0.6,22,0,181854,3,1,1
45,143714,5205,0.036,18,2,878258,4,0,3
26,471267,185402,0.393,16,0,41716,0,0,1
48,192817,39571,0.205,16,1,879712,2,1,3
23,31230,6381,0.204,15,2,27050,5,1,4
35,96693,24575,0.254,29,0,476697,2,0,1
46,97332,29450,0.303,23,2,307181,2,1,4
50,131264,35041,0.267,28,2,848158,4,1,2
33,89123,35023,0.393,2,1,221646,3,1,1
34,403801,71686,0.178,10,0,236830,1,1,1
27,482833,44222,0.092,28,1,854639,3,1,3
18,435099,103818,0.239,15,1,670740,4,0,2
42,419159,216177,0.516,25,1,759103,5,1,3
65,211112,101905,0.483,16,1,60616,5,0,0
60,266309,26125,0.098,15,0,175918,4,0,0
31,108116,58697,0.543,30,2,876587,3,1,4
63,441439,165886,0.376,28,1,601082,3,1,1
22,434133,190771,0.439,10,0,418277,3,1,1
61,379438,48755,0.128,9,2,334132,1,0,2
30,337319,183810,0.545,13,1,244965,4,1,2
32,293072,53425,0.182,23,1,648552,4,0,1
49,385860,206107,0.534,14,1,375926,5,1,2
18,410932,24192,0.059,4,2,228464,5,1,3
36,72243,40030,0.554,22,2,995815,5,1,4
61,450754,10833,0.024,14,2,248053,5,0,1
50,390099,160904,0.412,2,2,163479,1,1,1
56,277743,99961,0.36,3,1,333175,1,0,0
39,327311,24928,0.076,10,0,469134,4,1,0
58,309400,11125,0.036,19,2,114479,5,1,2
54,407069,169894,0.417,10,1,718954,5,1,1
35,215647,84737,0.393,2,2,515904,1,0,2
55,433926,221560,0.511,9,2,597446,0,1,3
50,40739,23518,0.577,11,0,872255,5,1,0
22,229483,15686,0.068,1,2,834648,1,0,2
57,301466,17693,0.059,26,2,364523,3,0,1
56,21658,9387,0.433,21,0,417653,1,0,0
32,373413,214066,0.573,28,0,825748,0,1,2
41,458201,208195,0.454,18,0,659230,1,0,1
24,426219,244865,0.575,19,1,446811,5,1,3
65,464540,175114,0.377,18,0,84859,5,1,0
37,190188,61922,0.326,28,2,17580,4,1,3
58,289228,82991,0.287,16,0,376684,3,1,0
49,56668,16945,0.299,1,2,572005,2,1,2
62,257644,95480,0.371,1,1,135673,2,0,0
53,441064,94229,0.214,4,1,260775,2,1,1
24,285129,66794,0.234,2,2,302408,0,1,3
41,423222,76819,0.182,23,0,199933,1,1,1
51,425633,167372,0.393,1,1,758339,5,1,0
25,207494,120852,0.582,1,1,854214,5,1,1
51,151960,62135,0.409,17,2,248290,3,1,3
44,384777,35085,0.091,24,1,358451,3,1,2
57,159270,39354,0.247,26,0,836852,4,1,0
28,160940,23546,0.146,29,0,557437,4,1,1
22,312002,50330,0.161,23,0,714564,3,0,1
57,68281,36236,0.531,29,1,200277,0,1,2
55,178349,55606,0.312,14,2,253130,0,1,3
18,20792,11927,0.574,20,2,432353,0,1,4
54,321776,172862,0.537,29,0,785139,5,1,0
36,156243,14589,0.093,30,2,465462,5,1,3
43,291898,30688,0.105,9,0,884015,3,0,0
58,184818,13709,0.074,2,2,114064,3,0,0
27,462505,91728,0.198,28,2,105696,3,1,4
37,41637,10428,0.25,2,1,228289,5,0,0
59,112449,8239,0.073,24,0,863376,4,1,0
36,377677,125877,0.333,30,0,845377,4,1,1
65,167215,54744,0.327,22,2,342406,3,1,2
35,211269,114365,0.541,12,2,446171,5,1,4
48,73619,27791,0.377,14,2,231730,1,1,4
36,61770,27300,0.442,10,1,907037,5,0,1
41,68671,25270,0.368,24,2,127897,2,1,4
30,468381,54948,0.117,6,2,406516,4,1,3
37,432548,25115,0.058,14,0,435213,4,1,0
57,363810,89351,0.246,23,1,727245,1,1,1
25,137616,41214,0.299,24,1,307732,1,1,4
65,320206,178877,0.559,14,1,83905,4,1,1
53,493300,62467,0.127,21,0,488963,0,1,0
62,202929,69367,0.342,16,0,803369,0,1,0
43,330499,80561,0.244,3,1,584770,2,0,0
32,294732,120910,0.41,19,1,286400,4,1,3
30,238423,85732,0.36,9,1,476356,1,1,3
25,211659,64321,0.304,8,2,187660,2,0,3
33,231299,26661,0.115,2,0,953178,2,1,0
35,355415,183271,0.516,18,2,735193,4,1,4
19,269043,137735,0.512,13,0,146149,1,1,2
53,450593,183352,0.407,8,1,111118,0,1,1
19,51941,6372,0.123,27,0,3376,1,0,1
61,498224,64834,0.13,13,1,890330,4,1,0
48,172150,42574,0.247,6,0,171147,4,1,0
57,344902,141203,0.409,15,2,615438,3,1,3
18,323353,47987,0.148,25,1,509742,0,1,4
38,332601,118389,0.356,4,0,266336,0,0,0
54,398625,130176,0.327,21,2,43130,4,1,2
21,351834,40546,0.115,18,0,629001,4,0,0
43,42030,12608,0.3,10,1,89831,0,1,2
63,403328,121524,0.301,27,1,348053,5,1,1
62,96497,22705,0.235,5,2,353784,5,0,1
35,267117,68209,0.255,26,0,522283,3,0,0
60,429759,155348,0.361,15,1,341094,5,0,0
31,293006,33688,0.115,18,1,275083,3,0,1
45,124447,27942,0.225,28,0,437350,1,1,1
20,477965,135654,0.284,16,2,56305,5,0,3
65,404832,230963,0.571,30,2,593982,5,0,2
63,297220,24377,0.082,9,0,389512,3,1,0
29,308389,158169,0.513,8,0,371598,2,0,1
21,353983,194121,0.548,14,0,378945,1,1,2
56,51275,16985,0.331,4,2,68908,3,1,1
51,54247,9626,0.177,9,1,726043,3,1,0
27,163973,72759,0.444,10,0,734664,3,0,0
59,57748,8878,0.154,30,0,247888,1,1,0
38,135925,14958,0.11,18,1,87160,5,1,2
54,283215,104926,0.37,1,2,41410,1,1,1
34,248443,46041,0.185,1,2,431765,0,0,2
36,357563,178211,0.498,24,1,666067,0,1,3
39,495252,77043,0.156,11,2,399046,0,0,3
28,179467,97662,0.544,27,2,594506,3,1,4
57,432482,239625,0.554,28,1,126895,3,0,0
35,117357,59225,0.505,2,0,354593,0,0,0
28,150522,48030,0.319,6,2,559421,3,1,3
23,352618,201739,0.572,29,2,216585,2,1,4
18,176647,85263,0.483,25,1,679760,2,0,3
20,117661,64682,0.55,9,2,928399,4,1,4
38,281387,66915,0.238,29,0,66535,0,1,1
59,82399,41451,0.503,22,1,324422,5,1,1
41,420111,98515,0.234,15,1,930056,2,0,2
33,469737,204530,0.435,26,0,224388,2,1,3
32,374373,77495,0.207,15,2,616225,3,1,4
51,166509,21855,0.131,28,0,848329,0,1,0
26,475639,18155,0.038,24,0,919483,4,1,1
24,223056,44605,0.2,13,1,552169,1,1,3
61,317441,116513,0.367,23,0,83452,4,1,0
61,124533,64949,0.522,26,1,189932,5,1,1
43,62113,22226,0.358,17,1,698002,1,1,3
41,369084,207351,0.562,15,1,402894,0,1,3
64,218989,21489,0.098,2,2,370334,5,1,0
32,360787,205682,0.57,5,0,115594,2,1,1
57,174174,36957,0.212,9,2,834151,5,1,2
62,423976,16584,0.039,27,1,512703,2,1,1
35,440698,65369,0.148,26,0,272159,4,0,0
31,244376,70623,0.289,25,0,516909,2,0,1
34,61965,36913,0.596,13,1,436931,2,1,3
54,33580,10830,0.323,7,1,620709,3,1,0
30,426743,194211,0.455,11,1,565345,1,0,2
48,42449,10885,0.256,28,0,439090,1,1,1
50,351572,9321,0.027,17,0,278263,1,1,0
22,357867,191502,0.535,13,0,605168,3,1,1
20,77995,27298,0.35,11,1,933580,0,0,2
52,178178,84845,0.476,10,1,623761,1,1,2
56,94710,16352,0.173,5,2,660352,4,1,1
37,178264,105726,0.593,16,2,381339,4,1,4
31,48273,19785,0.41,2,2,652824,5,0,1
48,308077,181092,0.588,21,2,331429,1,0,4
65,393826,28439,0.072,19,1,617064,5,1,1
35,401742,177959,0.443,30,0,123299,4,1,1
38,236942,119679,0.505,2,2,620909,2,0,2
50,471286,69557,0.148,17,0,201513,2,1,0
36,397431,12288,0.031,3,2,716878,0,1,2
64,24934,6354,0.255,10,0,254164,2,0,0
37,47424,19503,0.411,3,1,498493,3,1,0
27,180887,12802,0.071,23,0,769244,4,0,0
29,160415,64066,0.399,13,1,356455,4,1,2
18,108074,47809,0.442,11,1,477154,3,0,2
23,208059,104742,0.503,23,0,122217,5,0,1
37,440941,30357,0.069,26,0,67952,5,0,0
33,97219,10839,0.111,1,2,254166,2,0,2
22,210679,66852,0.317,29,1,172263,2,1,3
36,239559,59017,0.246,19,0,444605,2,0,1
52,162312,70092,0.432,6,0,713341,4,1,0
65,21694,9847,0.454,22,2,637345,0,1,3
65,67646,14835,0.219,28,2,607045,5,1,2
33,164408,31534,0.192,2,1,898728,1,0,1
33,480792,264153,0.549,13,2,596196,2,1,4
18,288044,45733,0.159,5,1,655949,4,0,1
33,86794,18598,0.214,19,2,377403,0,1,4
46,347367,5637,0.016,9,2,277972,0,1,3
50,111411,28641,0.257,8,0,506313,3,1,0
23,129658,47692,0.368,5,1,712923,2,1,3
58,201618,71457,0.354,10,1,987502,0,0,0
31,130078,47078,0.362,10,2,815319,4,0,2
30,426786,62268,0.146,28,1,595890,3,0,1
20,113375,53707,0.474,5,1,581209,0,1,3
20,333905,14622,0.044,8,1,759904,5,0,1
40,434686,11220,0.026,25,2,879761,4,1,3
58,416713,62326,0.15,9,2,748877,2,0,2
41,303161,137893,0.455,2,1,83557,4,0,0
43,333916,195742,0.586,14,0,424477,2,1,1
59,227746,18138,0.08,10,1,780985,0,1,1
63,227977,58025,0.255,5,0,444056,1,0,0
42,414677,47362,0.114,9,1,815042,3,0,1
50,30886,9373,0.303,5,1,818964,5,1,0
24,465045,38585,0.083,28,0,250322,3,1,1
28,402312,55998,0.139,1,1,51039,4,0,0
19,126446,18105,0.143,17,2,576435,3,1,4
47,212487,21960,0.103,24,2,832210,5,1,3
61,454171,214637,0.473,29,0,457283,4,0,0
41,316400,132025,0.417,7,1,763570,2,1,3
25,121824,43664,0.358,28,1,687693,4,1,3
20,343973,43230,0.126,5,1,363906,1,1,3
31,442036,176387,0.399,11,0,609699,5,1,0
55,193889,69544,0.359,11,2,575087,2,1,2
64,379523,196510,0.518,4,2,528089,0,0,2
34,474933,158552,0.334,14,1,453520,1,1,3
47,421365,150743,0.358,30,1,230389,3,1,2
54,48634,19760,0.406,11,1,505341,2,0,1
32,479319,82160,0.171,24,2,182482,0,0,4
27,415198,169936,0.409,19,2,609778,1,1,4
36,391312,205887,0.526,21,1,903922,0,1,3
27,378692,103991,0.275,24,0,665655,3,0,0
55,248552,77427,0.312,26,2,751247,4,1,2
27,56317,21998,0.391,7,2,527831,3,0,3
49,100442,60014,0.597,17,1,313625,3,1,3
63,172748,70836,0.41,24,2,835422,0,1,3
39,245942,133345,0.542,14,1,29251,2,1,3
63,342670,92914,0.271,6,1,878594,2,1,1
28,371696,21444,0.058,28,2,431600,2,1,4
51,482841,248824,0.515,9,1,43237,2,1,2
48,372410,39980,0.107,2,1,599278,0,1,1
57,267605,72238,0.27,7,2,415435,5,1,2
52,74471,36545,0.491,13,2,410685,1,1,3
64,442823,221907,0.501,20,1,396539,1,0,1
62,349112,159310,0.456,8,2,860399,2,1,3
60,461932,5415,0.012,26,0,595067,5,1,0
29,124448,14888,0.12,20,2,583053,2,1,4
34,97763,22907,0.234,19,2,563200,0,1,4
51,199809,38367,0.192,27,1,358734,0,1,2
40,317909,87606,0.276,7,2,841113,0,1,4
65,180585,27592,0.153,5,2,51632,1,1,2
39,226353,94871,0.419,2,2,707852,4,1,2
60,203239,14013,0.069,10,2,753376,3,1,2
49,428039,159582,0.373,11,1,266579,2,0,2
43,237161,77972,0.329,29,1,482996,1,1,3
34,348879,109396,0.314,24,1,945526,1,0,3
38,484747,148992,0.307,1,2,739778,5,1,1
25,479993,39510,0.082,14,2,422191,2,1,4
50,174339,82911,0.476,10,1,791329,3,0,0
24,49870,23261,0.466,11,2,319399,0,0,4
29,481003,260545,0.542,19,2,948936,2,1,4
64,286744,160762,0.561,3,2,692859,4,1,1
54,487039,22015,0.045,5,2,648869,5,1,1
37,454724,32410,0.071,23,2,558212,1,1,4
58,310182,121936,0.393,17,1,208680,2,1,2
42,149132,77994,0.523,12,0,524339,3,1,0
34,54880,32197,0.587,17,1,349829,3,1,3
33,280158,70471,0.252,12,0,664051,4,0,0
33,85524,14327,0.168,9,0,105561,4,1,1
63,470137,18654,0.04,29,0,430898,5,1,0
30,449799,34295,0.076,2,1,49574,3,1,0
60,102607,54874,0.535,11,1,130538,0,1,2
30,69635,39301,0.564,10,0,596917,4,1,1
38,423520,45645,0.108,27,2,339758,3,1,3
19,32420,6928,0.214,20,1,251985,4,1,3
47,352924,167001,0.473,27,0,325764,4,1,1
60,423837,122781,0.29,14,0,240210,2,0,0
20,125633,54153,0.431,15,0,863374,3,0,1
34,150017,62055,0.414,18,2,142003,2,1,4
42,115341,66988,0.581,8,0,751405,3,1,1
57,254849,5018,0.02,27,0,425796,4,1,0
65,164015,66457,0.405,24,0,887582,0,1,1
42,406804,115599,0.284,1,1,249222,2,1,1
55,198728,11589,0.058,18,1,166083,1,0,1
28,254818,66351,0.26,5,0,972437,5,1,0
30,378773,91643,0.242,29,2,906764,3,1,4
28,431476,59515,0.138,21,2,554768,5,1,4
51,199848,107476,0.538,5,1,839080,4,1,1
24,411821,118917,0.289,16,2,549509,1,1,4
23,295079,124362,0.421,4,0,421153,4,1,1
29,227113,59781,0.263,16,2,284933,0,1,4
58,489311,191589,0.392,24,1,467153,3,1,1
58,335239,34272,0.102,6,0,33645,3,1,0
39,190110,29967,0.158,1,0,924570,1,0,0
39,146861,46098,0.314,7,1,717940,5,1,1
46,154277,39929,0.259,25,2,535916,1,1,4
28,20610,9302,0.451,8,1,230842,4,1,3
26,62974,24856,0.395,27,2,606271,5,1,4
24,389911,72951,0.187,8,1,513994,1,1,3
64,284602,11028,0.039,8,1,231324,2,1,1
48,372588,17363,0.047,19,0,114433,0,0,0
55,141691,14934,0.105,23,0,303700,5,1,0
30,63558,18846,0.297,18,1,103018,3,1,3
51,144594,6135,0.042,22,1,10101,4,1,1
43,440431,67110,0.152,5,2,669384,5,1,3
31,423727,126898,0.299,20,2,490987,3,1,4
18,305410,69555,0.228,20,0,214646,5,1,1
53,192805,19418,0.101,2,1,748777,3,0,0
18,465678,124097,0.266,15,1,732339,3,0,2
59,186656,71634,0.384,24,1,313485,5,0,0
60,206773,49859,0.241,4,2,945079,1,1,2
29,120290,45068,0.375,8,1,769212,3,1,2
63,350975,86223,0.246,26,1,527870,5,1,1
37,428816,102994,0.24,26,2,729541,5,1,3
62,352554,188260,0.534,10,1,212823,5,1,1
46,471631,219241,0.465,16,0,762183,4,1,1
42,375049,7977,0.021,3,1,316785,4,0,0
56,196774,16885,0.086,5,2,687477,1,0,1
35,275152,58096,0.211,13,0,851081,1,0,1
26,303805,41432,0.136,8,2,530318,3,1,4
33,67577,34048,0.504,5,2,915788,0,1,4
54,348274,26414,0.076,3,0,93005,4,1,0
56,219268,119317,0.544,9,1,201926,3,1,1
34,388954,94523,0.243,4,0,355281,2,1,1
50,312456,118687,0.38,8,2,214529,0,1,3
60,260324,97024,0.373,27,0,225612,3,1,0
40,398358,111435,0.28,21,2,714952,1,1,4
27,31526,15532,0.493,13,1,107535,3,0,2
28,104946,28382,0.27,2,0,733350,3,1,0
29,373807,134844,0.361,22,0,591011,5,0,0
43,271767,77264,0.284,5,0,446640,1,1,0
30,381363,142693,0.374,30,2,188766,1,1,4
19,385039,56714,0.147,24,2,958736,3,0,3
62,155362,60034,0.386,27,2,250927,2,1,3
38,425544,170319,0.4,22,2,50357,4,1,3
48,230128,69162,0.301,8,1,882412,4,1,1
35,476418,46423,0.097,18,0,598598,5,0,0
38,408377,7808,0.019,28,2,917414,0,0,3
46,465971,67995,0.146,10,1,476555,0,1,2
26,103086,41343,0.401,26,2,323417,3,1,4
29,473218,17926,0.038,9,1,511500,3,1,2
30,191100,21151,0.111,6,0,216789,3,0,0
57,394975,126889,0.321,2,0,885443,5,0,0
32,76902,19662,0.256,18,0,652182,1,1,2
50,69460,10439,0.15,20,0,540856,4,1,0
24,331815,149973,0.452,4,0,28604,5,0,0
47,139261,42371,0.304,16,2,430037,4,1,3
30,444642,99877,0.225,18,1,945507,4,1,3
33,401595,97675,0.243,19,2,668942,0,1,4
50,370404,187653,0.507,5,1,229030,4,1,1
47,340760,196555,0.577,23,0,740158,4,1,1
55,160285,6403,0.04,12,2,597330,3,1,1
22,334629,52830,0.158,3,0,472224,2,1,0
34,157095,25543,0.163,30,1,888603,1,1,3
61,164868,45972,0.279,6,0,602350,5,0,0
29,266088,47399,0.178,11,0,776343,0,1,1
20,137095,54962,0.401,1,1,21157,4,1,1
45,419637,188276,0.449,16,0,485731,3,1,1
40,406125,227274,0.56,27,2,823509,0,1,4
53,47122,17667,0.375,15,0,193050,0,1,0
40,201288,41589,0.207,15,0,455070,0,1,1
18,42766,7794,0.182,5,0,163396,4,1,0
44,147171,88017,0.598,7,0,796282,5,1,1
60,107826,34441,0.319,23,2,663778,0,0,2
20,268917,23722,0.088,21,0,17985,0,1,2
53,469266,111747,0.238,21,2,740781,2,1,3
21,125578,22986,0.183,7,1,637696,1,0,2
49,489164,274856,0.562,10,0,355760,0,1,1
21,100667,42462,0.422,21,1,635318,1,1,4
33,416008,5420,0.013,9,2,953112,5,1,3
37,90511,31461,0.348,20,1,195985,3,1,2
57,382513,117695,0.308,23,2,703365,5,1,2
38,357468,168415,0.471,15,2,74783,3,1,4
52,380473,129438,0.34,13,1,224540,1,0,0
40,174736,29453,0.169,11,1,648053,1,1,2
46,184411,33725,0.183,29,0,441289,1,0,0
38,350060,110481,0.316,6,2,405187,1,1,3
51,474505,173482,0.366,7,2,519328,0,1,2
31,369921,9487,0.026,19,1,663110,4,1,2
31,470506,282249,0.6,2,0,704875,0,1,0
65,342650,29967,0.087,24,0,777156,3,1,0
43,364562,102739,0.282,9,2,226445,0,1,4
46,376469,50420,0.134,30,1,631884,1,0,2
21,163954,21945,0.134,25,1,986354,0,1,3
21,117847,69038,0.586,7,1,887542,1,1,4
53,211711,8159,0.039,25,0,632027,2,1,0
58,353776,198958,0.562,29,1,21094,0,1,2
42,454050,77575,0.171,13,2,967797,5,1,3
56,330250,90662,0.275,29,2,477347,4,1,2
28,483871,35579,0.074,11,0,196092,1,1,2
33,476695,283409,0.595,4,1,189721,3,1,2
36,358294,29866,0.083,11,2,539700,3,1,3
37,306727,66922,0.218,10,0,91368,5,1,0
32,370734,166549,0.449,7,2,499972,3,1,4
65,160752,30706,0.191,15,2,725925,4,0,1
51,364417,131170,0.36,15,2,885169,0,1,3
53,47182,19340,0.41,30,0,786825,0,0,0
45,368434,49389,0.134,10,2,581845,2,1,3
41,198373,89752,0.452,28,1,791006,3,1,3
18,441780,235205,0.532,23,0,352072,0,1,3
21,459218,133574,0.291,15,0,990387,5,1,1
33,333743,87787,0.263,25,0,93120,4,1,1
22,33219,15204,0.458,16,1,54457,1,0,3
42,391021,187167,0.479,11,0,11675,0,1,1
53,257790,93304,0.362,6,2,344165,0,1,2
42,46576,22332,0.479,1,2,938824,5,1,2
55,141992,34144,0.24,24,2,339292,3,1,2
21,376282,174449,0.464,14,0,296695,1,0,1
19,473550,230472,0.487,10,1,977397,4,0,2
40,287337,20213,0.07,15,2,739319,3,0,3
18,416743,212629,0.51,17,1,732654,5,0,2
52,66545,15983,0.24,16,1,957262,4,0,0
50,350130,121721,0.348,3,2,927976,0,1,1
44,456604,157395,0.345,22,0,230804,0,1,1
46,204884,68271,0.333,10,1,451758,3,1,1
62,279970,8477,0.03,27,2,875842,0,1,3
63,434025,206958,0.477,23,0,786617,1,0,0
24,245152,81820,0.334,15,1,420871,2,1,4
32,349251,131328,0.376,10,1,84079,1,1,3
56,482451,43795,0.091,2,2,455755,3,0,0
53,331793,100117,0.302,17,0,464962,5,1,0
34,183599,101399,0.552,27,2,937911,0,1,4
63,205805,71285,0.346,12,1,974419,4,1,0
46,71529,29403,0.411,2,2,183455,1,1,3
50,321829,73590,0.229,18,0,835399,0,0,0
57,422112,100335,0.238,23,2,435128,4,1,2
48,23825,6216,0.261,17,2,504484,3,1,3
27,161749,34552,0.214,2,2,461107,5,1,2
30,148424,71097,0.479,8,0,220408,0,0,1
25,495890,192522,0.388,9,0,9096,0,1,1
62,283431,28902,0.102,29,2,414380,4,1,2
36,27213,7416,0.273,29,1,908171,0,1,3
28,436584,121853,0.279,24,0,744502,0,1,2
64,348995,55044,0.158,18,2,609288,0,1,3
20,313172,52953,0.169,14,2,69776,3,0,3
39,322661,74678,0.231,7,0,212243,4,0,0
39,327183,186027,0.569,5,2,645061,5,0,2
37,98363,58334,0.593,3,0,306844,0,1,0
19,32473,5325,0.164,23,0,304608,2,1,2
60,116988,10136,0.087,4,0,339126,3,0,0
23,131073,56188,0.429,7,1,529848,5,1,3
40,463738,45397,0.098,29,1,549535,4,1,2
30,465601,72008,0.155,12,2,70408,3,1,3
42,268140,113853,0.425,23,0,534228,1,1,2
34,207401,56158,0.271,12,2,148865,2,1,4
42,350240,89097,0.254,16,2,476673,1,1,4
27,78642,39956,0.508,16,1,395063,1,1,4
38,305110,180095,0.59,25,1,589413,0,1,3
35,137296,66858,0.487,27,0,862662,1,1,2
27,377297,124522,0.33,5,0,377546,1,1,1
45,365445,171967,0.471,13,0,699445,4,1,1
53,52171,29274,0.561,10,0,331798,3,1,0
58,202971,31641,0.156,29,0,998958,2,1,0
29,21304,10952,0.514,5,0,88327,2,1,2
26,143780,75390,0.524,4,0,461696,5,1,1
35,461752,274999,0.596,20,2,258845,1,1,4
24,418906,17521,0.042,19,2,144776,5,1,4
56,258282,6927,0.027,25,1,86849,1,1,2
65,369135,68058,0.184,27,2,416650,5,1,2
20,485847,225712,0.465,24,2,791376,2,0,4
41,293989,94833,0.323,11,2,216879,1,1,3
51,358551,84072,0.234,26,2,65711,5,1,2
41,132000,58509,0.443,19,1,828786,2,1,3
27,31357,6437,0.205,19,0,595326,0,1,2
60,323720,58318,0.18,15,0,446722,5,0,0
25,238422,28386,0.119,10,0,828017,4,0,0
48,394529,214836,0.545,30,1,63305,5,1,2
46,458868,146320,0.319,20,2,878777,0,1,4
53,248170,148751,0.599,3,2,228845,0,1,1
33,113366,8381,0.074,17,1,225449,0,0,3
39,138469,61843,0.447,14,0,981892,3,0,0
40,348904,52234,0.15,26,2,140813,4,0,3
65,439297,127761,0.291,7,0,933146,3,1,0
52,429680,138206,0.322,8,1,226270,0,0,0
49,75810,18191,0.24,27,1,950238,5,0,1
27,204168,15133,0.074,6,1,737770,1,0,2
29,493099,149574,0.303,16,0,87957,2,1,2
33,110947,13843,0.125,17,0,998613,1,1,2
50,253242,138074,0.545,16,1,903064,1,1,2
41,338883,124492,0.367,7,1,884588,3,1,1
27,456211,46446,0.102,5,2,438894,2,1,4
37,26125,14204,0.544,13,2,702871,4,0,2
20,20637,10866,0.527,10,0,678960,3,1,1
56,425096,219391,0.516,4,1,612050,1,1,1
41,490476,241328,0.492,10,2,193899,5,1,3
22,255113,79975,0.313,6,2,363021,5,0,3
29,80477,39074,0.486,22,1,589323,1,0,3
46,365357,196504,0.538,13,0,401889,2,0,1
50,145212,20396,0.14,7,2,87469,5,1,2
51,405905,224742,0.554,30,0,977882,3,1,0
35,184515,23823,0.129,18,1,25852,4,1,2
50,307793,140171,0.455,23,0,638451,3,0,0
55,347323,29236,0.084,23,2,830839,4,1,2
53,147845,12084,0.082,29,0,639340,0,1,0
42,413434,101428,0.245,27,1,996185,2,0,2
51,169874,21411,0.126,16,2,499727,4,1,2
59,450645,206157,0.457,18,1,741541,5,1,1
50,403899,231562,0.573,18,1,485685,1,0,1
45,431867,80224,0.186,26,0,351150,1,1,1
54,166859,58462,0.35,1,1,307034,2,0,0
33,387507,202273,0.522,16,1,174060,3,1,3
39,52261,21373,0.409,17,1,599952,4,0,2
30,126911,16646,0.131,22,2,407558,5,1,4
26,225870,82140,0.364,18,1,640477,3,1,3
49,284982,107210,0.376,25,0,100166,2,1,1
48,102804,41417,0.403,15,2,325397,1,1,4
50,187506,51125,0.273,25,1,729462,4,1,1
58,136048,65941,0.485,13,0,157182,5,1,0
49,62591,5057,0.081,8,1,775896,2,1,2
20,402340,6431,0.016,22,1,962798,3,1,3
51,173807,20203,0.116,7,1,364913,3,0,0
21,140973,36812,0.261,25,2,767111,2,1,4
28,260275,7998,0.031,4,1,66445,1,1,3
18,154144,17018,0.11,21,0,620056,2,1,2
29,298363,35448,0.119,1,1,461849,1,1,1
51,202469,23070,0.114,12,1,56690,3,0,0
29,389137,195511,0.502,2,2,865451,4,0,1
60,138292,51475,0.372,10,2,160749,4,1,1
33,128644,22297,0.173,29,1,974388,1,1,3
28,40121,7779,0.194,27,2,378808,4,0,3
37,201122,67607,0.336,7,0,406478,5,1,0
49,309929,9570,0.031,19,2,47907,1,0,3
53,424207,29887,0.07,4,0,310483,4,1,0
42,250639,125639,0.501,28,0,466032,5,1,1
21,426247,244891,0.575,9,1,635136,4,0,2
41,334636,35364,0.106,26,1,106330,2,1,3
56,139625,34655,0.248,1,1,476514,4,1,0
32,294823,32429,0.11,26,1,514824,0,1,3
39,126657,12784,0.101,18,2,130229,1,1,4
44,307794,100830,0.328,10,0,213869,3,1,0
49,101451,59414,0.586,26,1,99978,0,1,3
43,212455,21767,0.102,29,0,84244,0,0,0
30,46440,24675,0.531,6,2,750550,3,1,3
29,414741,152525,0.368,12,0,19507,4,0,0
51,295337,102192,0.346,10,2,321660,0,0,2
18,265739,36050,0.136,1,1,5050,2,1,2
24,390830,52431,0.134,22,0,995118,1,1,2
63,441864,228784,0.518,21,0,453413,2,1,1
61,186857,67806,0.363,4,1,529885,0,1,1
34,431864,88967,0.206,24,1,195984,5,0,2
36,367161,112771,0.307,3,1,507483,1,1,1
37,99941,9403,0.094,28,2,5017,3,1,3
22,65938,24729,0.375,15,0,168444,0,0,1
32,371504,124346,0.335,29,0,92862,1,1,2
39,469172,187992,0.401,5,1,550288,3,1,1
60,260456,118174,0.454,20,2,770064,1,1,4
47,58079,7484,0.129,19,0,310745,1,1,1
30,150366,22857,0.152,26,0,224458,2,0,1
62,199933,73718,0.369,12,2,20948,4,1,2
51,180074,39723,0.221,11,0,201157,1,0,0
54,219519,82627,0.376,12,0,529951,0,0,0
26,59137,7534,0.127,19,1,664945,4,1,3
40,56392,23731,0.421,29,2,162198,5,0,3
40,449723,183751,0.409,30,2,37232,5,1,4
41,77172,36769,0.476,19,0,981041,2,1,2
21,311144,62564,0.201,23,1,305718,2,0,3
63,97972,33424,0.341,2,2,965624,1,1,1
39,246371,37687,0.153,2,0,317055,5,0,0
32,54623,20063,0.367,4,2,214589,1,1,4
19,86224,30365,0.352,29,2,103376,3,1,4
61,161981,65883,0.407,10,2,500841,1,0,2
47,59435,17976,0.302,18,1,398506,1,1,3
28,393985,192471,0.489,22,2,320051,0,1,4
43,142660,31013,0.217,1,2,438824,4,0,1
35,201721,67104,0.333,12,1,179012,2,1,3
28,150115,29490,0.196,9,1,50650,5,0,1
48,453109,78396,0.173,6,0,67484,4,0,0
39,25293,9051,0.358,22,0,854259,3,1,1
64,279742,46970,0.168,8,0,99345,5,1,0
30,162009,85138,0.526,13,0,721841,4,1,1
56,31290,13739,0.439,9,2,117278,5,1,2
53,230760,130890,0.567,1,2,404220,2,1,1
26,485924,95888,0.197,13,0,358423,4,1,1
39,188702,73606,0.39,5,2,768595,1,0,3
42,296916,115990,0.391,28,1,873523,3,1,2
32,384479,178155,0.463,5,2,683306,1,1,4
41,362345,70651,0.195,30,2,289330,3,1,3
61,213766,14610,0.068,8,0,890567,3,1,0
65,93086,33205,0.357,28,2,242407,5,1,2
64,263705,127245,0.483,26,2,673317,2,1,4
37,250921,149218,0.595,18,1,521827,2,1,3
48,361016,40344,0.112,10,0,398267,2,1,1
25,434989,245377,0.564,7,1,41182,2,1,3
21,89086,27163,0.305,11,1,381760,3,0,1
61,46592,13309,0.286,4,1,351406,2,1,1
57,385525,151624,0.393,26,0,920118,4,1,0
21,126566,67395,0.532,12,2,416716,5,1,4
48,425219,46444,0.109,9,2,286965,1,1,4
59,189629,57523,0.303,23,2,123409,2,1,3
59,64280,13951,0.217,22,1,16915,5,1,1
59,260984,103902,0.398,5,1,463656,5,0,0
54,459174,58380,0.127,15,2,645737,0,0,2
39,403329,40682,0.101,13,2,373691,1,1,4
20,339117,143655,0.424,16,1,269024,5,0,3
58,243462,117024,0.481,2,2,20077,4,1,1
39,424655,171974,0.405,7,1,921556,5,1,2
51,174042,20565,0.118,4,2,575944,5,1,1
53,254068,62498,0.246,9,2,210339,2,1,3
38,392857,121128,0.308,23,2,609854,5,1,3
30,64379,6835,0.106,4,2,239173,1,1,4
62,160251,16955,0.106,25,2,460372,4,0,1
63,418517,151216,0.361,25,0,132645,3,0,0
61,156248,41161,0.263,17,1,714222,1,0,1
50,300512,168843,0.562,23,1,628590,2,1,2
45,197813,36977,0.187,25,0,6714,0,1,1
33,323056,119742,0.371,29,2,214862,4,1,4
38,103521,27151,0.262,10,2,175369,0,0,3
63,305239,8991,0.029,2,2,173697,1,1,1
32,174229,33363,0.191,11,0,713297,5,1,1
40,493701,276969,0.561,16,1,296317,0,1,3
24,474929,177483,0.374,17,0,503166,4,0,1
34,52481,12663,0.241,12,1,123311,2,1,3
39,490005,244198,0.498,22,0,160636,5,0,0
18,155605,87962,0.565,1,1,474677,5,1,1
51,469423,186607,0.398,14,0,131086,2,1,0
23,155282,69586,0.448,22,1,870038,1,1,4
48,302716,140172,0.463,22,1,191933,0,1,3
37,435004,235059,0.54,29,0,733210,5,1,1
22,277075,18068,0.065,10,2,452174,1,1,4
59,294187,71572,0.243,9,2,481268,4,1,2
60,329490,118993,0.361,23,2,77228,4,1,2
64,305605,10351,0.034,24,1,869060,0,1,1
58,110577,66339,0.6,13,1,668137,0,1,1
60,242658,100515,0.414,2,2,650222,2,1,1
59,253651,82027,0.323,25,2,139906,0,0,2
63,424549,121254,0.286,29,0,503669,2,1,0
29,127107,6943,0.055,10,1,112319,5,0,1
45,265649,109565,0.412,18,0,35402,0,1,2
53,476237,165059,0.347,9,0,141755,3,1,0
23,107738,11771,0.109,29,1,424517,4,1,3
26,423048,183480,0.434,19,0,477237,3,1,2
38,76843,39519,0.514,30,1,44935,3,0,2
25,178747,22673,0.127,20,2,828035,1,1,4
55,132259,32446,0.245,28,0,568366,3,1,0
20,94745,49660,0.524,12,0,11721,3,1,1
47,118215,46168,0.391,30,0,364258,0,0,0
41,162127,24760,0.153,25,1,921304,5,1,2
48,380841,78541,0.206,7,0,344421,4,0,0
51,448049,167352,0.374,24,2,937017,2,0,2
56,55183,20979,0.38,15,2,57194,1,1,3
37,147899,12807,0.087,25,1,182414,0,0,2
37,186812,81848,0.438,3,0,668987,1,1,0
43,278329,99022,0.356,28,1,106948,3,1,2
37,389898,165135,0.424,15,1,513622,5,1,3
30,107964,5711,0.053,11,2,535212,1,1,4
52,408222,205028,0.502,21,2,891580,3,0,2
49,186746,57703,0.309,27,1,742474,5,1,2
52,376463,12882,0.034,10,2,826998,1,1,2
27,181361,55411,0.306,8,2,109337,2,0,3
52,471784,182367,0.387,28,0,458093,1,0,0
38,27585,9122,0.331,5,2,672661,3,1,3
32,451967,89564,0.198,23,2,774393,3,1,4
57,306603,61782,0.202,15,0,1825,3,1,0
22,413245,166155,0.402,15,2,294306,4,0,4
19,466187,274883,0.59,24,1,620971,2,1,4
44,233704,84606,0.362,14,2,26250,5,1,3
37,275311,79363,0.288,26,1,621688,5,1,2
62,329345,190326,0.578,17,0,547526,0,1,1
56,89396,50211,0.562,12,1,249494,3,0,0
23,178207,35262,0.198,7,2,277833,4,1,4
27,350035,187730,0.536,25,1,428546,0,1,4
27,109422,47383,0.433,6,2,504803,2,0,4
34,207884,94825,0.456,20,1,70325,0,1,4
22,433742,201553,0.465,8,1,933510,3,1,3
45,352364,209462,0.594,17,1,846133,1,1,3
58,37401,20428,0.546,7,1,776890,4,0,0
49,370162,129768,0.351,1,1,531117,0,0,0
47,271181,116539,0.43,25,1,837948,0,0,3
59,169671,87045,0.513,29,0,287933,0,0,0
63,143189,30594,0.214,20,2,735712,5,1,2
46,376979,103123,0.274,5,0,960930,3,1,0
59,62044,32081,0.517,13,1,299347,4,1,1
21,66381,5076,0.076,25,2,476708,2,1,4
40,121415,26788,0.221,19,1,724764,1,0,2
62,105406,50147,0.476,11,2,549435,5,1,2
31,251129,84017,0.335,19,2,317649,2,1,4
37,429193,177637,0.414,26,2,232798,2,0,4
18,479187,48937,0.102,19,2,487242,2,1,4
33,96990,14668,0.151,24,1,911773,0,0,3
39,234888,89985,0.383,29,0,219684,5,1,1
52,436549,93295,0.214,28,1,634191,3,1,1
55,98845,40429,0.409,30,1,204818,3,1,1
19,311494,9698,0.031,8,0,10165,2,1,1
43,340228,21211,0.062,10,2,662737,5,1,3
41,178025,41801,0.235,6,2,870194,4,0,1
24,279717,164749,0.589,13,0,654593,2,1,2
36,29201,11783,0.404,6,1,58418,1,1,2
41,87583,14364,0.164,17,2,799523,4,0,3
46,47663,24845,0.521,14,1,758707,1,1,3
35,274928,97635,0.355,12,2,98901,0,1,4
38,50976,12299,0.241,26,0,245900,5,0,0
20,251601,14533,0.058,26,2,999787,3,0,3
55,54798,11685,0.213,2,1,374116,2,0,0
19,28164,9458,0.336,8,0,831594,0,1,2
33,460844,240221,0.521,23,2,524209,1,1,4
63,243773,41294,0.169,10,2,568257,5,0,1
54,263707,21472,0.081,2,2,961278,1,1,1
19,338687,153010,0.452,21,2,320168,1,1,4
18,343406,102155,0.297,4,1,221002,1,1,3
34,62517,25595,0.409,27,2,718131,0,1,4
56,141854,69813,0.492,16,2,784891,4,1,3
29,295894,32987,0.111,30,1,181613,2,1,3
24,309703,106223,0.343,30,1,149389,1,0,3
48,273267,77031,0.282,10,0,349117,4,1,0
30,82160,5635,0.069,15,1,60843,3,1,3
24,499221,233907,0.469,12,2,682177,3,1,4
40,403576,186265,0.462,12,2,296306,5,1,3
25,168455,22718,0.135,6,0,450615,0,1,1
41,211595,19870,0.094,16,0,449167,3,0,0
59,413048,75270,0.182,14,0,978324,2,1,0
29,291172,151504,0.52,12,0,212194,0,1,2
54,381523,19063,0.05,3,0,617484,5,0,0
65,276927,77964,0.282,6,1,526708,0,1,1
46,200161,101604,0.508,17,1,946468,1,0,2
43,455456,219521,0.482,4,2,621965,5,1,3
39,299729,100131,0.334,28,2,951031,5,1,3
19,467814,84220,0.18,17,2,725267,3,1,4
26,96749,53513,0.553,21,2,237012,5,0,4
34,344690,112879,0.327,24,1,464843,0,1,3
41,307401,90054,0.293,25,0,44221,2,1,1
29,146489,63543,0.434,12,0,946058,1,1,2
36,85199,20223,0.237,29,1,204635,3,0,1
49,107057,29715,0.278,19,0,500269,5,0,0
59,200112,83270,0.416,26,1,996570,2,0,1
23,209319,63975,0.306,19,1,877714,0,1,3
33,185583,51051,0.275,23,1,632230,0,0,2
37,194304,58214,0.3,8,1,588150,1,1,2
65,135784,50267,0.37,16,2,371879,2,1,3
64,216370,18805,0.087,15,1,54716,1,1,2
52,23399,10378,0.444,2,0,338637,3,1,0
64,374818,86344,0.23,15,1,11809,1,1,1
50,203560,61632,0.303,8,1,899891,1,0,0
40,29275,8581,0.293,4,2,691214,5,1,3
20,232637,133684,0.575,17,1,564153,1,1,4
24,37830,21205,0.561,26,2,601643,3,0,4
22,35091,18853,0.537,21,1,844785,4,1,3
52,309112,176277,0.57,12,1,649689,1,1,1
27,170990,23256,0.136,11,1,384090,4,1,2
21,219336,55106,0.251,28,0,490320,0,1,2
32,485696,82838,0.171,9,0,393423,3,1,0
49,77109,36219,0.47,17,0,875900,0,1,2
35,409470,185357,0.453,2,2,617769,4,0,2
43,497332,135241,0.272,8,1,977074,3,1,1
41,170002,54987,0.323,20,2,621371,0,1,4
26,155121,19947,0.129,19,0,979424,0,0,1
31,292137,16465,0.056,18,0,338141,1,1,2
58,346543,11356,0.033,15,1,609668,4,1,1
43,124008,32011,0.258,28,1,642627,4,1,2
55,256729,118570,0.462,25,0,81468,1,1,1
50,232694,52266,0.225,27,0,189287,2,1,0
62,20969,5592,0.267,3,0,617365,5,1,0
27,102404,37476,0.366,6,2,483338,0,1,4
47,208214,109531,0.526,26,0,240655,4,1,1
40,394415,72345,0.183,19,1,70793,3,1,2
36,193861,95404,0.492,27,2,328141,4,1,4
55,205361,37544,0.183,1,1,474392,5,0,0
21,106891,28229,0.264,18,1,363298,2,1,3
37,161072,85824,0.533,11,0,316376,3,1,1
59,216012,47736,0.221,21,0,402867,3,1,0
60,228130,133928,0.587,11,0,341572,1,0,0
35,230670,6363,0.028,20,2,345328,4,0,3
49,285446,118466,0.415,17,0,941015,3,1,1
53,403241,64269,0.159,7,0,451614,2,1,0
42,265954,149797,0.563,26,1,750707,3,0,1
22,97080,26514,0.273,8,1,540993,3,0,1
54,381278,78916,0.207,7,0,3877,0,1,0
62,68555,29130,0.425,26,2,372072,5,1,3
53,168691,74503,0.442,20,1,551776,3,1,1
47,75277,11634,0.155,17,0,578523,5,1,0
65,377803,140915,0.373,28,0,838093,5,1,0
34,267610,77968,0.291,22,0,641992,2,0,1
29,105923,23697,0.224,16,2,891751,5,1,4
56,57982,30005,0.517,27,0,519892,4,1,0
38,63408,11487,0.181,6,0,917297,4,1,0
49,230042,82952,0.361,17,1,421410,1,1,3
57,308558,150450,0.488,20,0,135772,5,1,0
23,184500,110685,0.6,8,1,125074,0,0,3
28,315727,183350,0.581,27,1,143361,5,0,3
19,419721,135768,0.323,8,1,196591,5,1,2
29,35327,11192,0.317,24,1,616196,2,1,3
49,483340,164152,0.34,1,1,447427,0,0,0
65,403075,45849,0.114,23,2,600688,0,0,2
53,491376,204969,0.417,12,0,881455,2,1,0
39,166424,52820,0.317,12,1,743708,1,1,2
19,60194,18788,0.312,24,2,433099,3,1,4
64,389395,49537,0.127,22,2,523273,4,0,1
63,183277,94944,0.518,14,1,465075,1,1,1
62,229611,105513,0.46,29,0,205908,2,1,1
29,90908,43918,0.483,9,1,999896,1,0,3
27,281372,114768,0.408,20,0,751266,4,1,2
63,90775,15078,0.166,17,2,231673,3,1,2
47,498472,206943,0.415,27,2,777574,1,0,4
51,47134,5917,0.126,29,1,217129,3,1,1
62,56189,25599,0.456,11,1,166561,4,1,1
42,342549,66305,0.194,21,0,200633,4,0,0
40,451252,180621,0.4,20,0,46257,3,1,0
49,434026,25311,0.058,24,2,165992,2,1,4
48,437360,10622,0.024,18,2,757438,0,1,4
27,176295,26865,0.152,29,1,981153,2,0,3
41,39374,21605,0.549,5,2,615839,0,1,4
22,26309,7755,0.295,7,2,143206,5,1,3
19,297713,168299,0.565,13,0,89059,1,1,2
21,130648,29520,0.226,17,0,19734,3,1,1
53,54819,25085,0.458,23,0,565992,1,1,1
45,477172,272418,0.571,19,2,882894,5,1,4
56,424719,53392,0.126,1,2,70904,1,0,0
41,292018,59822,0.205,29,0,95987,2,1,1
61,344640,60186,0.175,11,2,550008,2,0,1
27,202387,57164,0.282,23,2,146712,4,1,4
41,400391,63900,0.16,29,2,738936,3,1,3
25,320201,158676,0.496,5,1,885032,1,1,3
20,438908,63420,0.144,16,1,701040,4,1,3
34,172531,17554,0.102,12,0,626618,1,0,1
38,167289,72541,0.434,6,2,782842,5,1,3
57,310088,145216,0.468,11,1,725375,5,1,1
41,156663,61395,0.392,19,0,317629,1,1,1
21,317555,129115,0.407,22,2,99772,4,1,4
57,186268,82221,0.441,3,0,638471,4,1,0
22,337123,186410,0.553,18,1,954359,3,1,3
44,427011,110856,0.26,1,0,653077,3,1,0
31,182632,16282,0.089,8,1,678403,0,1,3
48,397150,98928,0.249,6,2,677186,2,1,3
30,447924,160343,0.358,21,0,582275,0,1,2
64,250435,88731,0.354,5,1,813435,0,1,1
43,464912,46274,0.1,2,2,30653,5,0,0
23,493530,280560,0.568,8,1,353079,5,1,3
61,60721,32990,0.543,6,2,11227,3,1,2
35,350345,160879,0.459,1,2,648226,5,1,3
38,309095,25264,0.082,18,1,675109,2,1,3
38,369068,215120,0.583,13,0,497960,3,1,0
36,199869,13079,0.065,24,0,513604,5,0,0
20,499129,251635,0.504,6,1,630100,4,1,2
56,159972,38485,0.241,18,0,670374,3,1,0
57,235928,44459,0.188,6,1,787669,3,1,0
53,399919,41326,0.103,14,2,412453,0,1,2
33,138548,76296,0.551,29,2,243083,3,1,4
54,362494,169155,0.467,26,0,836960,2,1,1
61,433621,150554,0.347,26,2,894457,5,1,2
42,72136,33962,0.471,29,0,284380,3,0,0
53,379369,50213,0.132,8,0,884594,4,0,0
23,162645,48334,0.297,28,0,406373,2,1,2
38,390196,213343,0.547,27,2,6732,1,1,4
45,96964,16311,0.168,22,1,432795,0,0,2
18,141227,84244,0.597,2,2,638975,4,1,3
24,208812,69949,0.335,2,0,821809,1,0,0
47,161370,40848,0.253,28,2,804176,2,1,4
40,480478,64633,0.135,22,0,702105,3,1,1
46,406080,236831,0.583,25,2,964828,4,1,4
28,434879,142023,0.327,8,1,337774,1,1,3
22,252949,15485,0.061,3,2,776106,2,0,2
36,461514,98153,0.213,7,1,830665,3,0,0
55,439488,147914,0.337,4,0,133154,4,1,0
21,327453,25180,0.077,25,2,783783,4,1,4
24,359546,115551,0.321,19,0,645111,1,0,1
44,399397,65361,0.164,13,2,152472,1,1,3
51,458598,51129,0.111,17,2,73524,1,0,2
61,413719,75880,0.183,20,1,702936,4,1,1
54,35213,16179,0.459,13,0,846620,0,1,0
32,267647,14515,0.054,2,0,568632,4,1,0
34,458810,267160,0.582,11,2,341030,1,1,4
46,324172,173151,0.534,24,2,363184,2,1,4
39,490370,226344,0.462,27,1,819282,4,1,2
43,105061,57034,0.543,6,2,340492,4,0,2
26,147852,41516,0.281,14,2,775960,1,0,4
24,237687,123371,0.519,10,1,196398,3,1,3
64,472697,82774,0.175,11,0,199302,3,1,0
55,213717,24650,0.115,10,1,772148,1,1,1
54,87958,44994,0.512,22,1,601856,4,1,1
65,482863,231709,0.48,19,0,224478,3,1,0
45,180770,99686,0.551,16,0,376875,2,0,1
37,223679,25578,0.114,13,2,802963,2,1,4
42,339363,106243,0.313,17,0,724512,5,0,0
29,454335,82093,0.181,25,0,649401,5,1,1
48,222898,104612,0.469,21,1,635315,3,1,3
38,333073,37827,0.114,2,2,97654,3,1,1
35,157530,14151,0.09,22,2,334168,5,1,4
65,195848,67323,0.344,11,2,666530,4,1,2
57,184805,12444,0.067,28,2,88598,2,1,3
27,412889,186211,0.451,20,0,550343,2,1,3
21,189640,25760,0.136,2,0,95368,1,1,0
30,492037,21643,0.044,2,2,58126,0,1,3
34,197507,8794,0.045,7,2,143404,2,1,4
45,140973,16036,0.114,18,0,315308,4,1,1
49,266545,86795,0.326,23,1,11829,1,1,3
57,437531,52457,0.12,28,2,122950,2,1,3
34,222032,128070,0.577,20,1,357933,4,1,3
53,23372,13208,0.565,15,1,260529,2,1,2
62,50632,10725,0.212,1,0,611445,3,1,0
50,260920,41843,0.16,11,2,423086,4,0,1
50,329545,149064,0.452,15,2,934260,3,0,2
29,149970,11586,0.077,8,1,600465,5,0,1
24,226725,135117,0.596,22,0,515470,1,1,3
27,99874,35173,0.352,14,1,27328,0,1,3
33,227759,70524,0.31,20,0,539439,2,1,2
21,408703,69108,0.169,8,1,891622,2,0,2
62,437326,54365,0.124,28,0,448920,0,1,0
30,435838,160916,0.369,9,1,106276,2,1,3
57,261170,60387,0.231,11,0,513755,2,0,0
33,286220,111694,0.39,15,2,128798,3,0,3
29,86038,17756,0.206,26,2,251585,5,1,4
34,338702,173559,0.512,5,0,920374,0,1,1
65,352003,97506,0.277,23,1,791893,1,1,2
65,53117,5440,0.102,25,2,986192,0,1,3
27,46038,11949,0.26,15,1,582061,1,1,3
31,431330,37803,0.088,26,0,129997,5,1,1
53,402923,199225,0.494,29,2,642641,0,1,3
30,397308,28810,0.073,29,2,877326,4,1,4
32,239058,21303,0.089,7,2,87389,1,1,4
42,271914,152712,0.562,16,0,527279,1,1,2
34,284186,154637,0.544,19,0,298470,5,1,1
24,384332,173620,0.452,21,0,957789,2,1,3
56,367456,212070,0.577,24,2,763070,2,1,3
62,455821,254699,0.559,12,2,380031,2,1,3
39,79739,41320,0.518,26,2,278462,2,1,4
42,188892,66800,0.354,22,2,555104,2,1,4
54,354966,80604,0.227,14,1,742068,4,1,0
25,407174,119541,0.294,19,2,68737,0,0,4
47,487448,126443,0.259,27,1,487377,3,1,2
53,246685,111234,0.451,22,1,657782,4,1,1
37,438384,160091,0.365,28,0,338424,2,1,1
47,415716,123981,0.298,3,0,26921,3,1,0
32,91656,46253,0.505,12,1,874454,4,1,2
39,369375,109791,0.297,13,0,269024,1,1,1
42,107941,63704,0.59,17,2,938208,5,1,4
54,394575,95179,0.241,11,1,926716,4,1,0
64,85265,6382,0.075,21,2,435512,0,0,2
44,152777,76533,0.501,16,2,502911,0,0,4
29,49402,13759,0.279,17,0,792157,1,1,2
35,178456,67993,0.381,18,0,370177,3,1,1
31,332110,21515,0.065,7,2,3573,5,0,3
19,63915,10060,0.157,7,1,45610,5,0,1
26,301561,50440,0.167,8,0,214463,3,1,1
31,201366,116708,0.58,14,0,247368,1,0,1
63,317090,54884,0.173,25,0,915083,5,1,0
18,23756,11061,0.466,16,2,594318,2,1,4
58,104688,19385,0.185,29,2,199948,3,1,2
37,53043,28582,0.539,8,2,432038,0,0,3
47,413252,168474,0.408,19,1,418246,3,1,3
29,493789,155111,0.314,2,1,637288,1,0,0
51,434062,34152,0.079,6,2,648675,4,1,1
52,360897,46999,0.13,18,1,702757,1,0,1
35,335974,18133,0.054,18,0,767981,5,1,1
39,336489,47585,0.141,15,1,804840,1,1,3
45,101761,12202,0.12,28,2,485693,5,1,3
35,117148,11716,0.1,1,0,555289,2,1,0
55,76492,44590,0.583,26,1,969205,0,1,2
63,422149,224300,0.531,19,1,927410,2,0,1
40,207225,35571,0.172,23,2,118792,5,1,3
30,451878,77928,0.172,7,1,349942,2,1,3
33,198703,96435,0.485,18,2,72944,5,1,4
36,55059,29114,0.529,2,2,860397,5,0,1
45,233023,29104,0.125,4,2,241955,2,1,3
40,28769,8909,0.31,8,2,12268,4,1,3
32,191398,83807,0.438,26,1,805897,4,1,3
28,41310,22125,0.536,15,2,9764,4,0,4
50,158498,27887,0.176,23,2,137558,2,0,2
49,305950,142045,0.464,8,2,963443,5,1,3
19,370906,93484,0.252,28,0,506796,4,0,0
40,54828,8334,0.152,23,0,288967,1,0,1
61,109860,19003,0.173,8,2,753997,0,0,2
52,368844,107960,0.293,27,2,395881,3,1,2
56,302031,156898,0.519,5,0,434121,3,0,0
22,300257,47861,0.159,24,1,884762,4,1,3
61,65047,9137,0.14,28,2,437372,3,1,2
20,449528,28363,0.063,30,1,501166,2,1,4
30,106934,37691,0.352,4,0,578985,4,1,0
59,300348,28268,0.094,19,2,487123,3,1,2
62,310580,140197,0.451,23,0,959038,4,1,0
35,107533,38521,0.358,29,0,302118,4,0,0
65,204391,17869,0.087,28,1,711658,0,0,1
23,96579,14570,0.151,7,2,436303,1,1,4
27,347499,167768,0.483,13,2,460333,2,0,4
43,463853,27129,0.058,30,1,772668,4,1,2
45,120022,15624,0.13,13,2,577218,0,0,3
59,83503,12124,0.145,13,2,462715,3,1,2
28,357621,60283,0.169,14,1,2700,5,0,1
56,209219,18339,0.088,27,2,731980,2,1,3
35,448121,198833,0.444,29,1,507619,2,1,4
31,482321,102585,0.213,5,0,213440,3,1,0
46,48401,17202,0.355,9,2,234891,2,1,3
42,276556,118765,0.429,16,1,379472,3,1,2
32,143836,45185,0.314,15,2,501078,2,1,4
65,129626,68690,0.53,13,1,144679,0,1,1
56,179282,49088,0.274,4,2,887063,0,1,2
50,393933,235179,0.597,10,2,325709,3,1,2
53,484443,8532,0.018,30,2,436330,2,0,2
39,27085,9179,0.339,21,1,7386,1,0,2
36,477476,81566,0.171,19,1,178441,4,1,2
54,44486,11498,0.258,13,1,740321,3,1,0
64,143141,24318,0.17,28,1,43162,4,1,1
52,425350,135091,0.318,15,2,79837,5,1,2
44,104194,33443,0.321,5,0,878135,5,1,0
35,493130,60881,0.123,29,1,75909,0,0,3
21,104833,21587,0.206,16,1,797168,1,1,3
53,277989,161796,0.582,28,2,865126,3,0,2
58,429209,65403,0.152,12,2,473675,4,1,2
40,213356,64976,0.305,24,2,440925,0,0,3
32,335912,53544,0.159,9,2,498909,0,1,4
42,471452,82678,0.175,24,2,71587,0,1,4
60,487832,203491,0.417,22,2,8338,4,1,3
33,324567,80973,0.249,5,2,815668,0,0,3
23,390458,69262,0.177,17,0,84984,3,1,1
44,133117,18333,0.138,15,0,939951,5,1,0
28,216282,97681,0.452,25,0,34253,4,1,2
50,359846,189646,0.527,7,0,684661,3,1,0
44,437069,39713,0.091,27,0,77481,5,1,0
60,297119,78247,0.263,24,1,798537,5,1,1
30,221168,87119,0.394,9,0,40615,3,1,1
24,174256,94446,0.542,6,0,117456,1,1,2
62,263783,64895,0.246,30,2,546278,4,1,2
51,189271,37187,0.196,27,1,772169,4,0,0
32,196589,37456,0.191,12,0,455453,4,0,0
24,404884,34681,0.086,4,1,702583,3,0,1
20,90459,47019,0.52,17,2,579178,3,1,4
58,473988,72696,0.153,13,1,122359,5,0,0
18,28255,7699,0.272,22,0,441385,4,1,1
34,432114,186155,0.431,16,2,249416,0,1,4
63,471102,84486,0.179,25,1,180875,2,1,2
30,156116,70123,0.449,1,0,877346,5,0,0
51,450805,19559,0.043,29,0,834861,2,0,0
21,226145,128297,0.567,11,1,236932,0,0,3
35,419938,25100,0.06,28,0,220595,5,1,1
36,286984,91069,0.317,7,1,5699,1,1,2
45,146473,29774,0.203,1,2,954756,1,0,1
33,150171,18269,0.122,2,1,195619,3,1,0
26,431781,129534,0.3,26,0,440194,5,1,1
61,326774,176656,0.541,21,0,165211,2,0,0
56,397014,100395,0.253,10,0,832192,0,1,0
43,471244,18348,0.039,23,0,638657,2,0,1
42,185127,107305,0.58,7,0,722271,1,1,1
64,118328,22538,0.19,13,1,935347,3,0,0
44,291055,68000,0.234,26,0,371719,3,1,0
41,252548,51809,0.205,15,1,483321,4,1,2
55,258713,101320,0.392,18,1,614524,1,1,1
57,422101,137448,0.326,20,1,658206,1,1,2
44,178736,11780,0.066,4,0,631673,2,0,0
64,188115,92458,0.491,12,2,665916,3,1,2
44,394046,50995,0.129,20,1,586257,4,1,2
33,485058,204613,0.422,27,0,40765,2,1,2
20,401522,189698,0.472,11,1,224876,1,1,3
27,479281,159534,0.333,26,2,118409,2,0,4
25,125317,49555,0.395,3,1,862645,2,1,2
64,334689,179606,0.537,17,1,816678,1,1,2
64,433059,22505,0.052,27,2,979113,5,1,2
22,94385,34628,0.367,4,0,166449,3,1,0
49,166441,28807,0.173,9,1,686423,4,0,1
63,177400,74098,0.418,24,1,921710,5,1,1
22,383895,223842,0.583,9,0,572959,0,1,2
19,181711,65874,0.363,23,2,370603,4,1,4
18,29676,9234,0.311,29,2,465594,2,0,4
46,475636,57097,0.12,6,2,398645,0,1,3
58,213171,107599,0.505,1,1,613687,5,1,0
48,462395,137970,0.298,24,0,592251,1,1,1
26,24902,10236,0.411,25,2,241372,1,0,4
50,254074,102143,0.402,2,1,762380,4,1,0
60,88495,23611,0.267,18,1,726960,2,0,1
64,273134,69546,0.255,26,2,193948,3,1,2
65,128747,36708,0.285,30,0,809814,1,1,0
55,233752,27791,0.119,17,1,375253,5,1,1
54,131141,67309,0.513,8,0,512820,5,0,0
19,130159,28091,0.216,1,1,384379,0,1,1
55,448625,55581,0.124,22,2,607842,2,1,3
21,108560,25341,0.233,5,0,954718,5,1,0
35,251437,92095,0.366,19,1,200473,3,1,3
53,379057,54229,0.143,16,2,554358,3,1,2
29,321585,121190,0.377,13,0,599331,4,1,1
40,73409,15868,0.216,26,1,618335,4,1,2
37,369033,117168,0.318,11,1,243543,3,1,1
48,90160,28103,0.312,9,1,290678,4,0,0
18,129620,63952,0.493,23,0,903868,4,1,1
49,156475,69052,0.441,8,1,940118,1,1,3
21,255910,124392,0.486,2,1,101471,4,1,1
63,154928,36051,0.233,20,1,502434,5,1,1
35,170678,91911,0.539,22,2,952823,1,1,4
56,65318,7214,0.11,26,2,836301,4,0,1
64,60522,11940,0.197,10,2,888368,0,1,3
32,260957,144280,0.553,22,1,237648,3,1,3
50,304857,37267,0.122,25,1,425775,1,1,1
20,314524,46284,0.147,3,2,996378,4,1,3
58,386708,81803,0.212,2,0,184821,0,0,0
22,362679,93855,0.259,29,1,116958,4,1,3
23,34853,6271,0.18,5,1,226560,3,1,2
55,325459,108245,0.333,11,1,368692,5,1,0
26,462317,222022,0.48,11,0,562829,2,0,1
24,35930,8518,0.237,7,2,5378,2,1,4
33,410478,123684,0.301,27,1,93104,5,1,3
46,398821,151540,0.38,18,1,270318,4,0,1
34,130760,45452,0.348,2,2,703671,3,1,2
28,409257,81827,0.2,7,1,776524,4,1,2
22,447274,62450,0.14,16,1,647054,4,1,3
23,389162,44440,0.114,15,1,948643,2,1,4
20,202241,77209,0.382,15,0,298421,1,0,1
47,221744,76121,0.343,18,2,109777,2,0,3
45,433602,185853,0.429,1,2,329514,1,1,3
53,150263,7353,0.049,23,0,532491,2,0,0
30,371105,39723,0.107,29,2,954337,3,0,3
18,176248,40097,0.228,11,2,114177,2,1,4
33,78990,20229,0.256,29,2,221070,0,0,4
60,263481,62210,0.236,12,1,243769,0,0,1
44,296243,107341,0.362,19,2,843595,2,0,3
62,458083,114478,0.25,21,1,865167,2,1,2
44,144128,81427,0.565,25,0,295434,4,0,0
55,31801,12326,0.388,22,1,245907,4,1,1
25,377508,79667,0.211,4,1,573042,3,1,2
56,160487,53846,0.336,21,2,531760,2,1,3
58,67083,7017,0.105,29,0,836941,3,1,0
55,326167,171308,0.525,28,0,790668,3,0,0
32,121349,64347,0.53,22,1,798083,4,1,3
49,461338,149661,0.324,25,2,871990,0,1,4
50,226217,92009,0.407,19,1,744770,4,1,1
58,263414,69430,0.264,6,1,486080,2,1,1
34,73662,6874,0.093,30,1,704347,0,0,3
58,166874,86658,0.519,8,2,480405,5,1,2
19,194943,52165,0.268,19,1,553109,5,0,2
18,422860,142525,0.337,2,1,898477,0,1,1
58,323272,92498,0.286,4,2,384596,3,1,1
44,166362,8667,0.052,29,1,868894,2,0,2
38,403503,79674,0.197,16,1,394414,3,1,2
65,346180,90223,0.261,16,0,861376,3,1,0
49,94229,48831,0.518,5,2,696731,1,0,3
25,202371,41636,0.206,13,2,309272,5,1,3
51,143405,19876,0.139,16,0,18262,1,1,0
21,436267,164457,0.377,4,1,499597,2,1,3
30,64561,22058,0.342,23,1,33779,1,1,3
37,269369,105477,0.392,25,2,783843,0,1,4
47,172157,33787,0.196,29,2,50615,2,1,4
25,229962,124123,0.54,9,2,17945,3,0,3
46,423150,181602,0.429,17,2,982599,3,1,4
36,201214,72656,0.361,10,0,117129,5,0,0
22,54902,25838,0.471,23,0,35571,0,1,3
29,195010,62203,0.319,14,1,72649,1,1,3
28,297755,9490,0.032,22,0,453850,1,1,2
65,165639,93421,0.564,30,2,778162,4,1,3
19,463276,21833,0.047,25,2,387884,1,1,4
64,250684,86438,0.345,14,1,396561,2,0,0
19,477749,208643,0.437,5,2,950803,3,1,4
49,304249,18736,0.062,10,0,417528,4,0,0
64,457213,238367,0.521,7,2,967713,5,1,2
59,459072,57685,0.126,27,2,519794,5,1,2
42,232848,92995,0.399,19,2,978442,2,0,3
51,447762,71219,0.159,23,2,976063,1,1,3
19,222517,17869,0.08,7,0,906261,5,1,1
29,168347,25191,0.15,21,2,445008,1,1,4
42,152855,83649,0.547,10,1,662342,1,1,3
24,395796,230010,0.581,6,0,265080,0,1,2
42,317331,71935,0.227,9,0,941692,5,1,0
54,394884,37286,0.094,30,1,172121,5,1,1
59,161636,70533,0.436,23,2,586623,4,1,3
27,124931,69975,0.56,15,0,166826,2,1,3
46,68068,21560,0.317,18,2,327296,4,1,3
44,396024,123440,0.312,21,1,732275,4,1,2
19,234867,101791,0.433,23,0,764452,5,1,2
41,421931,223605,0.53,11,2,351156,5,1,3
38,24718,10950,0.443,26,2,354448,3,1,4
35,139804,49782,0.356,23,2,627314,5,1,4
28,453413,134110,0.296,9,1,731705,5,1,2
62,29868,10498,0.351,4,0,888557,5,1,0
36,353246,156425,0.443,13,2,519521,0,1,4
20,186234,81587,0.438,7,0,189576,5,1,1
48,236007,132446,0.561,18,0,802542,0,0,1
36,310674,5893,0.019,10,0,813317,0,1,1
23,64741,18164,0.281,4,1,59175,2,1,3
26,315690,139547,0.442,20,2,154342,1,1,4
52,412886,198666,0.481,1,1,711865,1,1,0
46,129718,20395,0.157,6,0,109009,5,1,0
59,74040,36305,0.49,7,1,607398,3,1,1
60,95764,14218,0.148,19,1,215555,5,1,1
64,417771,51095,0.122,20,2,103748,3,1,2
59,161305,8088,0.05,15,1,838665,3,1,1
20,232886,91392,0.392,28,1,677548,3,1,3
41,346418,149458,0.431,8,1,693799,5,1,2
31,246286,109636,0.445,12,1,468747,2,1,3
50,133388,72957,0.547,16,1,412683,0,0,1
20,436191,24449,0.056,20,1,805891,3,1,3
53,391478,65140,0.166,19,1,444266,1,0,1
63,227267,97305,0.428,16,0,827159,1,1,1
32,131489,18303,0.139,19,2,315592,1,1,4
59,158863,5485,0.035,25,1,262481,4,1,1
37,21471,11727,0.546,27,0,771567,1,1,2
23,287808,93859,0.326,24,1,398595,1,1,3
28,114754,55598,0.484,10,2,617801,4,1,4
33,498019,61955,0.124,28,1,361035,3,0,1
33,296341,79923,0.27,2,2,997879,4,1,2
61,118172,23515,0.199,10,0,808459,0,0,0
36,314688,90263,0.287,18,1,293270,1,1,2
59,254477,72967,0.287,25,1,806878,3,1,1
60,438706,174083,0.397,11,1,569390,0,1,1
41,106070,39968,0.377,8,1,368675,1,0,1
44,449940,115847,0.257,18,1,664059,1,0,2
41,426705,55557,0.13,5,2,580727,4,1,2
18,185584,81711,0.44,23,1,525049,2,0,3
24,310577,77715,0.25,2,1,856412,4,1,1
44,491563,176064,0.358,14,1,600296,5,1,1
36,276146,20958,0.076,29,2,727979,0,1,4
49,282483,115083,0.407,1,0,855692,5,1,0
58,383939,67977,0.177,22,1,524840,3,1,1
31,20860,5290,0.254,18,0,399086,5,1,1
62,87296,16274,0.186,5,0,208774,1,1,0
59,210808,57996,0.275,16,0,292150,2,1,0
31,23447,10584,0.451,21,1,566408,1,1,4
52,287479,161850,0.563,22,1,282701,4,1,1
19,40575,12312,0.303,28,0,4616,4,1,1
47,153662,35870,0.233,18,2,575497,0,0,3
52,262122,149843,0.572,9,2,242220,4,1,2
28,40936,22905,0.56,27,0,450488,3,1,2
30,352442,105057,0.298,29,0,595605,0,1,2
36,222021,130022,0.586,29,2,502158,5,1,3
46,482584,73147,0.152,2,0,43042,5,0,0
64,404369,73882,0.183,23,0,4200,3,0,0
22,294582,69344,0.235,1,1,120127,4,1,1
45,219791,36354,0.165,14,0,210883,1,1,1
50,131568,54178,0.412,10,0,474694,0,1,0
58,88483,48275,0.546,26,2,381322,4,1,3
18,165713,79499,0.48,4,0,313051,3,1,1
53,113435,20658,0.182,28,0,588205,3,1,0
49,218822,13000,0.059,11,1,979908,5,1,1
30,475279,153694,0.323,15,2,266978,5,1,4
24,366308,145921,0.398,29,1,958086,2,1,4
40,119427,50289,0.421,30,0,362691,5,1,1
51,371004,6706,0.018,10,2,591436,1,0,2
49,356725,161371,0.452,16,1,696136,3,0,1
54,471180,53215,0.113,8,2,90162,0,1,2
42,58829,18532,0.315,23,1,651336,0,1,3
18,366048,149295,0.408,18,2,685621,0,0,4
53,97240,51088,0.525,22,1,715123,1,1,2
48,116608,54375,0.466,11,1,364226,4,0,1
31,105643,39291,0.372,26,0,193607,0,1,2
58,237507,24005,0.101,18,1,780004,0,1,1
60,247243,136777,0.553,23,1,904654,4,0,1
44,481071,65216,0.136,4,1,262353,2,1,2
48,351642,149100,0.424,2,2,152975,5,0,1
30,281056,132215,0.47,4,0,249937,0,1,1
23,291312,73109,0.251,30,1,953555,5,1,3
52,171023,75911,0.444,10,2,739427,0,0,2
46,234798,102969,0.439,16,0,46408,2,0,1
54,363521,96118,0.264,17,2,26505,5,1,2
51,167784,73193,0.436,18,2,350036,0,1,4
29,243656,143654,0.59,2,0,398723,3,1,0
64,26242,14521,0.553,13,1,654302,3,1,1
61,170641,66947,0.392,24,0,322081,5,0,0
32,177438,84504,0.476,19,1,141448,2,1,4
21,61684,35711,0.579,2,2,155642,4,1,3
54,470738,36391,0.077,13,0,380215,5,1,0
49,345140,6283,0.018,9,2,334322,5,0,2
47,398973,169575,0.425,28,2,670288,0,0,4
63,442662,103975,0.235,29,0,984670,0,1,0
42,417117,118094,0.283,12,2,87597,2,1,4
25,386704,150213,0.388,11,1,636260,5,0,1
63,121483,37668,0.31,4,2,226218,3,1,1
49,243957,35375,0.145,29,0,903044,5,1,0
19,60664,24509,0.404,16,1,976463,2,0,3
22,188501,108170,0.574,6,2,734061,1,1,4
55,140759,75148,0.534,14,0,978058,0,1,0
19,304160,149320,0.491,25,0,620832,5,1,2
53,199348,63451,0.318,4,1,167086,0,1,1
29,475486,165236,0.348,10,1,770629,3,0,1
57,295634,11044,0.037,10,1,552132,4,1,0
64,72232,40228,0.557,14,1,824125,5,1,1
51,37060,18232,0.492,10,1,690641,0,1,1
54,389750,205937,0.528,17,2,754719,4,1,3
56,196221,84369,0.43,23,1,166852,4,0,1
44,390257,31199,0.08,9,1,990991,5,0,0
23,276738,95640,0.346,13,1,584827,0,1,3
58,158703,15884,0.1,15,0,363321,3,0,0
52,432067,66816,0.155,15,1,986999,0,0,1
25,334664,180017,0.538,11,0,654318,2,1,2
59,208151,57900,0.278,24,2,569398,0,0,2
65,354374,75542,0.213,23,1,435644,3,1,1
60,286629,71771,0.25,27,0,97519,0,1,0
42,490908,92599,0.189,29,0,677159,2,1,1
38,394041,180311,0.458,24,0,434159,3,1,1
34,328904,11476,0.035,9,1,98138,1,1,3
60,48439,8400,0.173,25,1,915850,2,0,1
41,438596,64853,0.148,28,2,842594,0,0,3
44,321035,141002,0.439,23,1,762435,1,1,3
43,120434,28593,0.237,28,0,936388,2,1,1
58,387215,219489,0.567,27,0,406798,5,0,0
58,212259,89724,0.423,21,2,499348,3,0,2
24,122318,8505,0.07,7,1,931922,3,1,2
37,435419,98566,0.226,11,0,216382,5,0,0
52,303074,84029,0.277,4,2,267868,2,1,2
35,276462,130762,0.473,17,0,873373,2,1,3
57,427851,210150,0.491,27,2,424558,0,1,4
61,95952,24171,0.252,19,1,448929,0,1,2
18,222345,70499,0.317,23,2,254334,4,0,3
63,380675,116473,0.306,9,1,750273,1,1,1
25,68481,14121,0.206,5,0,259005,3,1,1
21,361373,39600,0.11,20,2,518298,0,0,4
51,31358,10807,0.345,11,2,52268,1,1,2
38,108104,33106,0.306,22,0,493467,2,0,1
32,449640,59034,0.131,27,1,79372,2,0,2
58,154706,54366,0.351,1,2,20856,3,1,0
25,365270,79137,0.217,14,0,560707,1,1,1
47,307802,28267,0.092,23,1,722413,3,1,2
29,143892,58416,0.406,8,0,583336,4,0,0
43,26258,11807,0.45,23,2,37606,3,1,4
35,355823,94628,0.266,11,1,775245,3,1,2
57,460104,226126,0.491,19,0,887673,4,1,0
35,147280,26775,0.182,10,1,428963,5,1,2
59,326230,150352,0.461,3,0,161825,0,1,0
21,114971,33077,0.288,28,0,901642,1,1,2
28,399915,195588,0.489,11,2,865356,3,1,4
19,289565,110351,0.381,22,2,452044,4,1,4
43,65562,33234,0.507,11,0,408545,2,1,1
54,452973,260644,0.575,19,0,593684,1,1,1
47,463150,131658,0.284,17,0,287674,0,0,0
33,87186,45653,0.524,8,1,257426,0,1,3
65,276653,30551,0.11,24,0,933875,2,0,0
21,406492,14305,0.035,14,0,265891,0,1,2
57,462665,226485,0.49,18,0,203125,0,1,1
52,270765,125717,0.464,21,0,797311,3,1,0
49,183048,26574,0.145,13,0,33430,3,0,0
43,381116,98276,0.258,6,0,65696,5,0,0
33,395716,7918,0.02,4,1,540987,4,1,1
47,126815,59285,0.467,23,1,539910,1,0,3
50,194311,65891,0.339,23,2,641583,4,1,2
43,242566,52358,0.216,26,2,241943,4,1,3
37,43848,23001,0.525,6,1,854393,0,0,2
42,254024,21552,0.085,3,2,233901,0,0,1
50,462126,19679,0.043,30,1,831331,1,0,1
32,430277,112046,0.26,20,1,231042,4,1,3
52,182348,95133,0.522,19,1,423817,5,1,1
20,459528,47852,0.104,4,2,868089,4,1,3
46,22631,11345,0.501,1,2,392467,4,0,1
38,497312,272506,0.548,2,2,660959,4,1,2
18,299405,124173,0.415,17,1,944256,4,0,3
53,72680,23792,0.327,29,1,315244,4,1,1
23,139571,66580,0.477,9,2,675918,5,1,4
28,339093,173001,0.51,30,2,917790,2,1,4
45,302873,90647,0.299,7,0,927613,4,1,0
18,178532,43474,0.244,2,0,480209,5,1,0
44,432405,238456,0.551,15,0,961229,2,0,1
20,32236,7392,0.229,18,0,131238,4,1,1
59,119203,40016,0.336,21,2,142841,3,1,2
21,252508,111459,0.441,9,2,829431,4,1,4
43,496553,29272,0.059,20,0,841280,3,0,0
64,179920,101277,0.563,5,1,172692,0,1,1
52,168750,48051,0.285,30,0,810592,3,1,0
47,235833,56556,0.24,11,0,698142,4,1,0
26,363937,201002,0.552,27,1,940716,2,1,4
48,304595,60352,0.198,10,0,970358,0,0,0
38,300916,164135,0.545,17,1,181924,1,1,3
27,194830,85325,0.438,19,0,274518,1,1,3
41,63163,27820,0.44,21,0,236929,4,0,0
45,435886,29320,0.067,11,1,55330,3,1,1
58,126818,14703,0.116,26,2,487928,0,1,3
65,76436,26845,0.351,18,2,534497,4,0,1
59,135763,11876,0.087,9,2,644213,2,0,2
40,237296,92332,0.389,7,1,555084,1,0,1
36,24902,8188,0.329,4,2,261566,4,1,3
57,296111,118312,0.4,25,1,603896,1,1,2
57,267557,54483,0.204,19,0,562167,1,1,0
33,405969,12426,0.031,16,1,796479,0,1,3
28,206342,16353,0.079,25,0,952473,3,1,1
45,316065,140233,0.444,16,0,811414,4,1,1
20,476323,78137,0.164,28,1,856770,2,0,3
58,473299,55123,0.116,5,0,959789,0,1,0
43,458345,9002,0.02,29,1,765124,2,0,2
61,37352,7033,0.188,4,1,549631,5,1,0
54,115011,5868,0.051,11,2,454657,5,1,2
61,21903,7576,0.346,4,1,348678,5,1,0
42,88309,48050,0.544,10,1,320480,0,1,3
47,341373,70679,0.207,9,0,812130,3,1,0
37,128768,12203,0.095,29,0,880957,3,1,1
30,75639,34735,0.459,14,1,802171,5,0,1
56,239864,29307,0.122,13,2,100924,0,0,1
58,295731,6195,0.021,16,0,902414,1,1,0
47,27564,8637,0.313,18,2,93695,2,1,4
21,294712,98539,0.334,4,0,824747,3,1,1
64,442552,99957,0.226,9,0,564159,5,1,0
25,493174,46474,0.094,12,0,117982,4,1,1
30,279463,59822,0.214,5,0,710660,3,0,0
39,275053,103834,0.378,13,2,313155,0,1,3
46,128262,36461,0.284,24,0,91897,5,0,0
39,340996,113293,0.332,1,0,329857,5,1,0
58,279381,121338,0.434,5,0,203877,1,0,0
42,211184,115734,0.548,5,0,521908,2,1,1
24,162411,37039,0.228,18,1,653312,3,0,2
21,223737,58003,0.259,22,0,958077,0,1,2
30,198164,88048,0.444,18,0,520069,0,1,2
54,317753,147211,0.463,6,2,443376,2,0,2
40,97538,12529,0.128,22,2,62525,0,0,3
36,471101,88247,0.187,19,2,815539,4,0,3
50,104388,52422,0.502,29,1,516224,0,0,1
51,172473,26539,0.154,3,2,987728,1,0,0
54,387411,63954,0.165,28,1,167831,3,0,0
19,481784,245381,0.509,30,0,503771,1,1,3
50,56091,12120,0.216,20,0,176549,2,0,0
35,116726,8709,0.075,19,2,588194,3,1,4
58,111087,23900,0.215,29,1,877036,2,1,1
46,100748,19323,0.192,7,1,72884,3,0,1
65,107943,47495,0.44,14,2,977882,3,0,1
62,236852,137139,0.579,18,1,676776,4,0,0
54,51411,20319,0.395,13,0,858379,2,1,0
54,38899,6739,0.173,21,2,582140,2,0,2
32,20678,6283,0.304,17,1,664458,3,0,2
44,360907,75442,0.209,27,0,309351,3,1,1
38,37442,22071,0.589,10,2,128934,0,1,4
32,63604,15356,0.241,10,1,526779,0,1,2
56,275178,68849,0.25,11,1,370059,0,0,0
53,138160,13432,0.097,21,2,518372,4,1,2
18,403195,133081,0.33,17,0,146451,4,1,1
56,348812,56628,0.162,15,2,263088,0,0,2
28,483920,168726,0.349,19,0,464042,5,0,0
26,398884,230490,0.578,24,0,188603,4,0,1
64,115597,58404,0.505,16,0,674451,5,1,0
39,294663,13351,0.045,24,0,319692,2,1,1
18,452233,44253,0.098,26,1,86967,4,1,3
43,83281,21035,0.253,20,2,238913,4,1,3
35,440472,146527,0.333,1,2,808054,4,1,2
65,20617,9492,0.46,10,1,637309,5,1,1
52,305158,75509,0.247,7,2,440333,3,0,1
54,370779,55218,0.149,1,2,954988,4,1,0
49,352178,114734,0.326,20,2,679839,5,0,3
59,394388,22259,0.056,15,1,849106,5,1,1
45,439283,73708,0.168,7,2,958070,0,0,2
37,64511,9206,0.143,25,0,56057,1,1,1
41,279246,165344,0.592,7,0,638457,5,1,0
56,418754,49237,0.118,30,0,977154,5,1,0
53,83001,22668,0.273,27,0,674608,5,1,0
32,111392,36628,0.329,16,1,418428,5,1,3
61,130986,6280,0.048,25,1,145219,0,0,1
24,161845,22881,0.141,29,0,59593,3,1,1
57,167227,73596,0.44,2,1,974490,4,1,0
65,361885,49690,0.137,9,1,167261,1,0,0
20,361012,198101,0.549,15,2,346473,0,1,4
53,299369,107891,0.36,25,0,150362,0,1,0
38,339311,160750,0.474,23,1,656431,0,1,3
23,416846,70763,0.17,15,1,865976,4,1,3
39,218812,122391,0.559,11,2,601518,2,0,3
47,182282,30410,0.167,24,0,946532,4,1,1
61,249071,44007,0.177,2,2,965215,1,1,1
43,206293,82099,0.398,17,1,877232,1,1,3
56,119464,57762,0.484,9,0,444371,3,1,0
40,390553,32757,0.084,9,1,912658,5,1,1
44,128502,35569,0.277,15,2,625447,4,1,3
44,300202,171232,0.57,7,2,768568,1,1,4
41,315628,91780,0.291,21,0,292228,2,0,1
62,433830,206641,0.476,3,2,8157,1,0,1
46,149417,54178,0.363,19,0,766505,4,1,0
32,149044,68196,0.458,19,0,515593,0,1,2
38,239798,37947,0.158,29,1,342542,5,1,2
43,55860,10527,0.188,7,0,875817,1,1,1
58,274200,6144,0.022,3,2,650511,3,1,0
47,479758,213098,0.444,5,0,241687,5,1,0
45,108966,49844,0.457,22,1,620222,4,1,2
22,468668,136123,0.29,19,2,936709,3,1,4
49,106492,15670,0.147,22,2,616764,5,1,3
37,335244,128569,0.384,24,2,682542,2,0,3
38,169239,30443,0.18,1,0,115155,0,0,0
35,344502,92825,0.269,17,1,439421,0,1,3
48,446797,82674,0.185,13,0,834882,4,0,0
22,47551,27616,0.581,13,0,688484,3,0,0
22,200286,72115,0.36,15,1,725772,2,1,3
34,410206,185040,0.451,25,0,625971,1,1,3
62,108683,22453,0.207,13,0,820392,5,0,0
21,152955,21651,0.142,24,0,95981,0,1,2
52,116765,34101,0.292,20,1,220075,1,1,2
47,188307,89895,0.477,4,2,522005,0,0,3
35,144272,12791,0.089,24,1,72306,5,1,3
23,212459,45755,0.215,30,2,424574,2,0,4
26,31908,13051,0.409,8,0,586004,0,1,2
37,493017,220796,0.448,13,1,491340,2,1,3
20,417241,229763,0.551,1,1,824356,4,1,1
30,159722,53826,0.337,6,2,657816,4,1,3
31,320885,70121,0.219,27,0,755710,5,0,0
60,245209,91549,0.373,26,0,2639,0,1,0
63,217013,121817,0.561,21,2,932849,5,1,3
26,433073,200340,0.463,27,0,758653,0,1,3
58,68998,24048,0.349,10,0,189692,1,1,0
45,353975,177220,0.501,4,1,800978,4,0,1
50,238626,12293,0.052,17,2,417572,5,1,2
36,74669,22602,0.303,19,0,828116,0,0,1
23,310274,35415,0.114,9,2,115458,4,1,4
31,256388,115930,0.452,5,0,770643,3,1,1
61,290353,58482,0.201,22,2,673436,2,1,3
21,471698,94484,0.2,27,2,799137,3,1,4
55,178070,17821,0.1,3,1,19133,1,1,0
26,54173,31462,0.581,12,2,35495,0,0,4
23,135625,6755,0.05,21,2,71352,0,1,4
52,358903,117133,0.326,7,0,760164,4,1,0
40,68443,12766,0.187,4,1,243818,2,1,2
26,438343,172115,0.393,17,2,502926,2,1,4
62,397908,145435,0.365,27,0,830553,0,1,0
42,326803,37137,0.114,22,2,9554,0,0,3
41,417950,116175,0.278,2,2,704952,1,1,2
45,446797,164989,0.369,7,2,137715,5,1,3
29,212830,86254,0.405,5,0,284316,2,1,2
61,289969,101774,0.351,23,0,987130,5,1,0
26,343254,133667,0.389,9,1,539610,1,1,3
27,343769,60504,0.176,19,2,507823,5,1,4
56,159585,73274,0.459,9,1,296748,0,1,1
31,197887,9720,0.049,22,0,484356,5,1,1
47,174970,28449,0.163,18,0,458710,3,1,0
21,176520,87754,0.497,29,1,658346,5,1,3
58,402238,123156,0.306,9,0,993192,3,1,0
61,439135,158972,0.362,19,2,854382,1,1,3
43,385570,141065,0.366,5,0,179453,3,0,0
33,78724,7175,0.091,6,1,679644,2,0,2
53,300570,166255,0.553,11,2,661334,4,0,1
20,74497,41764,0.561,3,2,315206,2,1,4
37,367435,84220,0.229,29,2,774112,5,1,3
52,385437,68818,0.179,22,1,757044,1,1,1
52,46222,24095,0.521,24,0,982633,2,1,1
43,387260,230863,0.596,12,1,627844,0,0,2
53,156268,64600,0.413,13,0,210489,1,0,0
42,127041,75795,0.597,19,1,818025,5,0,1
43,259438,58165,0.224,24,2,793391,3,1,3
41,52252,31104,0.595,8,1,137679,5,0,1
29,338680,84584,0.25,7,2,691298,0,1,4
37,384554,195790,0.509,26,1,260474,4,1,3
60,453356,92448,0.204,23,2,92334,0,1,3
47,233214,93873,0.403,29,0,291734,5,1,1
20,439154,81479,0.186,19,1,317744,4,0,2
33,261636,80475,0.308,3,2,328417,4,1,2
55,24418,14396,0.59,3,2,562881,2,1,1
56,445205,103548,0.233,6,2,522962,3,0,0
65,259459,84364,0.325,23,0,328574,1,1,0
60,207388,80501,0.388,18,0,687589,4,1,0
33,66116,20375,0.308,30,2,985433,2,1,4
58,332285,90600,0.273,9,2,453604,5,1,2
35,431723,197758,0.458,28,0,78399,5,1,2
28,160469,34655,0.216,22,2,305783,0,0,4
53,498805,154980,0.311,22,2,931107,3,1,2
59,42687,9625,0.225,6,0,369953,0,0,0
60,347290,63133,0.182,23,0,907388,1,1,0
57,176150,70708,0.401,23,1,617932,4,1,1
43,406934,19245,0.047,5,2,459012,0,0,3
45,196405,64484,0.328,3,2,882815,3,1,1
54,257134,145795,0.567,9,2,867606,2,1,3
35,163088,53183,0.326,9,1,501316,5,1,2
38,334291,116319,0.348,24,1,5156,2,1,3
23,331449,145725,0.44,29,2,285212,3,1,4
27,432291,94589,0.219,30,2,234245,1,0,4
25,36347,7492,0.206,1,1,844882,1,1,1
24,384798,81418,0.212,17,0,128391,3,0,0
49,20714,11897,0.574,16,0,244539,4,1,1
57,74588,17031,0.228,16,2,234676,3,0,1
56,459530,89727,0.195,5,0,293290,4,1,0
28,239570,137273,0.573,28,1,246404,4,1,3
42,483072,46456,0.096,1,0,632672,5,1,0
32,201775,40215,0.199,13,1,626901,4,1,2
58,185556,97995,0.528,10,2,769396,0,1,3
38,59794,34237,0.573,15,2,495498,5,0,3
58,482126,142845,0.296,30,0,55443,1,0,0
18,22770,10180,0.447,13,2,760343,2,1,4
23,296532,87570,0.295,15,0,952697,2,1,2
52,41786,21944,0.525,30,0,207815,3,1,0
51,288988,54864,0.19,1,0,744227,5,1,0
65,438346,162788,0.371,18,1,281206,4,1,1
51,226796,41806,0.184,13,1,594173,2,1,1
56,127889,53544,0.419,1,2,357531,0,1,2
61,305395,29238,0.096,13,1,618580,1,1,1
23,98437,15888,0.161,20,0,175325,4,1,1
55,443217,234179,0.528,13,2,851554,5,0,1
32,129756,60544,0.467,26,0,212473,1,1,2
39,121351,51260,0.422,21,2,702022,1,1,4
32,52492,28507,0.543,10,0,858095,1,1,2
28,422137,122248,0.29,30,0,790698,1,0,1
33,306757,70266,0.229,25,0,316882,1,0,1
46,97263,51689,0.531,6,0,61804,4,0,0
29,408976,212109,0.519,7,2,277883,5,0,3
21,153876,53904,0.35,5,1,457582,3,1,2
59,138222,36586,0.265,18,1,823818,1,1,1
30,466328,119235,0.256,13,2,849924,1,1,4
50,447189,211120,0.472,16,2,74158,1,1,3
29,80461,23658,0.294,4,1,738543,3,0,1
30,309762,32916,0.106,25,1,868488,3,1,3
44,177868,14345,0.081,15,2,123448,0,0,3
55,154802,16684,0.108,11,1,446681,3,1,0
57,285870,137915,0.482,18,0,720820,2,1,1
41,225908,67118,0.297,7,0,818582,2,0,0
18,234650,32560,0.139,25,2,208758,3,1,4
18,277589,132441,0.477,8,1,913063,1,0,2
27,134647,5783,0.043,11,2,729451,3,1,3
27,213020,102580,0.482,18,0,516076,4,0,1
49,232135,10722,0.046,27,2,394057,3,1,3
24,318613,65576,0.206,21,1,566519,5,1,3
48,82372,40324,0.49,11,0,157247,3,0,0
19,285945,143485,0.502,12,1,469608,4,0,2
47,45784,21686,0.474,14,2,253940,1,1,4
44,173136,98422,0.568,23,2,699229,2,0,4
30,45391,20755,0.457,17,0,160412,5,1,2
39,201379,112596,0.559,2,2,754660,3,1,2
63,36737,7318,0.199,8,2,821719,3,1,2
29,117170,21846,0.186,25,1,784108,4,1,3
51,174630,65123,0.373,23,0,59172,3,1,0
40,298963,97013,0.324,20,2,299841,4,1,3
32,182103,76349,0.419,29,1,394710,3,1,3
59,151356,53083,0.351,28,2,663851,4,1,2
59,186373,37692,0.202,20,1,662955,4,1,1
63,35451,5104,0.144,15,2,673265,2,0,2
22,254686,76726,0.301,15,2,422905,4,1,4
53,54844,18962,0.346,21,1,308820,1,1,1
64,43968,16856,0.383,3,0,124458,1,1,0
51,331844,19432,0.059,17,1,256039,1,1,1
58,49347,26249,0.532,19,1,481712,2,0,1
63,236306,9406,0.04,18,2,455563,0,0,2
41,465965,223481,0.48,24,0,344629,3,0,0
22,96695,39494,0.408,15,1,621931,0,0,3
63,120369,32921,0.274,6,0,197658,0,0,0
42,31367,10963,0.35,12,1,552856,0,1,2
45,346523,140210,0.405,30,0,204301,2,1,2
35,297349,140700,0.473,25,2,824527,4,0,4
22,488810,97060,0.199,30,0,278828,2,1,2
28,350762,77610,0.221,19,1,502080,3,1,3
31,399458,188987,0.473,13,1,28831,5,1,3
27,309094,130456,0.422,12,0,330606,5,1,1
61,322130,28409,0.088,30,1,604275,0,1,1
34,232196,25931,0.112,15,2,170350,1,0,4
65,475991,114865,0.241,24,1,966707,2,0,1
30,457041,79514,0.174,12,0,550903,5,1,1
52,185952,89130,0.479,4,1,59430,0,1,1
18,157415,20797,0.132,2,0,172195,0,1,0
54,151177,24476,0.162,20,1,173184,2,1,2
51,85744,24700,0.288,2,0,571882,2,1,0
43,62412,11645,0.187,26,0,139258,4,1,1
28,262330,77726,0.296,1,0,58277,3,1,0
46,126017,28557,0.227,16,1,209087,4,0,1
34,397874,213234,0.536,2,1,986541,5,1,1
24,166977,6591,0.039,19,0,343833,0,1,2
41,112526,20380,0.181,28,1,513113,3,1,2
27,176555,76264,0.432,22,1,455612,0,0,3
57,345705,28625,0.083,18,1,543846,5,0,0
60,204658,49420,0.241,30,1,586343,1,1,2
46,258016,7221,0.028,2,2,808067,3,1,1
53,173450,40084,0.231,27,1,899689,4,1,1
21,481958,250196,0.519,9,2,206928,2,1,4
18,221115,60610,0.274,22,0,679049,2,1,2
30,271628,43567,0.16,18,1,483645,2,0,2
40,331050,196820,0.595,8,0,7223,5,1,0
52,420586,187822,0.447,18,0,798454,0,1,1
65,72692,32432,0.446,8,2,498530,2,1,3
47,37447,8111,0.217,5,1,117949,1,1,2
53,261538,94000,0.359,16,0,235823,0,1,0
35,455563,266882,0.586,14,2,606660,0,1,4
19,302447,77853,0.257,1,2,778229,5,0,1
65,39856,21908,0.55,7,2,231746,4,1,2
32,368496,127155,0.345,23,1,928156,3,0,1
30,383539,46617,0.122,17,2,26025,4,1,4
47,461934,162883,0.353,17,1,93605,1,1,3
28,213537,115808,0.542,25,0,536286,4,1,2
22,210660,124287,0.59,16,1,193470,1,1,4
48,36734,13840,0.377,5,1,909736,3,1,1
43,32464,15782,0.486,29,1,239246,3,0,1
64,251910,103392,0.41,22,1,247701,5,1,1
65,274355,121386,0.442,27,0,498882,2,1,1
47,277654,81981,0.295,26,0,859922,3,1,0
40,32920,18600,0.565,10,0,211997,1,1,1
39,256202,140157,0.547,6,2,417729,4,1,3
52,128987,73412,0.569,24,2,71092,3,1,3
57,268768,53373,0.199,15,1,480556,0,0,1
49,289041,10838,0.037,6,0,79942,0,1,0
20,277205,162523,0.586,14,1,696323,0,0,3
55,148104,37291,0.252,26,0,608775,2,0,0
20,98723,56036,0.568,25,2,582687,2,0,4
33,154141,11486,0.075,8,1,952932,0,0,2
56,407737,233108,0.572,22,1,318957,3,1,1
44,362434,214675,0.592,9,1,120036,2,1,3
50,187906,25746,0.137,13,1,360694,1,1,1
54,181482,10160,0.056,13,0,200846,4,1,0
54,289941,93003,0.321,25,1,396274,1,1,2
19,254316,117911,0.464,22,2,639378,2,1,4
34,457528,81323,0.178,23,2,476398,3,1,4
61,225103,14885,0.066,13,2,129006,4,0,1
50,365230,165321,0.453,28,0,742309,3,0,0
63,434339,38095,0.088,12,2,862253,3,1,1
59,133844,8122,0.061,13,0,243082,4,1,0
62,122377,63204,0.516,15,0,968679,4,1,0
18,359765,121440,0.338,20,1,2978,4,1,3
54,215824,28484,0.132,25,0,578306,4,0,0
32,349220,166749,0.477,14,2,240575,3,1,4
20,132566,15281,0.115,11,1,68069,4,1,2
38,243930,14876,0.061,28,0,15171,4,1,0
52,325878,96251,0.295,20,1,781357,0,1,1
42,265701,37815,0.142,27,1,380012,2,0,2
49,201090,16452,0.082,28,0,421149,5,1,1
24,195638,64722,0.331,21,0,140548,5,0,1
41,175826,69751,0.397,12,2,192233,1,1,4
19,469049,59029,0.126,18,1,557240,5,0,2
31,409149,187156,0.457,8,2,21796,4,1,4
36,45258,16706,0.369,16,0,808747,0,1,1
64,380466,125659,0.33,29,0,901584,2,1,0
52,291971,169134,0.579,3,0,915175,4,0,0
63,287571,97283,0.338,29,0,245954,1,1,0
21,471005,259031,0.55,9,1,847464,4,0,2
52,297133,56086,0.189,6,2,493691,1,1,2
29,327820,31230,0.095,13,0,515329,3,1,1
26,290334,94364,0.325,8,2,868004,4,0,3
53,227778,59339,0.261,3,0,172142,3,1,0
43,21066,9970,0.473,13,1,901404,3,0,1
44,85133,26245,0.308,28,2,43266,2,0,3
24,59218,30143,0.509,3,0,491392,3,1,0
42,151406,81639,0.539,10,0,634545,1,1,1
46,439470,205505,0.468,23,1,463400,2,1,3
28,58365,12050,0.206,28,2,987584,3,1,4
25,202734,111589,0.55,29,2,592340,3,1,4
40,137993,55873,0.405,23,0,152908,3,1,1
33,348139,72772,0.209,5,1,145511,3,1,1
40,183497,64874,0.354,25,1,738138,5,1,2
21,391033,219367,0.561,29,1,79918,4,1,3
32,259949,62245,0.239,27,0,475431,5,1,1
28,374298,91190,0.244,12,1,358455,5,0,1
23,329120,194938,0.592,22,0,88613,0,0,2
57,36862,11577,0.314,2,0,199646,1,1,0
48,490553,255982,0.522,21,0,504399,5,0,0
54,162349,71411,0.44,7,1,591020,5,0,0
20,269717,116554,0.432,8,1,624478,0,0,3
32,372624,106850,0.287,10,2,393018,1,1,4
59,288054,76020,0.264,22,0,248920,5,1,0
45,151065,37996,0.252,11,2,620053,5,1,3
37,361391,212835,0.589,24,0,344625,1,1,2
27,480044,274703,0.572,6,1,297303,2,0,2
65,145645,12553,0.086,28,0,44810,5,1,0
29,460639,247020,0.536,29,2,816427,5,1,4
24,392596,65753,0.167,2,1,496107,1,1,1
25,95705,39566,0.413,3,2,443719,4,1,3
47,293539,148905,0.507,23,0,934146,3,0,0
29,491959,290570,0.591,4,1,255813,0,1,3
41,155026,74848,0.483,28,0,775687,3,1,1
57,232436,35898,0.154,1,2,383476,4,1,0
26,218559,92490,0.423,4,1,98632,1,1,3
38,157045,88330,0.562,3,1,447525,0,1,1
54,451346,75172,0.167,3,0,714579,4,0,0
60,427200,6042,0.014,8,2,151562,0,0,2
56,342794,138374,0.404,10,1,824693,2,1,2
28,311471,75628,0.243,10,1,210425,3,1,2
59,341414,94345,0.276,25,1,617461,5,1,1
28,398803,107742,0.27,17,0,831456,0,0,1
59,113638,55357,0.487,21,2,686669,3,1,3
30,252474,139458,0.552,1,0,989476,1,1,1
47,368823,59012,0.16,3,1,257638,2,1,1
43,20837,8898,0.427,10,1,243762,5,0,1
39,383758,42448,0.111,19,1,889411,4,1,2
35,159384,43300,0.272,19,1,789316,1,1,3
54,495626,165492,0.334,6,2,639780,1,1,2
33,471477,66590,0.141,15,2,310027,2,1,4
63,487484,130560,0.268,6,1,52879,1,0,0
28,495786,275649,0.556,19,1,671865,3,0,3
18,26864,12394,0.461,27,1,962161,1,1,4
27,317080,17413,0.055,5,0,63784,5,0,0
44,94432,44408,0.47,20,2,982064,2,1,4
42,379640,9721,0.026,14,1,263210,2,0,1
56,165354,29815,0.18,16,2,728344,0,0,2
48,250136,36914,0.148,4,0,190087,1,1,0
32,412918,139212,0.337,18,2,455392,1,1,4
55,311258,23580,0.076,11,1,101467,3,1,0
41,378114,187299,0.495,25,1,876124,4,0,2
42,398854,7078,0.018,15,2,470825,2,1,4
65,357676,51845,0.145,15,2,530906,3,0,1
23,428344,169251,0.395,30,1,763203,1,0,3
21,135503,16697,0.123,5,0,358021,1,1,1
29,490750,77622,0.158,30,0,147462,4,1,1
39,334595,75379,0.225,18,1,666919,0,1,3
52,249401,91467,0.367,10,1,368971,2,1,1
44,30623,8584,0.28,2,2,617195,0,1,2
30,224396,11977,0.053,30,1,165910,0,0,3
51,471251,115613,0.245,5,2,676053,2,1,2
49,425074,216610,0.51,29,0,614975,3,1,1
56,360737,137432,0.381,1,0,43935,2,1,0
31,129982,20185,0.155,20,1,959086,5,1,3
33,306798,93478,0.305,5,0,53886,5,1,0
46,382173,210914,0.552,2,0,891952,0,0,0
44,338462,153057,0.452,24,0,799963,1,1,2
27,373906,202725,0.542,22,0,763380,3,1,2
18,273025,150343,0.551,23,1,334737,5,0,3
19,302155,53900,0.178,29,1,775427,2,1,3
22,60602,24877,0.41,5,0,100156,5,1,1
21,409796,137734,0.336,15,1,895386,4,1,3
21,447978,157504,0.352,19,2,976615,1,1,4
65,56760,31562,0.556,26,1,430807,5,1,1
44,367049,181968,0.496,12,2,365437,4,1,3
55,45940,13422,0.292,4,1,253380,0,0,0
41,211881,78299,0.37,17,0,909084,3,1,1
35,316977,40976,0.129,3,2,506830,5,1,2
35,152062,76092,0.5,6,2,323480,1,1,4
55,432402,56356,0.13,8,0,768256,5,0,0
56,416423,33234,0.08,9,1,904198,2,1,1
42,232576,80253,0.345,11,2,603464,5,1,3
20,355831,188551,0.53,10,0,778083,1,1,2
57,283965,105120,0.37,7,0,870321,2,0,0
24,124567,22757,0.183,1,2,226401,5,1,2
53,181440,106610,0.588,16,1,798565,2,1,2
43,156973,74621,0.475,8,1,783266,1,1,3
26,477960,277498,0.581,28,0,795936,0,1,3
64,283193,18381,0.065,5,1,763113,1,1,1
32,278565,69535,0.25,2,0,552435,4,1,0
63,473207,158084,0.334,10,1,501829,4,1,0
60,130709,71881,0.55,26,2,996238,2,1,4
39,124136,66503,0.536,12,1,470998,4,1,2
25,121337,65127,0.537,25,1,470832,0,1,4
20,429512,31285,0.073,23,2,931638,1,1,4
43,151527,78179,0.516,18,0,795299,1,1,2
29,20059,9481,0.473,24,0,383840,2,1,3
51,210358,10686,0.051,20,2,707933,0,1,3
42,290288,112578,0.388,24,1,977435,0,1,3
24,43830,17277,0.394,14,1,743245,1,0,2
32,312272,58250,0.187,16,1,299270,0,1,3
26,315051,12644,0.04,24,0,495821,2,1,2
42,115373,56571,0.49,8,2,66923,1,1,4
28,117687,56274,0.478,12,2,252816,4,1,4
49,272537,94673,0.347,28,2,967051,2,1,4
54,339851,176902,0.521,24,2,154724,5,1,3
36,396371,87293,0.22,18,1,380959,4,1,2
30,428596,151580,0.354,29,0,596721,2,0,1
36,423595,190366,0.449,5,1,560190,3,0,1
56,211638,60818,0.287,28,2,520775,4,1,2
64,156179,42423,0.272,16,0,366068,0,1,0
44,371079,7661,0.021,29,1,711420,2,1,3
21,62280,24377,0.391,12,0,341434,1,1,2
35,27645,10740,0.388,27,1,844254,1,1,3
61,395775,220570,0.557,3,1,201275,2,1,0
28,232549,99564,0.428,13,2,789700,1,1,4
65,264920,28018,0.106,17,0,529396,1,1,0
31,220876,76520,0.346,6,2,490614,2,1,4
42,422384,122180,0.289,22,0,653421,1,0,0
26,97863,37252,0.381,11,2,396957,5,1,4
31,307180,108541,0.353,25,0,215116,4,1,1
23,39481,10247,0.26,22,1,938887,5,1,3
43,346921,148209,0.427,21,1,611597,0,1,3
48,150225,66071,0.44,8,2,77710,0,1,4
38,234031,75412,0.322,22,0,586015,3,1,0
19,480776,148802,0.31,25,0,815404,1,0,1
50,151315,7414,0.049,17,1,474551,2,1,2
30,178454,104445,0.585,17,0,473615,0,1,2
38,69769,7469,0.107,21,2,694385,5,1,3
21,227978,48251,0.212,7,2,893974,0,1,4
35,45976,14201,0.309,22,1,539803,2,1,3
21,309535,72081,0.233,12,0,82054,3,1,1
54,393060,184859,0.47,26,2,203333,4,1,3
33,275329,110118,0.4,4,0,868153,4,0,0
45,22607,8404,0.372,11,1,279317,0,1,2
29,67156,11710,0.174,21,0,250898,4,0,0
51,375386,35466,0.094,24,1,502777,5,1,1
64,193348,109304,0.565,14,0,720525,0,0,0
18,395102,104010,0.263,29,2,4847,2,0,4
59,443787,16613,0.037,5,1,62423,4,1,0
60,491029,191889,0.391,25,1,961646,4,1,1
28,111757,50552,0.452,16,0,436968,0,1,3
33,431690,173474,0.402,24,0,268912,3,1,1
62,171519,24118,0.141,16,2,10200,2,1,3
22,477092,225799,0.473,5,2,290628,2,1,4
18,495271,138617,0.28,18,1,794992,1,1,3
50,468584,255565,0.545,5,1,780318,5,1,0
21,81055,32629,0.403,26,0,155938,1,0,2
58,92739,9641,0.104,25,2,276690,5,0,1
63,382667,14029,0.037,26,2,241049,5,1,2
47,198931,105874,0.532,21,0,511499,1,1,2
20,257949,125885,0.488,24,2,309880,0,0,4
45,157702,52736,0.334,17,1,487896,3,0,1
20,88657,14116,0.159,12,2,291788,2,1,4
55,68519,10521,0.154,17,1,136553,1,0,1
27,334888,111927,0.334,7,0,533592,0,1,2
36,47734,7628,0.16,28,1,66972,5,1,2
56,462627,209159,0.452,26,1,958233,4,1,1
42,432577,85020,0.197,25,0,538389,0,1,1
43,48647,13221,0.272,26,1,549845,1,0,2
32,267723,34146,0.128,10,2,466804,4,0,2
49,105770,24454,0.231,13,0,903262,4,0,0
43,463444,229381,0.495,27,0,544943,3,1,1
60,268568,123116,0.458,26,0,773547,4,0,0
43,176406,88117,0.5,14,2,657264,5,0,3
45,197972,93180,0.471,17,1,880269,1,1,3
26,379083,207366,0.547,10,1,4428,2,0,3
33,266941,118823,0.445,14,2,833355,4,0,3
36,388025,149921,0.386,17,2,693586,3,1,3
40,26680,7340,0.275,12,0,904705,1,0,0
18,27839,11859,0.426,17,0,180338,1,1,3
20,69620,5425,0.078,14,1,181057,3,1,2
59,255197,44612,0.175,28,0,802275,4,0,0
29,212154,32330,0.152,28,1,572402,2,1,3
56,148885,50181,0.337,7,2,131912,5,1,1
55,241113,76095,0.316,7,1,139779,3,0,0
30,136774,8155,0.06,21,0,977198,2,1,2
57,55357,23390,0.423,23,0,261728,3,1,0
58,291708,16105,0.055,19,1,544344,5,1,1
25,256557,37812,0.147,6,0,343101,4,1,0
53,141314,62201,0.44,22,2,580531,4,1,3
40,185065,39016,0.211,11,1,119714,2,1,2
30,489907,287296,0.586,23,0,605789,0,0,2
25,460633,97379,0.211,12,2,677079,0,1,4
36,241679,65161,0.27,1,0,355416,0,1,0
58,320291,144738,0.452,20,2,296870,1,1,3
48,417036,140394,0.337,28,1,890238,1,1,3
21,307067,120891,0.394,23,1,500443,5,1,3
22,482825,188118,0.39,27,1,204239,3,1,3
47,69253,28818,0.416,28,0,320940,2,1,2
47,27114,12469,0.46,28,0,233720,3,1,1
20,495848,148606,0.3,1,1,497992,4,1,1
36,151098,17108,0.113,22,2,291929,5,1,3
25,476094,180330,0.379,27,1,894211,1,0,3
64,111838,12084,0.108,12,1,284949,2,0,0
58,153968,15362,0.1,25,2,711392,5,1,2
44,36858,17168,0.466,29,0,636781,4,0,0
38,203168,27016,0.133,3,0,935254,5,1,0
45,180493,47089,0.261,23,2,202174,5,0,3
63,472305,272868,0.578,28,0,70886,1,1,1
27,108591,30166,0.278,13,1,208997,3,1,2
24,440438,77279,0.175,29,0,14698,4,1,1
40,92777,35854,0.386,12,0,243549,1,1,1
59,127644,52141,0.408,13,1,264297,3,1,1
46,121347,65357,0.539,18,0,902289,4,1,1
26,431490,95123,0.22,20,0,801535,5,0,1
53,351236,176144,0.501,7,1,802325,2,0,1
64,232055,24854,0.107,29,0,339726,2,1,0
38,237903,85391,0.359,6,2,706677,3,0,1
62,389813,84380,0.216,6,2,772703,5,1,1
58,364725,125124,0.343,12,1,360835,2,0,0
29,211008,70526,0.334,21,0,505830,1,1,2
27,193895,74555,0.385,15,0,47418,0,0,1
52,46742,18682,0.4,29,0,269762,4,0,0
28,349266,13056,0.037,23,2,715706,0,1,4
59,30906,16848,0.545,3,2,915592,1,1,2
18,137658,81862,0.595,26,2,394021,4,0,4
41,448599,20040,0.045,4,2,620684,5,1,2
28,391902,82510,0.211,3,2,442416,2,1,3
57,343055,97206,0.283,3,1,676055,5,0,0
48,474701,35508,0.075,14,0,507787,2,0,0
55,323610,91132,0.282,15,1,826671,0,1,2
33,87799,30002,0.342,7,2,690939,3,1,3
55,427423,248330,0.581,1,2,697143,3,1,1
40,289262,68884,0.238,14,1,212109,4,1,1
39,324667,39028,0.12,4,1,357,4,1,1
19,499091,6593,0.013,27,1,783837,1,1,3
46,429466,134459,0.313,26,1,170460,3,1,2
23,222576,91789,0.412,22,1,728543,3,1,3
58,203102,42909,0.211,28,2,127210,4,0,1
62,31850,5984,0.188,19,0,597011,0,1,0
47,58481,25071,0.429,13,2,240514,5,1,3
59,482434,64351,0.133,10,1,705563,0,1,1
34,431973,51588,0.119,11,2,350532,3,1,3
50,67501,19538,0.289,14,0,528057,2,1,0
24,350023,204994,0.586,28,2,847529,3,1,4
60,381470,226633,0.594,24,1,503034,0,1,2
62,464876,135037,0.29,22,1,646399,4,1,1
50,419984,195286,0.465,29,1,204234,4,0,1
58,312370,54985,0.176,16,0,488371,3,1,0
44,23485,9288,0.395,3,2,879728,2,1,2
57,404948,199251,0.492,11,1,481595,4,0,0
28,329001,54744,0.166,28,1,223852,3,0,2
22,428872,154877,0.361,24,2,121704,5,1,4
55,146566,66426,0.453,8,0,613904,1,1,0
56,51313,23557,0.459,6,0,892222,5,0,0
56,159583,91527,0.574,9,0,895481,0,0,0
46,64638,33354,0.516,18,1,204106,4,0,2
52,299180,50040,0.167,5,2,796753,0,1,2
35,90637,9247,0.102,11,0,490526,1,0,0
45,241958,140713,0.582,24,0,377481,0,1,2
64,54842,27421,0.5,23,2,308067,0,1,3
39,25618,6350,0.248,6,0,319227,5,1,0
23,305851,158233,0.517,27,0,793978,3,1,2
33,189987,15017,0.079,23,0,400880,1,1,2
37,345734,14390,0.042,18,0,386795,1,1,1
24,37621,16167,0.43,14,0,340920,2,0,1
44,290142,119619,0.412,29,0,117974,5,1,1
44,190027,89195,0.469,30,0,219866,0,1,2
57,135154,8950,0.066,18,2,487720,0,0,2
31,257012,112369,0.437,14,1,37358,4,1,3
23,289675,18825,0.065,29,0,333411,0,1,2
29,221460,86950,0.393,12,1,389031,2,1,3
24,131277,51691,0.394,1,2,857479,4,0,1
24,444530,213222,0.48,4,2,681595,4,0,3
23,290283,145657,0.502,12,1,529922,1,1,4
21,95038,9713,0.102,6,0,782469,3,1,1
25,62293,16909,0.271,29,2,671213,1,0,4
59,363667,42185,0.116,20,0,718218,4,1,0
52,269309,51415,0.191,15,2,356900,2,1,3
65,416028,244149,0.587,18,2,166190,1,1,4
28,363667,136996,0.377,27,1,102833,1,1,4
40,105509,51410,0.487,28,2,809842,2,1,4
47,38444,7613,0.198,8,0,350762,2,1,1
29,416220,68789,0.165,11,2,588372,0,1,4
27,401826,47956,0.119,28,2,878033,2,0,4
56,353304,91078,0.258,4,2,926537,4,1,1
18,151012,60244,0.399,13,2,982288,2,0,3
60,339904,199068,0.586,3,2,751391,3,0,0
20,167558,81085,0.484,26,0,28788,2,0,2
29,467248,229916,0.492,3,0,326187,5,1,0
47,196863,93853,0.477,26,1,686861,1,1,3
30,86686,19301,0.223,19,1,544808,1,1,3
48,89451,19734,0.221,22,0,229292,5,1,1
34,81737,39960,0.489,16,0,105687,1,1,2
60,139002,69422,0.499,17,0,766322,5,1,0
47,116440,67752,0.582,7,1,144344,4,0,1
41,321557,61822,0.192,10,2,973900,5,0,2
52,68068,39089,0.574,5,2,517062,5,1,2
32,402468,42988,0.107,4,1,838611,4,1,2
39,115847,13552,0.117,12,1,312147,3,1,1
21,31739,9918,0.312,3,0,164166,0,0,0
46,396226,56116,0.142,10,1,957291,1,1,2
46,298771,78474,0.263,29,0,720065,5,1,0
60,75696,11711,0.155,10,1,978768,3,0,0
55,207216,45830,0.221,26,1,546034,1,1,2
55,360525,180710,0.501,7,1,236177,4,1,1
22,217247,63918,0.294,29,0,880813,0,1,2
56,225327,41027,0.182,28,1,763423,2,1,2
44,290873,28938,0.099,26,2,336064,2,0,3
28,68853,35190,0.511,9,0,429738,1,0,1
48,485493,137909,0.284,4,1,581252,5,1,1
25,69427,11859,0.171,4,0,872933,2,0,1
56,258456,131905,0.51,15,0,60254,0,0,0
35,230144,67438,0.293,14,1,386112,4,0,1
54,104548,45077,0.431,14,1,592580,2,0,1
24,57853,10646,0.184,30,1,174999,2,1,4
37,373837,119045,0.318,5,0,823343,2,0,0
39,331717,120298,0.363,30,0,229506,5,1,1
58,456610,205337,0.45,16,0,328704,4,0,0
38,291016,56764,0.195,13,0,166033,2,1,1
23,352335,186446,0.529,7,2,841307,2,1,4
65,331806,93082,0.281,15,2,743982,0,1,3
37,321284,114865,0.358,13,2,633163,0,0,3
28,408790,126430,0.309,15,2,252660,1,1,4
30,46611,10523,0.226,2,1,640753,3,1,1
51,221059,86597,0.392,16,2,543252,0,1,3
50,483541,144674,0.299,20,0,502571,5,1,0
35,338169,87192,0.258,11,0,166455,4,1,0
34,82244,12701,0.154,8,2,255842,3,1,3
42,412158,182961,0.444,15,0,264631,5,0,0
30,225107,76667,0.341,1,2,876952,1,0,2
64,238633,137309,0.575,16,1,130257,4,1,1
40,179322,84478,0.471,12,1,78305,0,0,2
53,72378,21201,0.293,10,0,209866,0,1,0
46,79405,8410,0.106,25,0,47497,3,1,0
47,472391,139979,0.296,17,1,353010,3,1,2
45,461307,59501,0.129,8,0,91822,3,1,0
55,401300,38385,0.096,10,0,5639,2,1,0
18,309118,181445,0.587,15,2,47612,1,1,4
21,168016,19974,0.119,9,1,493888,0,1,3
43,240890,81773,0.339,29,0,556059,2,1,1
49,354036,156141,0.441,2,1,938287,2,0,1
57,87821,13862,0.158,1,2,689377,2,1,1
40,473604,81204,0.171,27,0,664452,2,1,1
52,431333,169330,0.393,23,1,583385,2,1,2
22,139471,13102,0.094,19,0,164435,2,0,1
44,200956,70670,0.352,28,1,428610,4,0,1
44,327957,107816,0.329,15,0,116331,0,1,1
54,370832,80127,0.216,15,2,300608,3,1,2
18,103702,52133,0.503,7,1,25180,2,0,3
52,159994,67782,0.424,11,0,428062,1,1,0
39,208551,80704,0.387,18,1,297310,0,0,2
32,79805,10363,0.13,25,1,264278,4,0,1
36,247751,12249,0.049,5,0,936422,4,1,0
34,138915,71982,0.518,24,1,391973,5,1,3
28,494229,167022,0.338,3,1,150672,2,1,2
64,261626,53176,0.203,11,0,792187,4,1,0
28,82968,25857,0.312,9,2,551928,3,0,3
53,224621,40812,0.182,17,2,850315,1,0,2
27,349569,160132,0.458,12,1,528006,0,1,3
37,316542,26444,0.084,20,2,386217,2,1,4
27,372622,207857,0.558,26,1,877501,3,1,3
31,201793,7256,0.036,6,2,577543,0,1,4
63,164855,65632,0.398,3,1,389306,1,1,0
64,376965,110339,0.293,3,1,477361,0,1,0
25,292882,10041,0.034,15,2,187437,2,0,4
32,283090,41798,0.148,8,1,770840,0,1,3
63,84124,41171,0.489,15,2,197556,1,1,4
22,362305,28753,0.079,27,2,240899,3,1,4
57,101107,48162,0.476,7,2,395414,3,1,2
51,389340,80947,0.208,19,0,507034,3,1,0
23,207231,38183,0.184,9,1,813973,1,0,2
45,451041,235996,0.523,25,2,171833,0,0,4
43,73445,21463,0.292,1,0,331988,2,1,0
41,461476,176954,0.383,6,2,143260,5,0,2
35,422507,181050,0.429,23,0,384315,4,1,1
35,314013,39411,0.126,30,2,912997,3,1,4
44,165172,47467,0.287,11,2,99420,4,0,2
40,197086,24640,0.125,25,0,19560,4,1,0
18,367409,164609,0.448,21,0,379765,5,1,2
34,361865,153283,0.424,9,2,541516,3,0,3
47,150942,74066,0.491,30,0,96966,3,1,1
52,43241,12296,0.284,14,0,805060,3,1,0
44,69348,10226,0.147,13,0,972388,5,1,0
32,38422,11470,0.299,6,2,518571,1,1,4
60,41996,12210,0.291,9,1,959482,4,0,0
44,183403,49380,0.269,16,2,361904,3,0,3
58,211116,81509,0.386,26,1,414082,3,1,1
32,47712,10694,0.224,18,2,871431,2,1,4
40,430423,193100,0.449,30,1,301998,2,1,3
33,43084,16930,0.393,29,1,540902,4,1,3
61,191372,29476,0.154,13,1,580718,1,1,1
32,116467,10615,0.091,26,1,349570,3,0,1
56,253717,14831,0.058,9,0,301366,5,1,0
41,214418,56056,0.261,22,1,410412,2,1,3
49,229639,33008,0.144,13,0,480607,3,1,0
54,443538,113756,0.256,18,2,702490,2,0,2
55,258046,142818,0.553,28,2,862185,4,0,2
22,141747,32492,0.229,17,1,415235,4,1,3
39,271006,15381,0.057,4,2,321197,4,0,1
47,283691,60859,0.215,26,0,492033,0,1,1
51,414687,62155,0.15,18,1,662804,1,0,1
42,35729,5976,0.167,19,1,95245,4,1,2
63,457683,269673,0.589,14,2,637333,4,1,2
33,124703,27949,0.224,18,2,383937,4,1,4
58,400420,221108,0.552,14,0,88744,5,1,0
37,125635,33927,0.27,2,2,140035,1,1,2
63,236577,16020,0.068,6,1,931856,2,1,1
60,98661,42491,0.431,3,1,566520,5,1,0
64,245314,141153,0.575,23,1,117266,0,1,2
49,439592,229636,0.522,29,2,395025,1,1,4
36,417628,81420,0.195,9,1,232172,4,1,1
32,288889,104859,0.363,11,0,601588,5,1,1
38,78314,5746,0.073,9,2,734948,0,1,4
43,205545,14210,0.069,8,2,28687,4,1,3
47,193574,19219,0.099,24,2,842602,5,1,3
56,84147,43297,0.515,17,0,499175,1,1,1
27,437819,92298,0.211,13,2,675521,5,1,3
64,432085,151843,0.351,5,2,993386,2,1,2
61,394639,27393,0.069,16,2,939458,3,0,1
37,358147,157096,0.439,22,2,218164,1,1,4
21,426621,131366,0.308,22,2,844325,4,0,3
31,417898,245767,0.588,9,1,480293,2,0,3
31,213253,31755,0.149,24,2,220148,1,1,4
33,210118,44519,0.212,18,0,924678,5,0,0
27,78219,11714,0.15,8,1,257183,0,1,3
42,167092,39821,0.238,20,0,688211,1,1,1
46,444208,181657,0.409,8,2,711761,2,0,3
32,187257,87168,0.465,3,2,501669,2,0,3
37,480558,266724,0.555,5,2,680231,3,1,3
54,142911,9650,0.068,4,1,45360,0,1,1
45,419177,60890,0.145,17,0,850316,3,0,0
59,410419,70768,0.172,8,1,44566,1,1,1
40,130678,71708,0.549,22,0,524447,5,0,0
24,235221,7917,0.034,6,1,242141,1,0,2
43,55158,6419,0.116,14,2,930124,2,1,4
52,44691,10198,0.228,19,2,118540,5,1,2
36,152040,10800,0.071,6,0,96585,5,0,0
64,412069,199310,0.484,20,0,756899,3,1,0
63,37879,18918,0.499,13,0,993939,5,0,0
35,172762,63514,0.368,26,2,986699,0,1,4
58,264972,93297,0.352,29,2,960103,1,1,3
21,415752,7525,0.018,25,1,70423,2,1,4
42,136562,64843,0.475,2,0,361590,5,1,0
35,196756,112966,0.574,11,1,209290,0,1,3
37,37628,16929,0.45,19,1,514818,4,1,2
48,423920,75050,0.177,23,2,48308,4,1,3
26,44771,24480,0.547,20,1,535929,0,1,4
29,437831,260719,0.595,28,1,756168,5,0,2
59,390903,50832,0.13,7,2,20893,5,1,1
61,108106,48145,0.445,13,0,595503,5,1,0
27,480991,189426,0.394,2,2,219885,3,0,1
45,165875,83331,0.502,30,1,671013,1,0,2
42,103521,51566,0.498,15,2,193220,5,0,3
57,262294,102444,0.391,27,0,618896,5,1,0
48,185408,96434,0.52,29,1,829122,5,1,3
57,24509,9526,0.389,22,1,691295,2,0,1
42,79289,9808,0.124,23,1,818329,5,0,1
48,350905,137086,0.391,17,2,460773,4,0,3
35,219192,9942,0.045,26,1,625635,2,1,3
54,204006,61209,0.3,18,1,85401,4,1,1
31,59819,15564,0.26,5,2,554686,4,1,3
21,453649,156105,0.344,23,0,998323,5,1,1
51,402701,116925,0.29,24,1,835677,2,0,1
46,52552,23792,0.453,2,0,707984,2,1,0
40,299429,158359,0.529,2,1,555635,3,1,1
45,247362,62714,0.254,11,0,638192,4,1,0
34,358600,47125,0.131,5,1,997463,2,0,2
29,407282,107643,0.264,15,0,246528,2,1,2
65,341391,80962,0.237,2,2,734818,4,1,0
65,73269,7439,0.102,28,0,796451,0,0,0
63,224999,34658,0.154,18,2,336802,0,1,3
61,451534,126118,0.279,5,0,438264,1,1,0
22,27721,7157,0.258,9,1,334803,5,0,1
34,302984,137280,0.453,3,1,656343,5,0,0
33,236631,101515,0.429,18,0,565538,5,1,2
35,201652,22331,0.111,5,0,272040,5,1,0
43,161336,21049,0.13,13,2,342523,4,1,3
65,434339,162079,0.373,10,2,28498,2,1,2
38,380146,41788,0.11,25,2,136715,1,1,4
65,454500,16804,0.037,12,2,925320,1,1,3
41,430420,10988,0.026,5,0,138165,4,1,0
30,42727,14399,0.337,21,0,565057,5,1,1
41,164371,33032,0.201,22,1,370209,2,1,3
46,250888,40389,0.161,7,0,572551,0,1,1
46,452426,207824,0.459,14,0,924337,5,1,0
45,403660,231468,0.573,8,2,138741,3,1,3
24,176588,40931,0.232,7,0,154944,4,1,1
36,242580,13095,0.054,30,0,270239,0,0,0
49,125373,64222,0.512,27,0,126394,1,1,2
48,468833,26045,0.056,10,1,209746,4,1,1
40,386737,211410,0.547,27,1,782476,2,1,3
59,54146,19356,0.357,6,2,136412,4,1,1
27,33997,8050,0.237,17,2,30278,5,0,3
55,149057,76899,0.516,16,2,601856,4,0,2
57,266740,72655,0.272,2,1,636778,2,1,0
25,138254,17231,0.125,19,0,866102,3,1,1
33,213949,119672,0.559,28,0,276981,2,0,1
42,349233,196101,0.562,26,1,2469,3,1,3
33,129655,62612,0.483,1,1,361741,0,0,1
30,223080,90893,0.407,6,0,643933,4,0,0
19,376286,71748,0.191,17,1,195149,2,1,3
47,243402,41444,0.17,7,0,465837,3,1,0
44,393914,169525,0.43,13,1,128013,1,0,2
38,295035,68246,0.231,30,0,801586,5,1,0
23,325583,160487,0.493,12,1,360396,3,1,3
40,86920,23540,0.271,17,0,918895,3,1,1
42,491531,165072,0.336,6,0,382617,5,1,0
44,439623,231170,0.526,3,2,354741,5,1,2
57,165244,74078,0.448,10,2,146601,2,0,2
36,479860,63235,0.132,21,0,799308,0,1,1
62,22412,7647,0.341,6,1,920842,4,0,0
61,376989,90733,0.241,9,0,675389,3,1,0
26,342754,22258,0.065,2,2,798609,3,1,2
31,41823,19182,0.459,1,0,468523,3,0,0
63,292182,110841,0.379,23,2,789870,4,1,2
45,233565,71310,0.305,6,2,88950,2,1,3
49,140934,79441,0.564,13,0,824710,5,0,0
28,329494,163024,0.495,30,1,797369,0,1,4
33,92406,26518,0.287,19,1,304783,0,0,2
30,103117,56489,0.548,26,1,916246,0,1,4
31,364330,111023,0.305,23,0,369135,2,1,2
26,271759,157392,0.579,28,0,691343,5,0,1
58,375506,86039,0.229,19,2,434100,2,0,2
43,82635,13595,0.165,20,2,536452,0,1,4
62,121678,34580,0.284,12,0,416534,3,1,0
29,224974,19444,0.086,2,1,113332,1,0,0
18,444968,37916,0.085,18,2,263277,1,1,4
19,469923,164742,0.351,27,0,314981,5,1,1
37,219714,41704,0.19,19,2,999380,4,1,3
39,62491,13495,0.216,30,0,753187,0,0,1
23,386223,112304,0.291,20,0,567540,5,1,1
22,303543,96050,0.316,1,1,115950,1,1,2
26,68577,29107,0.424,20,1,503951,4,1,3
23,167245,81408,0.487,25,2,682784,3,0,4
26,236100,129781,0.55,12,1,800005,3,0,2
32,189791,74880,0.395,17,2,75529,0,1,4
49,218402,32641,0.149,1,2,356460,3,0,1
56,26369,13544,0.514,20,2,654659,0,0,3
39,29409,16180,0.55,11,0,677095,3,1,0
22,488888,58387,0.119,28,1,471301,5,0,2
20,247351,91391,0.369,27,1,786220,0,1,3
32,134481,17988,0.134,15,2,721333,3,1,4
57,146097,10278,0.07,16,1,876821,4,1,1
52,94442,19298,0.204,2,1,51866,3,1,0
35,423160,204113,0.482,9,1,176201,3,1,2
31,444775,141832,0.319,16,1,378928,1,1,3
22,193636,38843,0.201,17,0,14433,0,1,2
60,475438,226760,0.477,7,2,645362,5,1,2
64,144018,7416,0.051,13,1,950175,1,1,1
28,140003,5207,0.037,25,2,283655,1,1,4
46,457747,66586,0.145,13,2,404013,5,1,3
22,278976,114266,0.41,23,2,149392,4,1,4
52,156474,42549,0.272,28,0,914342,1,0,0
39,294243,119159,0.405,11,1,595007,4,1,2
47,363440,75304,0.207,16,2,899980,2,1,4
62,315151,44232,0.14,1,1,748865,1,1,0
35,188964,33484,0.177,8,0,553119,5,1,0
21,174737,34205,0.196,20,2,698828,1,0,4
37,426610,105159,0.246,22,0,380261,1,1,1
28,230205,14880,0.065,16,1,874808,2,1,4
44,330213,71565,0.217,25,0,443709,0,1,1
31,431687,161328,0.374,23,1,658405,0,1,3
34,370710,103582,0.279,30,2,816055,4,0,3
29,276297,45760,0.166,26,0,778074,1,1,2
39,387244,197815,0.511,8,2,110283,0,1,4
57,362347,18000,0.05,30,1,624959,0,1,2
28,243764,42365,0.174,6,1,988049,3,1,2
32,58056,29197,0.503,11,2,497656,5,1,4
47,106315,15666,0.147,28,1,114439,2,0,2
43,408125,199530,0.489,6,2,156925,3,1,3
20,454804,34871,0.077,10,0,848716,3,1,1
60,484210,70116,0.145,15,1,335727,1,1,1
22,314016,87754,0.279,16,0,95363,3,1,1
32,309149,36475,0.118,20,1,76810,1,1,3
29,132177,44913,0.34,7,2,261731,0,0,3
54,402944,30682,0.076,22,1,870838,2,1,2
64,201680,48153,0.239,3,1,140601,3,1,0
35,399699,140655,0.352,11,2,927832,1,1,4
38,298905,147248,0.493,22,2,623738,1,1,4
23,440631,37657,0.085,10,2,17900,2,0,3
42,166050,54940,0.331,25,2,687391,5,1,3
38,460840,83385,0.181,1,0,924249,1,1,0
61,249483,112118,0.449,1,1,858783,0,0,0
26,62398,33097,0.53,10,0,769617,4,0,1
32,231650,109374,0.472,10,1,444854,5,1,2
35,51879,22018,0.424,6,2,397933,3,1,4
63,253101,140612,0.556,2,1,763961,0,1,0
43,100922,24906,0.247,3,2,64761,3,1,1
20,372160,123569,0.332,13,0,126728,5,0,0
51,361385,90016,0.249,30,2,354379,2,0,2
43,453030,90331,0.199,11,2,392623,5,0,2
64,330323,126170,0.382,7,0,54947,5,0,0
47,366336,105612,0.288,23,2,463544,2,1,4
30,431909,111212,0.257,2,0,201047,3,1,0
49,391868,50229,0.128,7,0,811700,0,1,1
47,327436,11300,0.035,27,2,156892,1,1,4
20,479246,140714,0.294,23,2,532640,4,1,4
22,167258,64085,0.383,4,1,773608,1,1,3
42,414515,63054,0.152,11,0,637340,1,1,1
59,121185,26858,0.222,26,2,396548,1,0,2
60,237493,43809,0.184,1,0,564116,5,1,0
22,495399,283100,0.571,15,0,739332,4,1,2
22,112959,38125,0.338,16,1,250180,0,0,3
52,218866,112406,0.514,3,2,778816,5,0,0
20,281870,146405,0.519,15,2,346197,5,1,4
63,369022,11137,0.03,29,2,128823,5,1,2
43,202874,99649,0.491,26,2,212269,5,1,4
30,365176,201008,0.55,25,0,916126,2,1,3
44,446551,131689,0.295,14,2,337060,3,1,3
33,111092,9965,0.09,9,0,175196,2,1,1
26,123318,19814,0.161,21,0,789805,5,1,1
28,308100,123225,0.4,12,0,568407,3,1,1
19,397296,62132,0.156,11,0,126092,4,0,0
62,428551,7602,0.018,8,1,872152,2,1,1
55,35903,16309,0.454,28,2,383522,1,1,3
39,81305,20106,0.247,14,1,29420,3,0,1
35,26846,9149,0.341,24,1,232796,5,0,2
30,265023,101080,0.381,2,1,354745,2,1,1
44,396455,71082,0.179,18,2,111693,3,1,3
25,24516,6259,0.255,2,0,876108,5,1,0
55,46365,8669,0.187,5,1,56350,4,1,0
57,375750,77585,0.206,29,1,266881,1,1,2
31,396920,224480,0.566,27,1,914015,1,1,4
47,37248,13246,0.356,1,1,864986,0,1,1
32,31164,5091,0.163,4,1,478057,2,1,2
59,24235,12509,0.516,29,2,565263,0,1,4
48,88649,49020,0.553,10,1,214483,0,1,3
56,372769,53707,0.144,20,1,742538,4,0,0
19,272514,123431,0.453,12,2,282982,2,0,4
63,273010,79233,0.29,29,1,963353,4,1,1
40,342469,95540,0.279,30,1,984364,4,0,1
62,111628,6339,0.057,29,2,63539,3,1,2
32,210000,100461,0.478,24,2,143915,3,1,4
61,249594,38301,0.153,2,2,663311,5,1,0
26,359014,119372,0.332,29,1,19369,2,1,4
35,130150,65216,0.501,18,0,804938,1,1,2
41,39789,5308,0.133,16,2,881340,3,0,3
19,116060,48959,0.422,2,2,37649,0,1,4
23,126643,71132,0.562,18,2,356001,2,1,4
61,20157,5922,0.294,23,2,977194,2,1,3
55,312391,5443,0.017,22,0,789342,1,0,0
27,427481,99499,0.233,18,0,710442,2,1,2
44,434053,80494,0.185,8,1,313249,0,1,2
18,227471,86393,0.38,8,1,32309,2,0,2
20,293724,25966,0.088,6,2,608903,0,0,3
44,403852,80306,0.199,28,1,655385,2,1,3
29,229992,108300,0.471,9,2,824841,0,1,4
31,427587,77905,0.182,24,1,660157,1,1,3
40,46831,14276,0.305,11,0,811246,2,1,1
37,238404,64389,0.27,9,0,921187,4,1,0
37,72832,36041,0.495,12,2,516391,0,1,4
25,349817,127343,0.364,11,0,54100,4,0,0
19,229330,95230,0.415,15,2,624987,2,0,4
63,205738,6702,0.033,18,2,434478,1,1,3
21,113988,13017,0.114,17,0,91529,0,1,2
30,397361,157135,0.395,23,1,417540,2,1,3
50,479412,155634,0.325,30,2,101367,1,1,3
58,30770,11309,0.368,25,2,288771,2,1,3
43,78074,22280,0.285,12,0,694473,0,1,1
21,276632,122068,0.441,21,2,764984,1,0,4
37,54531,30117,0.552,26,1,670773,1,1,3
46,80032,40385,0.505,21,2,101058,0,0,4
34,95961,33485,0.349,12,2,727118,0,1,4
19,251939,106107,0.421,2,1,345689,5,1,1
56,421790,174669,0.414,28,1,960981,2,1,2
23,105417,26880,0.255,19,2,944755,2,0,4
30,68741,18360,0.267,22,1,329083,0,0,3
22,420636,94059,0.224,6,2,817885,3,0,2
28,68162,35230,0.517,8,0,17572,3,1,1
45,86857,19810,0.228,8,0,32712,4,1,0
64,149443,69882,0.468,28,1,363798,3,1,1
35,392854,90765,0.231,29,1,509230,3,1,2
33,202713,31433,0.155,4,1,647280,5,0,1
44,343156,162042,0.472,11,0,514744,5,1,1
61,367315,173893,0.473,2,0,216006,0,1,0
26,142104,19407,0.137,1,0,269551,5,0,0
33,167052,92474,0.554,29,1,557806,1,0,3
55,97895,17855,0.182,7,0,745547,1,1,0
38,137526,42834,0.311,10,2,232125,0,1,3
61,422511,127500,0.302,14,1,367912,1,0,0
21,124152,72881,0.587,14,0,205378,2,1,2
26,409325,60189,0.147,16,0,104855,4,0,1
31,304467,23167,0.076,20,2,848419,2,1,4
58,383267,41738,0.109,19,0,818087,1,1,0
55,318059,82789,0.26,20,1,766766,5,1,1
35,246069,125804,0.511,4,2,751306,0,0,4
59,323071,168402,0.521,17,2,420067,1,1,3
32,496546,85125,0.171,20,1,165177,4,1,2
48,480278,180599,0.376,16,1,402009,5,1,2
52,334976,155738,0.465,9,1,12626,2,1,1
65,183323,57807,0.315,24,1,207791,1,0,1
20,222886,62267,0.279,18,1,134135,1,1,3
58,46484,14562,0.313,18,1,494915,4,1,1
65,471796,127838,0.271,21,2,976054,0,0,2
41,28892,16396,0.567,26,1,150461,1,1,3
28,295239,31634,0.107,16,1,961283,1,0,3
46,255919,108874,0.425,4,0,361477,1,1,1
45,73603,24350,0.331,29,1,784222,3,1,2
50,38403,15215,0.396,22,1,835151,1,0,1
47,271584,112915,0.416,17,2,975599,5,0,3
41,362080,127512,0.352,6,0,769943,4,1,0
23,278132,50301,0.181,4,0,638838,1,0,0
60,459447,76332,0.166,9,1,369945,3,1,0
37,45772,25951,0.567,28,0,891487,5,1,1
20,369465,110296,0.299,27,0,439219,5,1,1
55,263106,54790,0.208,7,2,393861,4,1,1
32,363101,64710,0.178,24,2,909371,0,1,4
36,29435,8479,0.288,18,0,485280,3,1,0
37,71382,11197,0.157,29,0,475747,5,1,1
20,328644,144787,0.441,27,1,80275,5,0,2
31,227926,48791,0.214,24,2,891971,3,1,4
63,148680,71820,0.483,29,2,169193,1,1,3
46,223247,35212,0.158,26,2,424572,3,1,3
50,321469,81003,0.252,9,0,781551,2,0,0
47,86300,25519,0.296,27,2,933679,2,1,4
21,165286,91958,0.556,11,1,473261,4,1,3
48,319044,7453,0.023,27,1,133375,5,1,2
34,70543,23556,0.334,24,0,447902,3,1,1
51,95714,29175,0.305,20,0,253061,1,1,0
58,139607,36589,0.262,3,2,595934,4,0,0
28,350557,102743,0.293,15,1,311533,2,1,4
27,318895,115859,0.363,7,2,975834,1,1,4
50,366847,128035,0.349,8,2,648944,1,1,3
38,472676,130300,0.276,23,0,483283,4,1,1
53,141456,50307,0.356,24,1,953711,2,1,2
64,289258,114548,0.396,4,0,782638,3,1,0
43,181261,5181,0.029,13,0,913427,2,0,0
27,293083,15072,0.051,19,2,986726,0,1,4
21,149729,34552,0.231,2,1,725308,4,1,1
65,155722,81380,0.523,2,0,751389,3,0,0
31,283926,9412,0.033,9,0,321831,3,1,1
24,340334,146688,0.431,9,2,950742,5,0,3
41,70465,16070,0.228,28,2,123927,3,1,3
64,315194,45377,0.144,12,0,241216,5,1,0
63,278054,29373,0.106,11,0,942122,4,1,0
44,216315,27168,0.126,4,1,683841,0,1,2
33,456417,99123,0.217,29,0,392289,5,1,1
24,192976,84752,0.439,13,1,814906,3,1,3
47,183082,19287,0.105,23,1,270685,1,1,3
39,466714,84030,0.18,21,0,514772,3,1,0
24,113374,8303,0.073,30,1,762903,2,1,4
30,47230,13122,0.278,19,0,490773,0,1,1
58,278821,20188,0.072,10,1,346762,3,1,0
56,445319,162422,0.365,19,1,968912,2,1,1
64,137383,15594,0.114,4,2,747111,4,0,0
28,342580,165965,0.484,16,0,567676,2,0,2
63,398155,209376,0.526,30,0,978886,0,1,1
63,275194,106751,0.388,26,2,409164,4,0,1
46,165900,11149,0.067,1,0,946522,5,1,0
46,417762,65560,0.157,2,1,77670,0,0,0
30,142684,5982,0.042,13,0,727649,5,1,0
49,320938,25753,0.08,13,0,986635,3,0,0
19,138058,62440,0.452,21,0,781087,4,1,2
56,96779,57848,0.598,27,2,182310,2,0,3
65,121945,45104,0.37,26,0,349172,2,0,0
29,115400,10167,0.088,6,2,855598,4,0,2
29,177336,5576,0.031,24,0,846319,1,1,2
18,465929,123217,0.264,12,2,725864,5,0,3
25,348911,103880,0.298,17,2,834647,1,1,4
19,280420,162800,0.581,2,2,389215,4,0,2
32,123115,32324,0.263,9,2,592747,1,1,4
40,82406,36352,0.441,12,2,544902,2,0,3
62,141896,24229,0.171,27,1,114461,3,1,1
54,99686,14701,0.147,29,1,809723,4,1,1
64,285425,133686,0.468,11,0,889690,2,1,0
34,460875,164540,0.357,28,2,615753,2,0,4
31,367614,56111,0.153,6,0,395269,4,1,0
52,403148,116441,0.289,23,2,64737,5,0,1
35,383093,117849,0.308,17,0,359149,3,1,1
65,364291,187837,0.516,6,0,416911,3,1,0
28,491712,203823,0.415,14,0,674988,0,1,2
34,426770,241797,0.567,18,1,658906,3,1,3
18,26140,6739,0.258,19,0,982511,4,1,1
47,303772,117398,0.386,12,2,83525,5,1,3
47,335247,11493,0.034,23,2,228943,5,0,3
39,152260,52243,0.343,18,0,318783,0,0,1
60,35451,9936,0.28,23,1,648751,2,1,2
53,454874,179759,0.395,11,1,424453,3,1,0
20,467494,234973,0.503,12,2,404624,2,1,4
60,359107,212504,0.592,22,0,888811,2,1,1
43,254359,104242,0.41,16,2,39959,2,0,4
42,266846,83391,0.313,10,1,455529,0,1,2
27,282372,86179,0.305,29,0,83544,2,1,2
53,432774,42817,0.099,24,2,907556,2,1,3
46,125784,22569,0.179,14,1,990688,1,0,1
19,37275,12882,0.346,21,0,864716,3,0,1
39,338253,164390,0.486,19,0,565527,0,1,2
25,22884,8579,0.375,28,0,149812,1,1,2
58,74860,23462,0.313,4,2,989987,2,1,2
40,413957,166282,0.402,30,0,450207,5,0,0
18,127978,59361,0.464,6,2,730867,4,1,4
45,434418,97228,0.224,23,2,513229,5,1,3
34,171688,101474,0.591,23,1,188101,3,0,2
20,308087,39487,0.128,18,0,434735,4,1,1
24,246829,47771,0.194,20,1,408714,2,1,3
60,327644,170957,0.522,8,0,480150,4,1,0
19,159598,42161,0.264,21,1,935679,1,1,3
46,203038,21973,0.108,5,1,829825,5,0,0
32,447062,237450,0.531,12,1,845234,0,1,3
36,295248,151927,0.515,21,2,296670,3,1,4
61,127729,72833,0.57,20,2,119773,2,0,3
59,273902,29587,0.108,20,0,307687,1,1,0
44,137930,28998,0.21,16,0,5786,3,1,0
47,93984,54461,0.579,4,2,966534,5,1,3
43,379696,16422,0.043,29,0,579584,3,0,0
61,71700,18786,0.262,3,2,458387,1,0,0
55,258045,121582,0.471,13,0,808167,0,1,0
40,483020,171679,0.355,20,2,52540,0,0,3
41,143480,74128,0.517,28,1,647773,3,0,1
20,418866,123913,0.296,17,0,483969,4,1,1
33,206723,11242,0.054,9,1,59328,5,1,2
35,329996,6992,0.021,27,2,684754,3,1,4
59,492293,33975,0.069,17,2,991315,3,1,2
27,322740,45653,0.141,25,0,892604,3,1,1
58,495074,70923,0.143,12,1,989950,3,0,0
22,372705,205155,0.55,22,0,566107,0,0,2
19,397061,194337,0.489,19,0,860210,2,1,3
20,410181,33357,0.081,17,0,948716,0,0,1
26,304188,15620,0.051,20,2,41503,2,1,4
46,219023,9254,0.042,14,2,102837,4,1,3
26,476544,156894,0.329,3,0,560290,5,0,0
47,80117,39830,0.497,25,2,118159,3,0,3
36,445445,108040,0.243,30,1,801807,2,0,2
61,85627,6884,0.08,25,2,85041,2,1,3
20,447965,18918,0.042,21,0,370432,5,0,1
21,238773,113715,0.476,25,1,730279,3,1,3
24,421549,84996,0.202,26,1,282934,2,1,4
42,57624,29177,0.506,6,2,655508,1,1,4
28,164610,97517,0.592,12,0,67899,4,1,1
47,218059,119499,0.548,2,0,405593,4,1,0
47,396781,28214,0.071,30,2,620937,1,1,4
33,401883,106401,0.265,21,1,922024,1,1,3
29,83807,13058,0.156,13,0,436520,3,1,1
33,203742,77180,0.379,3,0,478996,0,0,0
63,458602,252356,0.55,18,2,444403,1,1,4
26,127214,49938,0.393,29,0,510135,3,0,1
54,253888,111264,0.438,18,2,528059,0,1,4
28,407645,49765,0.122,11,2,355239,0,0,4
59,197010,101045,0.513,18,2,40345,2,1,4
63,474346,198982,0.419,16,0,843837,5,1,0
61,236261,126652,0.536,23,2,931883,2,0,3
36,446716,50577,0.113,15,0,642640,3,0,0
25,314431,63928,0.203,8,2,20428,2,1,4
52,145606,23132,0.159,7,1,779417,1,1,1
38,346950,40210,0.116,24,1,963478,4,0,1
59,105862,39539,0.373,12,1,888428,0,0,0
31,456138,65210,0.143,11,1,117790,0,1,3
31,283113,56031,0.198,18,0,822519,1,0,1
23,350169,112011,0.32,18,0,854858,4,1,1
28,267668,111881,0.418,22,2,629365,1,0,4
65,334614,112568,0.336,14,0,79949,0,0,0
50,418773,179391,0.428,15,0,879588,3,1,0
64,361066,113165,0.313,27,1,638409,5,1,1
50,177234,75203,0.424,8,2,448573,0,0,2
18,382440,180738,0.473,28,1,863709,0,0,3
64,232314,67236,0.289,5,0,963306,2,1,0
54,46455,21243,0.457,29,2,131720,5,0,2
30,228217,38588,0.169,11,2,377303,0,1,4
61,56984,23570,0.414,23,1,674043,5,1,1
62,31693,9142,0.288,17,2,612852,1,0,2
44,491150,256666,0.523,7,2,603430,1,0,3
61,275940,102347,0.371,7,2,400084,1,1,2
65,486656,190930,0.392,7,1,885330,5,1,0
36,110933,57990,0.523,28,0,317174,2,1,2
54,445646,139624,0.313,20,2,416838,5,1,2
21,336178,44379,0.132,27,0,200721,4,1,1
42,45619,26829,0.588,4,0,695694,1,1,1
42,455539,247379,0.543,9,2,379616,4,1,3
20,396861,128666,0.324,10,0,227757,2,1,1
60,136052,66490,0.489,14,1,199303,1,1,2
53,65915,15433,0.234,24,1,79146,0,1,2
25,453668,160668,0.354,29,0,812204,3,1,1
21,166295,15581,0.094,24,2,442657,4,1,4
33,244998,144535,0.59,13,0,791418,1,0,1
27,78687,10673,0.136,11,0,915292,4,1,1
65,311708,74692,0.24,28,0,737445,1,1,0
63,287805,8838,0.031,17,1,665738,2,1,2
46,264571,94806,0.358,29,1,683887,3,0,1
39,339200,31457,0.093,22,2,936557,2,1,4
58,95058,10030,0.106,6,1,136164,2,1,1
41,135645,53743,0.396,11,2,505653,5,1,3
55,126905,37821,0.298,29,1,484426,4,1,1
34,211695,26305,0.124,22,2,305328,2,1,4
42,132437,48201,0.364,1,1,869689,1,0,0
22,100625,54114,0.538,30,2,911118,5,1,4
63,423684,154533,0.365,17,2,381587,0,1,3
39,204396,5932,0.029,28,1,52381,0,0,2
52,444104,116422,0.262,10,0,688576,5,0,0
51,163990,17513,0.107,23,2,56263,2,1,3
33,103321,8407,0.081,10,1,17427,3,0,1
23,485115,141199,0.291,30,1,633218,1,1,4
60,417253,98159,0.235,7,1,224811,2,1,1
64,93334,50420,0.54,24,0,788148,4,0,0
19,361362,158127,0.438,14,0,333406,5,1,1
44,408189,242379,0.594,7,2,368980,1,1,4
59,343994,182025,0.529,6,0,797696,5,1,0
35,325168,147664,0.454,15,1,174903,4,1,3
22,231759,121104,0.523,22,2,770807,5,1,4
57,351402,147781,0.421,14,2,298684,5,1,2
57,442410,261024,0.59,8,0,449107,1,1,0
20,267590,123690,0.462,17,2,807079,4,0,4
36,246829,133996,0.543,19,0,966577,5,1,1
29,251616,150649,0.599,2,2,617238,0,1,3
42,279113,55390,0.198,29,0,630094,3,1,0
38,164560,10413,0.063,9,1,905021,3,0,1
62,213428,55920,0.262,21,0,309930,5,1,0
45,483606,272701,0.564,17,2,423205,3,0,3
57,334310,31887,0.095,9,0,227551,2,0,0
55,400961,166155,0.414,5,0,396158,5,0,0
39,246349,62676,0.254,22,1,553187,4,0,1
34,163291,89694,0.549,4,1,589551,4,0,1
26,406711,21830,0.054,19,0,100730,5,1,1
50,443544,199828,0.451,23,1,655765,4,1,1
37,116148,18153,0.156,17,1,289157,2,1,3
31,182377,12731,0.07,10,2,976679,2,0,3
20,20910,9012,0.431,11,1,87718,2,0,3
31,498581,158318,0.318,25,2,188898,4,1,4
45,415735,11112,0.027,1,1,267791,5,1,0
27,143620,74102,0.516,1,1,382066,5,1,1
64,98615,51804,0.525,8,0,867068,5,1,0
31,421765,92968,0.22,11,1,833808,3,0,1
64,335849,150328,0.448,10,0,902994,4,1,0
23,260494,127850,0.491,22,0,220170,2,0,2
25,471798,245348,0.52,16,2,41543,4,1,4
39,434437,243239,0.56,14,1,895005,5,0,1
35,179806,55605,0.309,7,0,154168,0,1,1
24,255718,43202,0.169,6,1,214271,4,1,2
44,134691,73096,0.543,6,1,131102,0,1,3
48,374235,26227,0.07,7,2,149746,4,1,3
36,376684,163298,0.434,6,0,614405,4,0,0
26,126320,43910,0.348,27,1,949528,2,1,4
18,357192,155117,0.434,18,0,181749,1,0,2
26,345976,139170,0.402,9,2,319263,0,1,4
65,427466,41382,0.097,16,2,495136,4,1,2
24,188373,104804,0.556,11,1,239133,1,1,3
33,495461,238793,0.482,23,2,658026,1,1,4
22,496514,240715,0.485,3,1,841591,4,1,1
62,38362,17919,0.467,1,2,841080,2,1,2
65,420305,18014,0.043,26,2,747762,5,1,2
24,418958,238629,0.57,5,1,369698,3,1,3
65,194991,19198,0.098,19,2,556392,3,1,2
31,437000,34340,0.079,10,1,678929,3,0,1
64,326355,6533,0.02,29,1,959887,4,1,1
53,185531,46287,0.249,21,1,650062,1,1,2
26,453895,99846,0.22,21,1,305815,3,0,2
30,375641,25706,0.068,5,1,13562,1,1,3
47,462466,170644,0.369,5,1,57264,0,1,2
36,233393,49944,0.214,11,2,688071,3,1,3
21,264279,66182,0.25,24,2,816861,2,1,4
62,110528,12676,0.115,4,0,147972,4,1,0
49,373480,182078,0.488,5,0,744057,0,1,1
24,279929,112904,0.403,20,1,835353,0,1,4
33,298659,158809,0.532,5,0,143999,5,1,1
31,405264,101017,0.249,21,1,176150,2,1,3
23,404537,213325,0.527,3,0,415146,4,1,0
19,479250,246255,0.514,13,2,338692,3,1,4
48,436104,164470,0.377,30,2,77156,0,0,3
21,125332,67630,0.54,7,2,755288,3,1,4
36,441934,190072,0.43,21,1,470426,4,1,2
30,486490,250997,0.516,29,1,641757,1,0,3
45,53059,30788,0.58,7,2,15223,3,0,2
47,203799,16391,0.08,1,1,951336,0,1,1
38,169850,95198,0.56,1,2,117608,2,0,2
40,213732,43708,0.204,17,1,109444,1,1,3
40,380449,210944,0.554,7,0,687027,4,0,0
56,451931,48889,0.108,27,2,668742,0,1,3
30,310412,98342,0.317,27,1,439834,2,1,3
26,54804,27789,0.507,6,1,130090,2,1,3
55,123482,26488,0.215,16,0,746907,1,1,0
57,249081,58685,0.236,10,1,470856,3,1,0
33,375506,27489,0.073,29,2,975602,4,1,4
39,96942,33167,0.342,4,2,401167,1,1,3
54,376139,213932,0.569,26,0,895199,5,1,0
53,347449,112594,0.324,20,0,408254,5,1,0
23,375620,155584,0.414,25,1,399828,3,1,3
56,226376,33055,0.146,26,0,910781,3,1,0
52,410521,101190,0.246,22,0,668388,5,1,0
58,475861,257933,0.542,26,0,500807,3,1,0
47,104767,38885,0.371,25,2,306095,5,1,3
33,481185,161450,0.336,2,2,626965,2,1,3
28,273683,151101,0.552,19,1,462533,1,1,4
64,373100,42879,0.115,26,1,556780,0,1,1
27,140283,36171,0.258,14,1,720127,5,1,2
27,232735,41777,0.18,24,1,742723,4,0,2
37,265036,132766,0.501,30,1,120097,4,1,3
27,88976,6545,0.074,20,0,839091,0,1,2
62,77872,26531,0.341,30,0,683792,2,0,0
27,110061,51416,0.467,5,1,958225,2,1,3
54,45895,7821,0.17,15,0,604578,1,1,0
47,336490,6395,0.019,24,1,35382,5,1,2
56,264036,83196,0.315,18,2,451616,3,0,1
26,472441,29331,0.062,24,0,306243,3,0,1
49,357840,167411,0.468,15,2,101872,5,0,3
32,64082,13298,0.208,18,0,458953,4,1,1
28,73583,12778,0.174,21,0,71882,5,1,1
18,270408,19715,0.073,10,0,626616,2,1,1
45,309915,102734,0.331,14,2,667380,1,1,3
20,31297,5537,0.177,26,0,54183,2,0,1
59,312230,113818,0.365,1,1,913665,2,0,0
32,143412,47829,0.334,27,1,362101,0,0,3
55,154886,34925,0.225,9,1,168878,1,1,1
23,54726,22680,0.414,6,0,857050,2,0,1
40,301756,88395,0.293,30,1,43927,5,1,2
31,407661,91257,0.224,13,2,346722,5,0,3
23,470919,254212,0.54,28,0,434076,5,1,2
34,97428,46462,0.477,22,2,20588,3,1,4
24,441603,15217,0.034,1,0,535844,0,1,0
20,487234,209296,0.43,5,1,936558,0,1,3
62,369166,61670,0.167,18,1,281190,1,1,2
43,323574,45711,0.141,19,0,487082,4,1,0
21,320915,74326,0.232,5,1,166950,3,1,2
19,434523,163201,0.376,30,0,284447,3,1,1
46,244751,107023,0.437,27,2,994157,1,0,4
34,130138,24678,0.19,16,1,428735,1,1,3
59,111006,23883,0.215,18,2,915573,5,0,1
36,67303,34746,0.516,18,1,43327,0,0,2
53,436793,168247,0.385,14,1,114952,5,1,0
29,321968,31056,0.096,12,2,389755,1,0,3
41,23196,6185,0.267,4,0,93270,2,1,0
44,306502,38849,0.127,12,2,991256,5,0,2
50,97895,36648,0.374,16,2,110971,1,0,2
56,361094,193436,0.536,19,1,893218,2,1,2
47,362975,86089,0.237,26,0,200744,1,0,1
28,83376,16853,0.202,18,1,525035,1,1,4
25,409371,165083,0.403,15,1,837388,0,1,4
23,106352,31499,0.296,25,2,174352,4,0,3
23,123837,62929,0.508,18,2,937357,5,0,4
39,460760,162953,0.354,3,1,625142,2,0,0
30,153789,29538,0.192,15,2,301034,0,1,4
65,305546,163296,0.534,17,1,856718,4,0,1
35,322575,36207,0.112,19,2,265899,5,1,4
64,361373,11121,0.031,17,2,874426,4,1,2
60,347880,87435,0.251,16,1,415050,5,0,0
44,440188,201531,0.458,17,1,875353,5,1,3
27,299387,25328,0.085,18,0,65749,1,1,2
60,438764,164447,0.375,13,0,711512,3,0,0
25,234625,102489,0.437,11,0,362825,1,1,2
36,367475,58811,0.16,20,1,503994,5,1,2
51,158677,86389,0.544,22,2,44865,3,0,2
56,415055,238970,0.576,3,2,577390,2,1,1
30,419521,144479,0.344,18,2,145344,3,1,4
53,402885,173844,0.431,29,1,295196,5,1,1
34,471829,76871,0.163,3,2,617178,1,1,3
48,384385,75343,0.196,7,0,137596,1,1,1
33,226272,98759,0.436,7,2,928021,1,1,4
63,498646,101714,0.204,22,2,233812,0,1,3
62,419635,14160,0.034,27,0,825130,0,0,0
18,188578,27879,0.148,20,0,996644,5,1,1
35,248170,23484,0.095,18,2,996008,4,1,4
20,496608,48386,0.097,6,1,684964,3,1,2
63,238347,12204,0.051,5,0,991556,0,0,0
21,36486,19774,0.542,17,2,407589,4,1,4
44,369215,142098,0.385,9,1,499257,4,1,1
47,283933,35353,0.125,5,1,751961,2,1,2
38,141918,70635,0.498,2,2,35110,3,1,2
25,193383,32387,0.167,10,1,640341,2,0,2
45,246138,109711,0.446,25,1,111895,2,1,3
53,32567,8817,0.271,22,1,852035,1,1,1
52,59080,29111,0.493,14,2,234027,0,0,2
44,248800,121293,0.488,29,1,298310,4,1,3
27,314467,40864,0.13,24,0,952716,0,1,2
40,336294,112167,0.334,24,0,928366,3,1,1
29,185465,88800,0.479,4,1,57848,5,0,1
42,257918,20860,0.081,3,0,319374,2,1,0
58,325479,60155,0.185,11,2,441991,5,0,1
18,384051,38057,0.099,25,1,599692,4,0,2
44,426201,17014,0.04,23,2,216578,3,1,3
34,426181,89769,0.211,20,0,290926,4,1,1
48,198779,93512,0.47,2,0,329575,4,1,0
41,269759,43216,0.16,15,0,172381,2,1,1
53,227572,63827,0.28,14,2,621014,5,1,1
59,452457,67397,0.149,27,0,555833,1,0,0
25,402647,97115,0.241,4,0,373516,5,0,0
36,197048,24330,0.123,9,0,380443,1,1,1
32,183328,103983,0.567,23,1,142633,1,0,3
53,282153,119291,0.423,30,1,776511,3,0,0
36,357899,100491,0.281,17,2,127791,2,1,4
56,113893,45544,0.4,15,2,412171,4,0,1
57,181943,7457,0.041,10,0,340519,3,1,0
39,22714,9546,0.42,18,0,883085,0,1,2
55,97807,7835,0.08,14,0,299117,5,0,0
58,89459,36558,0.409,5,2,823068,0,1,3
36,213257,51096,0.24,16,0,992444,3,1,0
27,211700,105568,0.499,6,1,113500,2,1,3
36,132784,28409,0.214,28,2,203641,5,1,3
33,96699,55347,0.572,9,2,251238,1,0,4
24,285594,13418,0.047,15,0,654864,4,1,1
37,23155,12364,0.534,9,2,128529,4,0,2
21,241268,102275,0.424,5,2,810410,3,1,4
63,443309,74683,0.168,20,2,395975,2,1,3
52,457035,194222,0.425,17,2,795630,3,0,2
25,468635,233162,0.498,30,0,712064,5,0,1
60,298809,67475,0.226,8,2,77892,0,1,3
40,491376,98004,0.199,17,2,414330,0,0,3
43,312113,70236,0.225,9,0,802729,0,1,1
27,288315,22874,0.079,26,1,583312,1,0,3
36,438583,157798,0.36,8,1,529427,0,1,2
39,339558,148904,0.439,6,0,512534,1,0,0
35,486243,70978,0.146,27,2,354339,4,0,3
19,490393,117683,0.24,27,2,110398,5,1,4
19,245374,48520,0.198,22,1,29899,2,1,4
45,413587,35193,0.085,12,2,105302,0,1,3
19,443088,81248,0.183,6,2,787099,5,1,3
34,451301,258006,0.572,22,0,668385,4,0,1
21,280235,95990,0.343,10,2,917277,1,1,4
30,389891,143760,0.369,18,2,238302,2,1,4
59,86057,35824,0.416,10,0,503296,5,1,0
63,127148,41069,0.323,14,2,982198,1,0,1
29,265978,13895,0.052,11,0,426230,3,1,0
62,163223,51165,0.313,13,1,792757,3,1,0
51,105402,51678,0.49,17,1,574971,1,0,1
22,211866,12155,0.057,17,1,714304,4,1,3
31,154123,69346,0.45,25,0,267819,3,0,1
47,195480,110680,0.566,11,2,557750,5,1,3
61,317661,171942,0.541,13,2,713692,4,0,1
56,181537,11027,0.061,26,0,752919,4,1,0
42,39546,18747,0.474,20,2,653500,3,0,3
64,212894,7897,0.037,2,2,319469,1,1,1
55,353275,159846,0.452,22,2,930811,0,1,4
56,447784,167795,0.375,13,1,717347,1,1,1
21,315346,156054,0.495,30,1,107030,4,1,3
39,156674,85957,0.549,27,2,315345,2,0,4
42,346831,171955,0.496,27,1,537457,5,0,2
25,286324,14766,0.052,11,2,666892,1,1,4
29,379362,225947,0.596,9,1,110397,4,1,3
43,258885,69610,0.269,12,0,8104,2,1,1
49,314975,102462,0.325,3,1,143681,3,1,0
63,202349,115265,0.57,29,0,302721,1,1,1
59,91449,53640,0.587,1,0,419424,2,0,0
61,281646,19646,0.07,1,0,86597,5,1,0
23,296967,135803,0.457,25,2,511504,3,1,4
40,462088,112871,0.244,26,1,665504,1,0,2
55,371290,145429,0.392,18,0,597438,5,1,0
56,298185,116407,0.39,7,1,614458,1,1,1
34,329415,21961,0.067,19,0,962741,3,1,1
53,197208,72448,0.367,11,1,810354,2,1,1
55,34837,14592,0.419,16,1,568941,1,1,2
47,227630,20297,0.089,30,0,348163,0,1,1
41,496247,292903,0.59,25,1,247835,1,1,3
53,392619,81069,0.206,20,2,368590,5,0,1
61,156238,12589,0.081,19,0,526888,4,1,0
65,359340,136137,0.379,11,1,340568,3,0,0
50,343665,94485,0.275,22,0,215739,0,1,0
47,449826,154344,0.343,27,2,210248,4,1,3
44,385006,167651,0.435,3,0,8828,0,1,0
23,473066,197305,0.417,14,0,618199,2,1,2
18,38018,19093,0.502,21,2,335033,3,1,4
37,297239,125452,0.422,8,0,567276,1,0,0
62,271457,71270,0.263,15,1,221554,1,1,1
47,376461,200975,0.534,5,1,75558,3,0,1
57,202886,114130,0.563,21,1,616560,0,1,2
54,266521,15892,0.06,20,2,786149,1,0,2
31,193507,95725,0.495,7,0,529808,4,1,1
36,102137,13940,0.136,29,0,870973,3,1,0
34,190790,14968,0.078,27,1,860858,0,1,3
43,167915,96196,0.573,26,0,736594,3,1,1
38,156997,36122,0.23,29,1,672275,5,1,2
53,341472,64602,0.189,11,1,537862,1,1,1
26,428042,118535,0.277,28,0,274751,1,1,2
30,290454,43069,0.148,26,1,834172,0,1,3
44,428314,61121,0.143,29,2,34421,4,1,3
57,102163,23639,0.231,24,2,222858,4,0,1
43,255982,37398,0.146,27,1,499348,2,1,3
23,181395,95980,0.529,11,2,692715,0,1,4
53,431803,211783,0.49,19,1,32185,5,1,1
61,87325,20307,0.233,2,0,170018,0,1,0
54,391462,147957,0.378,16,1,746637,0,1,2
38,484777,143527,0.296,6,1,853030,0,1,2
38,434568,76602,0.176,30,0,628276,2,1,1
21,412740,74603,0.181,13,0,929819,5,1,1
27,482486,252001,0.522,13,1,878594,2,1,3
24,467898,115633,0.247,1,1,395197,3,1,1
20,191911,77516,0.404,5,0,664572,1,0,1
57,390662,25592,0.066,12,0,889273,1,1,0
39,171808,61623,0.359,11,1,88979,1,0,1
29,238000,62937,0.264,10,1,451965,4,1,2
41,482814,208956,0.433,7,1,642214,5,0,1
59,496733,278331,0.56,22,0,752479,2,1,1
46,41602,21575,0.519,13,2,158926,2,0,3
37,65628,17483,0.266,6,1,919971,1,1,2
39,251495,22907,0.091,10,2,740737,5,1,3
42,251316,90656,0.361,9,0,267501,3,0,0
45,403626,225205,0.558,30,0,971945,5,1,1
38,354741,86697,0.244,10,0,749120,2,0,0
21,315411,103629,0.329,2,0,645009,3,1,0
50,80312,9403,0.117,17,2,139062,5,1,2
45,437850,141188,0.322,13,1,894205,3,1,1
57,474464,24788,0.052,17,0,532012,5,1,0
48,482341,137470,0.285,19,0,76479,1,0,0
35,181206,8266,0.046,9,2,780933,0,0,3
52,487997,73070,0.15,22,2,647195,1,1,3
51,197054,89077,0.452,1,1,150798,3,1,0
35,493495,164039,0.332,25,0,547473,4,0,0
52,405270,223501,0.551,27,2,807944,3,0,2
48,292006,103340,0.354,25,0,145497,3,1,1
34,30208,7231,0.239,2,0,347350,5,0,0
36,59916,30667,0.512,13,1,76427,4,1,2
38,296558,129668,0.437,5,0,830488,4,1,0
40,227481,107821,0.474,14,0,344602,2,1,1
24,199181,40116,0.201,18,0,941057,0,1,2
55,251680,113996,0.453,22,0,59789,0,1,1
47,339186,84548,0.249,20,1,422663,0,1,3
62,56395,22550,0.4,21,2,149596,0,1,3
18,273688,115150,0.421,13,1,135839,0,1,4
65,381386,91850,0.241,17,1,325630,0,1,1
18,246744,36088,0.146,10,0,21735,4,1,1
59,457663,128311,0.28,22,1,419875,1,0,1
20,227098,126502,0.557,29,0,775147,0,1,3
61,329604,116873,0.355,14,1,565882,4,1,0
55,186180,96521,0.518,9,0,952553,0,0,0
37,407249,45865,0.113,12,1,938931,3,1,1
29,255405,93738,0.367,6,2,511382,2,1,4
26,382155,196630,0.515,22,0,314031,3,1,2
63,325808,79274,0.243,4,1,241146,0,1,1
48,173403,102058,0.589,6,2,411027,5,0,2
19,165475,77494,0.468,17,1,94506,0,1,4
19,304134,158063,0.52,30,1,543422,0,0,3
50,457219,215495,0.471,5,1,354685,5,1,1
42,285850,147338,0.515,28,2,647843,0,0,4
30,65116,24928,0.383,23,2,270231,2,0,4
54,486682,162910,0.335,6,2,769867,1,1,2
31,154480,28878,0.187,21,0,979312,5,1,1
62,108647,63974,0.589,28,0,911682,4,0,0
52,231194,26345,0.114,30,0,844229,3,1,0
21,103258,30042,0.291,26,2,270092,2,1,4
33,176883,46522,0.263,23,2,452895,0,1,4
55,95085,32338,0.34,10,1,243574,1,1,1
32,324292,76501,0.236,23,1,635960,3,1,2
44,108122,61594,0.57,3,0,919846,1,1,0
23,250683,53303,0.213,2,0,329135,2,1,0
60,408694,154661,0.378,16,0,492659,2,1,0
27,112955,34603,0.306,28,1,335973,4,0,2
47,407986,89403,0.219,30,0,348493,2,1,1
62,231294,29479,0.127,24,2,755209,4,0,1
26,268185,143227,0.534,22,1,388230,0,1,4
58,134753,17237,0.128,4,2,384258,2,0,1
47,445277,130526,0.293,19,0,736725,2,1,1
57,33997,15750,0.463,30,0,232819,3,1,0
55,40199,5514,0.137,16,1,458248,0,0,1
18,449346,127494,0.284,3,0,758831,2,1,0
31,246198,91553,0.372,22,2,651890,0,1,4
26,61026,30336,0.497,16,0,669017,0,1,3
39,486299,92298,0.19,4,0,693457,3,1,0
38,233720,110071,0.471,27,0,54094,3,0,0
56,164527,33187,0.202,19,1,861500,5,0,0
64,320737,77296,0.241,8,2,20954,5,1,2
28,96893,57802,0.597,2,1,27277,4,1,1
63,200101,17167,0.086,7,2,814315,4,0,1
57,114188,41274,0.361,1,1,223590,5,1,0
32,476533,275738,0.579,28,2,129599,3,1,4
64,341407,40316,0.118,23,0,695174,3,1,0
28,45063,21848,0.485,4,1,857443,1,1,3
43,196389,66217,0.337,28,2,866286,0,1,4
29,162095,83406,0.515,1,0,522374,2,0,0
52,312279,117096,0.375,2,0,494541,5,0,0
59,164266,96182,0.586,20,1,823651,3,1,1
37,356788,8943,0.025,30,0,591316,5,1,1
27,303546,99860,0.329,9,0,285278,1,1,2
36,353241,200696,0.568,26,1,404487,4,1,2
42,481552,68968,0.143,22,2,107753,0,1,4
47,354383,99386,0.28,30,2,246507,5,1,3
45,47209,18763,0.397,1,1,566393,0,1,1
34,172936,70945,0.41,6,0,83471,2,1,2
37,474903,252487,0.532,17,0,324042,0,1,2
23,305228,41398,0.136,4,1,462621,0,1,3
41,109374,39075,0.357,13,2,64899,4,1,3
19,292730,99479,0.34,5,1,417294,2,1,3
45,417222,22470,0.054,4,0,76840,3,0,0
49,246772,100596,0.408,13,1,888848,5,0,1
64,44082,6865,0.156,10,2,158834,2,0,2
22,301393,8197,0.027,30,2,505506,5,1,4
65,314800,5606,0.018,2,0,389469,3,1,0
25,175336,104436,0.596,1,1,602886,1,1,2
22,25318,10562,0.417,17,1,282967,4,1,3
44,142418,7934,0.056,10,2,954605,1,1,4
32,212185,9687,0.046,8,1,581072,3,1,2
39,183789,65262,0.355,12,2,726400,1,1,3
56,494427,117453,0.238,22,0,801265,3,1,0
44,83795,42505,0.507,16,0,494472,0,0,1
24,128381,18612,0.145,2,0,41154,2,1,0
23,50971,6971,0.137,27,2,860659,2,1,4
55,350546,185910,0.53,25,1,377279,1,1,2
29,59812,8775,0.147,27,0,731162,3,1,1
36,329733,8534,0.026,6,0,935587,1,1,1
39,315251,138934,0.441,6,1,533272,2,0,2
49,60080,17839,0.297,20,1,361018,3,1,2
46,186891,19065,0.102,18,2,73969,0,1,4
24,49529,23262,0.47,18,0,51686,1,1,3
34,166681,24535,0.147,21,2,895950,0,1,4
18,237484,79405,0.334,10,0,274329,3,1,1
31,27676,9544,0.345,13,0,197435,1,1,1
31,94227,48638,0.516,6,0,466277,1,1,2
18,220788,6382,0.029,18,2,981851,3,1,4
43,246895,86117,0.349,19,1,159895,4,1,2
29,71036,18319,0.258,7,1,709684,0,0,2
44,125734,42118,0.335,12,1,308810,2,1,2
26,401825,240493,0.599,14,2,946718,5,1,4
44,238595,5877,0.025,21,1,217285,2,1,3
37,378773,118140,0.312,5,1,703830,0,1,2
47,113411,13499,0.119,10,2,321710,4,0,2
63,151421,71941,0.475,9,0,621853,3,0,0
41,398578,33957,0.085,25,2,503344,2,0,3
43,303235,136972,0.452,15,1,553010,3,0,2
59,30687,5583,0.182,27,2,694878,1,1,3
49,234986,112941,0.481,29,1,791796,2,1,3
26,235138,29053,0.124,9,2,219171,5,1,4
37,129573,16246,0.125,22,1,629399,5,1,2
39,67313,18199,0.27,4,0,107127,4,1,0
44,426544,49047,0.115,1,0,988028,2,1,0
37,282935,17333,0.061,24,1,978062,4,1,2
64,327727,54021,0.165,11,2,172647,5,1,2
43,190843,86678,0.454,9,1,829622,5,0,1
23,443419,254482,0.574,4,2,617413,0,1,4
51,392356,201747,0.514,12,2,812851,2,1,3
46,91813,32619,0.355,2,0,376519,4,1,0
19,428119,115930,0.271,7,1,36652,3,0,1
63,79019,13204,0.167,30,0,851665,4,1,0
45,91564,34445,0.376,12,0,895867,1,0,0
43,199871,52429,0.262,20,0,331205,4,1,0
19,399891,72713,0.182,5,2,968645,2,0,3
39,255352,117642,0.461,16,1,389999,2,0,2
57,296982,106224,0.358,14,1,514650,1,0,0
36,204248,60421,0.296,19,1,55244,0,0,2
45,235963,126299,0.535,21,0,586757,4,1,1
47,408977,22503,0.055,25,2,624854,1,1,4
38,172759,53409,0.309,15,0,957602,0,0,1
38,149739,24733,0.165,27,0,636238,0,1,1
39,215755,119687,0.555,19,0,673585,2,1,2
47,446059,223061,0.5,7,2,307392,4,1,3
32,469292,127268,0.271,23,0,135427,3,1,1
23,238070,136110,0.572,5,2,534606,0,0,4
61,130723,28783,0.22,7,1,219286,3,1,0
65,31398,18814,0.599,13,0,407988,2,1,0
56,442227,114809,0.26,29,1,895893,3,1,1
46,65384,34917,0.534,12,1,612443,1,1,3
60,343465,200468,0.584,25,1,979776,5,1,1
56,355101,184654,0.52,29,0,537241,4,1,0
30,353850,162579,0.459,30,1,274143,2,1,4
18,399795,67249,0.168,11,0,933932,3,1,1
48,73546,20383,0.277,18,1,885252,1,1,3
62,246371,104294,0.423,12,1,96155,1,1,2
39,466375,116870,0.251,3,2,619454,0,1,2
43,93640,52746,0.563,11,0,391655,3,1,1
50,162395,85086,0.524,4,0,652479,0,1,0
64,408998,19880,0.049,9,0,882716,3,0,0
58,391935,171244,0.437,12,0,587583,5,1,0
27,399003,193571,0.485,14,0,392365,3,1,1
23,85580,34607,0.404,23,0,551033,1,1,3
27,465386,63235,0.136,29,1,619573,2,0,3
59,45276,15271,0.337,21,2,681333,1,0,2
50,245833,42603,0.173,13,1,532665,2,1,1
57,287072,14604,0.051,30,0,144849,4,1,0
62,123949,9261,0.075,16,1,561594,2,0,1
65,54537,32337,0.593,3,2,259850,5,0,0
53,239459,17023,0.071,16,0,362331,4,0,0
19,123030,69889,0.568,15,2,49054,0,1,4
44,237522,98399,0.414,6,1,946794,0,1,3
33,184197,16638,0.09,27,0,353266,4,1,1
37,152730,30150,0.197,4,1,694783,2,1,2
45,278634,21867,0.078,9,1,962944,5,1,1
38,337275,46452,0.138,24,1,520242,0,1,3
23,47578,6908,0.145,12,2,450083,0,0,3
25,189258,96340,0.509,3,2,427373,5,1,3
19,337797,145180,0.43,30,2,739166,0,1,4
18,483197,173671,0.359,3,1,6984,0,1,2
44,213332,84266,0.395,4,0,903007,5,1,0
23,131606,67653,0.514,3,0,960109,5,1,0
54,401565,217313,0.541,2,1,616438,2,0,0
32,268514,55817,0.208,7,0,305076,4,1,1
58,73694,5733,0.078,8,1,699649,1,1,1
20,390931,19358,0.05,2,1,212192,0,1,2
23,300844,179612,0.597,26,0,97760,3,1,2
57,293493,37768,0.129,13,0,62985,3,1,0
37,331869,6548,0.02,26,0,619017,2,1,1
41,128296,66976,0.522,4,1,211057,0,1,3
52,48709,7139,0.147,23,2,150175,4,1,2
57,426509,103582,0.243,10,0,945058,2,1,0
53,333776,103861,0.311,27,2,868513,3,1,2
61,38376,22416,0.584,20,2,87936,1,0,3
64,108904,27730,0.255,24,0,587466,0,1,0
30,40122,5583,0.139,28,0,254259,1,1,2
29,122874,33364,0.272,28,1,89950,0,1,3
56,88335,23239,0.263,1,1,50209,2,1,0
63,124875,48921,0.392,5,2,592451,4,1,1
37,127102,56507,0.445,28,0,441939,5,1,1
55,169542,24734,0.146,16,0,614775,0,1,0
25,182360,72310,0.397,30,1,37432,3,0,2
25,304641,33283,0.109,22,0,775422,0,1,2
56,452125,257046,0.569,17,0,27682,0,0,0
35,172477,93790,0.544,5,2,430726,1,1,4
40,499218,282534,0.566,14,2,582141,1,1,4
26,191578,112296,0.586,16,2,213929,3,0,4
64,21258,12052,0.567,7,2,406744,1,1,3
25,362688,82400,0.227,21,0,199479,5,1,1
49,396061,222584,0.562,17,2,733711,0,1,4
